group	cand	verdict	kind	severity	bugType	priority	impact	unit	origin	file	line	tested	skeptic	title	reason
webapp-glamour	webapp-glamour-01	CONFIRMED	BUG	LOW	Edge case	N/A	N/A	apps/web-app	MAIN	apps/web-app/src/services/chara-resolve-service.ts	127	no		chara-resolve-service resolveCharaEquipment sends unbounded model lanes/glasses id; one lane >0xffff 400s the whole resolve and the Reader reports an outage	core readModelLane/readGlassesId accept any finite >0 and floor (chara-parser.ts:498-513); api-worker lane() rejects >LANE_MAX 0xffff for the whole body with 400 (router.ts:42,63-75,133-146); client maps any !ok to CharaResolveUnavailableError (chara-resolve-service.ts:156-161) -> resolveState 'unavailable' (glamour-block.ts:370-371) -> 'Item names unavailable' note (en.json:1269) for every piece. Only hand-edited/corrupt files (game lanes are uint16), so LOW.
webapp-glamour	webapp-glamour-02	REJECTED							MAIN	packages/core/src/services/chara/chara-parser.ts	475				No new wrong result: any stainId that matches no dye (e.g. integer 200) already takes the designed '#<id>' fallback (glamour-block.ts:839,844; glamour-list-actions.ts:99); 3.5 just shows the file's raw value through the same honest path. Push is chara-parser.ts:474-476.
webapp-glamour	webapp-glamour-03	REJECTED							MAIN	apps/web-app/src/components/glamour-block.ts	1716				Decided and disclosed: PRIVACY.md:35-38 names this exact local-only fallback (nickname -> file name) for on-device saves; the community path never reads it (glamour-block.ts:1706-1708). The log lines are logger.info, which is dev-only (shared/logger.ts:152-155).
webapp-glamour	webapp-glamour-04	REJECTED							MAIN	apps/web-app/src/components/glamour-tool.ts	136				Disclosed behaviour on the player's own navigation: PRIVACY.md §Character files (lines 39-45) describes the resolve request; the Reader's card (PR #223) states it; payload is non-personal model integers; the candidate's own fix offers 'accept as disclosed'. Origin is MAIN (syncBlock->show->startResolve at 8ecb878f; #223 changed copy only).
webapp-glamour	webapp-glamour-05	CONFIRMED	BUG	LOW	State	N/A	N/A	apps/web-app	MAIN	apps/web-app/src/components/glamour-twin-picker.ts	234	no		glamour-twin-picker (role=dialog) and item-links-menu never register with ModalService, so global 1-9/Shift+T/L/S shortcuts fire while they hold focus	Picker is role=dialog (line 98) appended to body; its document keydown handles only Escape (226-234) and list handler only arrows/Home/End, no ModalService.registerExternal (export sheet does, glamour-sheet.ts:428). keyboard-service.ts:155 only suppresses when hasOpenModals(); a radio is not text entry, so '2' navigates and Shift+T flips theme behind the open dialog. Cosmetic/inconsistent, nothing lost.
webapp-glamour	webapp-glamour-06	REJECTED							MAIN	apps/web-app/src/services/chara-file-loader.ts	46				Matches the documented 'only the newest may publish / the one the player picked last' contract (chara-file-loader.ts:30-35): an oversize B (line 51) behaves exactly like a B that fails to parse — A is superseded by the player's own later pick, B's refusal is toasted, the prior session is untouched.
webapp-glamour	webapp-glamour-07	REJECTED							MAIN	apps/web-app/src/shared/acquisition-edits.ts	69				Claim is accurate (~2N+2 full read+JSON.parse plus one write per keystroke, no cache, no maxLength) but at a realistic store of a few KB that is microseconds per keystroke; only a self-inflicted MB-sized paste (bounded by the localStorage quota) is slow. Expected gain none at realistic sizes.
webapp-glamour	webapp-glamour-08	CONFIRMED	REFACTOR	N/A	N/A	LOW	N/A	apps/web-app	MAIN	apps/web-app/src/components/glamour-block.ts	147	no		glamour-block DYEABLE_SLOTS duplicates core chara-gposers private DYEABLE with a 'change both' comment	Identical 7-slot sets at glamour-block.ts:147-155 and chara-gposers.ts:84-92, linked only by a comment (lines 144-145). Drift risk is in membership only, which is a stable game fact; the block deliberately still draws accessory dyes via its non-dyeable branch (819-822) while the export drops them, so the sets' users already diverge on purpose.
webapp-tools-a1	webapp-tools-a1-01	CONFIRMED	BUG	HIGH	State	N/A	N/A	apps/web-app	MAIN	apps/web-app/src/components/swatch-tool.ts	466	no	HIGH	swatch-tool setConfig applies ConfigController's full swatch config (default hairColors/SeekerOfTheSun/Female) over tool-local eyeColors/Midlander/Male state	Every hop is traced. The sidebar writes a partial, the controller merges it into stored or default values and broadcasts the whole object, and swatch setConfig treats colorSheet/race/gender as authoritative. Nothing ever writes the tool's colorSheet into the controller.
webapp-tools-a1	webapp-tools-a1-02	CONFIRMED	BUG	MEDIUM	State	N/A	N/A	apps/web-app	MAIN	apps/web-app/src/components/swatch-tool.ts	520	no	MEDIUM	swatch-tool setConfig needsReload branch nulls selectedColor but leaves matchedDyes, result cards, SEND TO ids and an enabled share button	The reload path clears only selectedColor. matchedDyes, the rendered cards, the handoff ids and the share-button state survive the palette change.
webapp-tools-a1	webapp-tools-a1-03	CONFIRMED	BUG	MEDIUM	State	N/A	N/A	apps/web-app	MAIN	apps/web-app/src/components/swatch-tool.ts	1579	no	MEDIUM	swatch-tool pickCharaSlot sets a slot selectionContext but keeps the earlier grid selectedColor/matchedDyes, so CLOSEST DYES, share and SEND TO describe the old cell	The slot pick and the grid pick write different state. The UI then mixes the two: the card describes the slot while the dye list and handoffs describe cell A.
webapp-tools-a1	webapp-tools-a1-04	CONFIRMED	BUG	MEDIUM	Logic	N/A	N/A	apps/web-app	MAIN	apps/web-app/src/components/swatch-tool.ts	2807	no	MEDIUM	swatch-tool findMatchingDyes filters after a top-(maxResults*3) request, so strong dye filters return fewer than maxResults; closestDyeTo ignores filters	Same filter-after-limit shape as the fixed /v1/match/within-distance bug. It is reachable with the shipped vendor/craft exclusion filters.
webapp-tools-a1	webapp-tools-a1-05	CONFIRMED	BUG	MEDIUM	Logic	N/A	N/A	apps/web-app	MAIN	apps/web-app/src/components/gradient-tool.ts	1809	no	MEDIUM	gradient-tool calculateInterpolation seeds usedDyeIds with endpoints only, so a free step before a pinned step can match the pinned dye undeduplicated	The asymmetry is unconditional in the code. Whether the duplicate shows depends on dye geometry, but a step interpolating toward a pinned anchor is the likely case.
webapp-tools-a1	webapp-tools-a1-06	CONFIRMED	BUG	MEDIUM	State	N/A	N/A	apps/web-app	MAIN	apps/web-app/src/components/gradient-tool.ts	365	no	MEDIUM	gradient/swatch loadFromShareUrl applies share settings to tool-local state only; the next ConfigController notification reverts them	The share-link state never reaches the controller. Any later broadcast carries the controller's stale values, and setConfig applies them.
webapp-tools-a1	webapp-tools-a1-07	CONFIRMED	BUG	LOW	State	N/A	N/A	apps/web-app	MAIN	apps/web-app/src/components/swatch-tool.ts	405	no		swatch-tool registers its window resize listener with this.on in onMount; BaseComponent.update() unbinds it on a language switch and never re-adds it	The listener lives in the listeners map that update() clears. Nothing re-registers it, and nothing remounts the tool on a language or viewport change.
webapp-tools-a1	webapp-tools-a1-08	CONFIRMED	BUG	LOW	Resource	N/A	N/A	apps/web-app	MAIN	apps/web-app/src/components/gradient-tool.ts	635	no		swatch/gradient renderLeftPanel rebuilds CollapsiblePanel/MarketBoard/DyeSelector on every update() into the element renderRightPanel clears, without destroying the previous instances	Each update() orphans subscribed child components. They keep re-rendering and relaying service events into live tool callbacks. Bounded by language switches, so LOW.
webapp-tools-a1	webapp-tools-a1-09	CONFIRMED	BUG	LOW	State	N/A	N/A	apps/web-app	MAIN	apps/web-app/src/components/swatch-tool.ts	2341	no		swatch-tool.ts updateHandoffRow: SEND TO does a full reload with window.location.assign, so the in-memory .chara session is dropped	swatch-tool.ts:2341 binds each SEND TO chip to window.location.assign(target.url), which is a full document load. chara-session-service.ts:10-11 says the session is kept in memory only by design, so a reload clears it. The loaded character is lost on every SEND TO click.
webapp-tools-a1	webapp-tools-a1-10	CONFIRMED	BUG	LOW	Edge case	N/A	N/A	apps/web-app	MAIN	apps/web-app/src/components/gradient-tool.ts	1990	no		gradient-tool.ts result-card slot picker (Set as End/Start) has no same-dye guard, and endpoint rows render cards	calculateInterpolation pushes the start and end dyes as the endpoint rows' matchedDye. renderIntermediateMatches renders a card for every row with showSlotPicker=true, and compact cards still show actions. add-mixer-slot-2 then sets selectedDyes[1]=startDye with none of selectDye's sameDyeWarning or swap guard. The transform-gradient half of the claim cannot be reached: cards only exist when both endpoints are set, so that path always takes slotsFull.
webapp-tools-a1	webapp-tools-a1-11	CONFIRMED	BUG	LOW	State	N/A	N/A	apps/web-app	MAIN	apps/web-app/src/components/gradient-tool.ts	262	no		gradient-tool.ts loadSelectedDyes drops persisted custom-colour endpoints and moves the remaining dye into the Start slot	saveSelectedDyes (301-304) stores d.id, which is the negative synthetic id from makeCustomDye. loadSelectedDyes (266-269) maps those ids through getDyeById, which returns null for them (dyesByIdMap miss), and then filters the nulls out. The array is positional (startDye = selectedDyes[0]), so the surviving end dye moves into Start. Nothing syncs the URL, so a plain reload reads from storage.
webapp-tools-a1	webapp-tools-a1-12	SUPERSEDED	BUG	N/A	N/A	N/A	N/A	apps/web-app	MAIN	apps/web-app/src/components/swatch-tool.ts	2424	no		swatch-tool.ts / gradient-tool.ts copy-hex clipboard .then without .catch (dead path)	The code is unreachable: 'copy-hex' is one of the six legacy ContextAction members that result-card.ts never emits. DEAD-003 removes swatch's whole handleContextAction (2418-2428) and gradient's legacy cases (2088-2109), including both clipboard calls.
webapp-tools-a1	webapp-tools-a1-13	CONFIRMED	UNTESTED	MEDIUM	Untested behavior	N/A	N/A	apps/web-app	MAIN	apps/web-app/src/components/__tests__/swatch-tool.test.ts	723	partly	LOW	swatch-tool.test.ts and gradient-tool.test.ts: the filter-application, reverse-rematch and displayOptions-merge tests assert only not.toThrow()	Each named test asserts only not.toThrow(). The dyeFilters test (723-733) checks no match output, the 're-runs the reverse match' test (790-796) checks no reverseMatchedSwatches after the sheet change, and the displayOptions merge test (715-721) checks no merged state. Gradient's it.each (948-956) and the stepCount test (973) are the same, apart from one storage write. Line 553 asserts only leftPanel.children > 0.
webapp-tools-a1	webapp-tools-a1-14	CONFIRMED	REFACTOR	N/A	N/A	LOW	N/A	apps/web-app	MAIN	apps/web-app/src/components/swatch-tool.ts	1041	no		swatch-tool.ts (3146 lines) and gradient-tool.ts (2755 lines): duplicated desktop/mobile selector code already drifts (mobile steps skip pinnedSteps.clear), a dead left panel and drawer, and a mojibake literal at gradient-tool.ts:825	The drift is real. The desktop steps slider (gradient-tool.ts:895-906) calls pinnedSteps.clear(), while the mobile one (2428-2439) does not. V4 passes drawerContent: null and leftPanel === rightPanel, and renderRightPanel clears that element (973), so the mobile and left-panel copies are built and then discarded. The mojibake bullet at 825 is on main. No dead-code entry covers the panel or drawer removal.
webapp-tools-a2	webapp-tools-a2-01	CONFIRMED	BUG	MEDIUM	State	N/A	N/A	apps/web-app	MAIN	apps/web-app/src/components/harmony-tool.ts	313	no	MEDIUM	harmony-tool.ts LanguageService.subscribe -> update() rebuilds an empty harmonyGridContainer and never regenerates harmonies	update() runs renderContent and renderRightPanel (1048-1137), which build a fresh empty grid. HarmonyTool has no onUpdate, and the rebuilt DyeSelector's setSelectedDyes (dye-selector.ts:486) does not emit selection-changed, so nothing calls generateHarmonies. Graded MEDIUM, not HIGH: a language switch is infrequent and the next interaction restores the results.
webapp-tools-a2	webapp-tools-a2-02	CONFIRMED	BUG	MEDIUM	State	N/A	N/A	apps/web-app	MAIN	apps/web-app/src/components/mixer-tool.ts	607	no	MEDIUM	mixer-tool.ts language update() recreates resultsSection with display:none; matches, Export and Share vanish	renderRightPanel (1372+) creates resultsSection with 'display: none' and an empty grid. Nothing afterwards calls showEmptyState(false) or renderResultsGrid (no onUpdate in mixer-tool), so with both slots filled the results are hidden. MEDIUM: an infrequent action, fixed by the next interaction.
webapp-tools-a2	webapp-tools-a2-03	CONFIRMED	BUG	MEDIUM	State	N/A	N/A	apps/web-app	MAIN	apps/web-app/src/components/mixer-tool.ts	188	no	MEDIUM	mixer-tool/budget-tool never seed dyeFiltersConfig from persisted config at mount	config-sidebar.ts:893-908 persists dyeFilters into the mixer and budget configs. ConfigController.subscribe (config-controller.ts:346-362) never replays, and neither the Mixer constructor (188-205) nor Budget's constructor or onMount reads dyeFilters, so both start from DEFAULT_DYE_FILTERS. MEDIUM: filters are opt-in.
webapp-tools-a2	webapp-tools-a2-04	CONFIRMED	BUG	LOW	State	N/A	N/A	apps/web-app	MAIN	apps/web-app/src/components/budget-tool.ts	201	no		budget-tool.ts ignores persisted ConfigController displayOptions at mount; showHue/Stain/Spectrum always reset to true	The constructor reads only the local v3_budget_show_* keys (221-228). The sidebar broadcast (config-sidebar.ts:862-873) writes only the ConfigController budget config, and subscribe does not replay, so the comment at 173 ('ConfigController replays them') is false. LOW: only target-card display rows are wrong (cosmetic).
webapp-tools-a2	webapp-tools-a2-05	CONFIRMED	BUG	MEDIUM	Race	N/A	N/A	apps/web-app	MAIN	apps/web-app/src/components/budget-tool.ts	546	no	MEDIUM	budget-tool.ts findAlternatives has no run guard; a superseded run overwrites this.rows after a newer run	The target and threshold captured before await fetchPrices are reused after it. A superseded fetch returns an empty Map (market-board-service.ts:359-365), but the continuation still writes this.rows (582-598) and renders. Reordering needs two overlapping uncached batches with different keys, such as the mount fetch plus an early slider tick or selectDye. After the first fetch the consolidated IDs come from cache. Edge path, hence MEDIUM.
webapp-tools-a2	webapp-tools-a2-06	CONFIRMED	BUG	MEDIUM	State	N/A	N/A	apps/web-app	MAIN	apps/web-app/src/components/budget-tool.ts	328	no	MEDIUM	budget-tool.ts in-page match-line slider writes only local storage; next full budget-config broadcast resets it to ConfigController maxDeltaE	The live slider (rendered from renderMain:737; handler 991-998) never updates ConfigController. setConfig (config-controller.ts:306-334) notifies the full merged config, so a later displayOptions, matchingMethod or dyeFilters write carries maxDeltaE 8. clampMatchLine(8) differs from 14, so the match line is reset, persisted and refetched, and the slider thumb is left at 14.
webapp-tools-a2	webapp-tools-a2-07	CONFIRMED	BUG	MEDIUM	Logic	N/A	N/A	apps/web-app	MAIN	apps/web-app/src/components/budget-tool.ts	1229	no	LOW	budget-tool.ts saveSwapRecord breaks 216-gil ties by database order, not by ΔE	priceOf gives every tier-A row gil = CONSOLIDATED_DYES.A.price (216). The reduce uses strict < over this.rows, which is in getAllDyes order (582-598, unsorted), so the first Standard dye in range is saved, not the closest. Save swap is live (renderTargetOverview:1191). MEDIUM: an edge feature.
webapp-tools-a2	webapp-tools-a2-08	CONFIRMED	BUG	MEDIUM	Logic	N/A	N/A	apps/web-app	MAIN	apps/web-app/src/components/budget-tool.ts	428	no	MEDIUM	result-card setAsBudgetTarget is overridden by a preserved ?dye= that budget-tool handleDeepLink applies	setAsBudgetTarget (result-card.ts:1216-1220) stores v3_budget_target and calls navigateTo('budget') with no params. navigateTo copies PRESERVED_PARAMS including dye (router-service.ts:105, 186-189), and Harmony never clears its URL. Budget's onMount handleDeepLink (428-435) then resolves the stale dye and overwrites the target. DEAD-003 removes only the legacy 'budget' cases, not inspect-budget.
webapp-tools-a2	webapp-tools-a2-09	CONFIRMED	BUG	MEDIUM	State	N/A	N/A	apps/web-app	MAIN	apps/web-app/src/components/harmony-tool.ts	454	no	MEDIUM	harmony-tool.ts handleDeepLink: a stale preserved ?dye= overrides the user's later base-dye pick	Harmony saves a new pick to storage only (harmony-tool.ts:959-963, 1985-1990) and never rewrites the URL. router-service.ts:105/188 PRESERVED_PARAMS carries the old dye= across every tool switch, and v4-layout.ts:559/600 remounts Harmony. onMount (harmony-tool.ts:328) then hands that dye to handleDeepLink (:577-606), which replaces and persists the restored dye. Any handoff or 'Inspect in Harmony' leaves dye= in the URL for the rest of the session. Budget's handleDeepLink reads the same param too (context only).
webapp-tools-a2	webapp-tools-a2-10	CONFIRMED	BUG	MEDIUM	State	N/A	N/A	apps/web-app	MAIN	apps/web-app/src/components/budget-tool.ts	442	no	MEDIUM	budget-tool.ts handleDeepLink: ?maxDelta= changes matchLine after the slider and label were rendered	init renders the slider at :984 and the label at :957 from the stored matchLine. onMount then calls handleDeepLink (:297), which sets matchLine at :445 without touching matchLineValueDisplay, the slider value or renderMain. setConfig (:335-340) does update both labels. findAlternatives (:546-614) never re-renders the match-line section, so the ledger filters at the link's value while the slider shows the stored one. Budget share links always carry maxDelta (:1246). Only ciede2000 is affected; other methods disable the slider.
webapp-tools-a2	webapp-tools-a2-11	CONFIRMED	BUG	LOW	Resource	N/A	N/A	apps/web-app	MAIN	apps/web-app/src/components/harmony-tool.ts	1067	no		harmony-tool.ts renderRightPanel: each render adds a new matchMedia listener; destroy removes only the last	renderRightPanel runs on every update() (renderContent :265). Each run builds a new MediaQueryList and adds onRailBreakpoint, and destroy (:435) removes it from the latest list only. Language changes (:312) and every deep-link mount with dye (handleDeepLink's update() at :601) leave earlier lists firing renderTypeRail, also after the tool is destroyed. The effect is a latent leak with redundant DOM work.
webapp-tools-a2	webapp-tools-a2-12	CONFIRMED	BUG	LOW	State	N/A	N/A	apps/web-app	MAIN	apps/web-app/src/components/budget-tool.ts	292	no		budget-tool.ts onMount: forces and persists the global market.showPrices=true and never restores it	setShowPrices(true) goes to ConfigController.setConfig('market', {showPrices}) (market-board-service.ts:251-257), which persists to localStorage. destroy (:303-311) never restores the old value, so a user who turned prices off has them on, and fetching, in Harmony/Mixer/Comparison after one Budget visit. This is distinct from webapp-v4-shell-01, which covers the sidebar not re-reading the value; this covers the persisted write.
webapp-tools-a2	webapp-tools-a2-13	CONFIRMED	BUG	LOW	State	N/A	N/A	apps/web-app	MAIN	apps/web-app/src/components/budget-tool.ts	503	no		budget-tool.ts / mixer-tool.ts: theme-dependent inline colours are not refreshed on a theme change	tierRamp (:504), accent (:517), renderVerdict (:1260), the ledger (:1431) and mixer spreadTone (mixer-tool.ts:1150) read ThemeService.isDarkMode() once, at render, into inline hex styles. The only ThemeService.subscribe callers are theme-modal.ts:60 and v4-app-header.ts:82, so neither tool re-renders on a theme switch. The effect is cosmetic until the next re-render.
webapp-tools-a2	webapp-tools-a2-14	CONFIRMED	BUG	LOW	Edge case	N/A	N/A	apps/web-app	MAIN	apps/web-app/src/components/mixer-tool.ts	1271	no		mixer-tool.ts renderMixingField: a cell with no eligible match prints ΔE 0.0	`findMatchingDyesEngine(...)[0]?.distance ?? 0` makes an empty pool render as 0.0, which reads as an exact match. The pool can be emptied from the sidebar filters: the 125 dyes are 85 Dye Vendor + 9 Firmament + 20 Coffers + 11 Cosmic, so excludeVendorDyes + excludeCraftDyes + excludeCosmic exclude all of them.
webapp-tools-a2	webapp-tools-a2-15	CONFIRMED	BUG	LOW	Edge case	N/A	N/A	apps/web-app	MAIN	apps/web-app/src/components/mixer-tool.ts	213	no		mixer-tool.ts loadSelectedDyes: a legacy third slot is restored, giving an equal-weight 3-way blend	loadSelectedDyes restores slot 2 (:222) and blends every non-null slot, so blendColorsInternal takes the equal-weight blendColors path, ignores mixRatio, and the field is suppressed (:1164). loadFromShareUrl (:676-717) overwrites only slots 0 and 1, so a recipient's stale slot 2 turns a shared pair into a 3-way blend that ignores ratio. No storage migration trims the key; only pre-42f0579f (2026-08-08) storage has the slot. It clears on the first selector pick (:1038) or selectDye (:803).
webapp-tools-a2	webapp-tools-a2-16	CONFIRMED	OPT	N/A	N/A	N/A	LOW	apps/web-app	MAIN	apps/web-app/src/components/harmony-tool.ts	406	no		mixer-tool.ts field-cell click renders the field twice; harmony-tool.ts market change runs a superseded price pass	Confirmed only in part. The mixer cell handler (mixer-tool.ts:1305-1312) calls updateCraftingUI, which always runs renderMixingField (:1827), then calls renderMixingField again: 30 blends and 30 full-pool ΔE scans are done twice. The Harmony 'two requests' claim is wrong at the network level: core getPricesForDataCenter merges identical in-flight batches (APIService.ts:986-1003, OPT-001). Only one superseded MarketBoardService pass and an extra strip/card update remain.
webapp-tools-b	webapp-tools-b-01	CONFIRMED	BUG	MEDIUM	State	N/A	N/A	apps/web-app	MAIN	apps/web-app/src/components/comparison-tool.ts	211	no	MEDIUM	comparison-tool.ts renderContent: a language switch rebuilds the results empty and leaks the previous left-panel components	update() (base-component.ts:148-163) re-runs renderContent only. renderRightPanel (842-958) rebuilds every section display:none with the empty state visible, and nothing calls updateResults, so 2-4 selected dyes show 'select dyes' with Export/Share hidden. The old DyeSelector, MarketBoard and panels are never destroyed. Narrowed: the 'drops the 3 dyes' consequence is false. In V4 leftPanel===rightPanel (v4-layout.ts:636-640), so the new selector is detached and never fires selection-changed, and addDye pushes onto the intact this.selectedDyes.
webapp-tools-b	webapp-tools-b-02	CONFIRMED	BUG	MEDIUM	State	N/A	N/A	apps/web-app	MAIN	apps/web-app/src/components/accessibility-tool.ts	247	no	MEDIUM	accessibility-tool.ts renderContent: a language switch leaves the lens grid, pair readout and cards hidden, and drops custom colours	updateResults runs only from onMount (277-285), not from update(). renderRightPanel (726-760+) rebuilds the empty state visible and the selected, lens and pair sections display:none. renderDyeSelector's storage restore (565-576) overwrites selectedDyes with the dyes it can resolve, so custom colours (negative ids, not in getAllDyes) are lost from a mixed selection.
webapp-tools-b	webapp-tools-b-03	CONFIRMED	BUG	MEDIUM	Logic	N/A	N/A	apps/web-app	MAIN	apps/web-app/src/components/comparison-tool.ts	1914	no	MEDIUM	comparison-tool.ts buildSevenReadouts: the ΔE2000 tier skips tierFor's 0->1 bump, so it contradicts the verdict when matchThreshold < 5	tierFor (1190-1197) returns 0 only below matchThreshold and otherwise bumps a band tier of 0 to 1. The readout loop (1914-1915) takes classifyBandTier and forces 0 below the threshold, but never bumps. The ciede2000 match cuts are [5,10,20] (band-vocabulary.ts:94), and the sidebar slider allows 1-15 (config-sidebar.ts:1257-1260).
webapp-tools-b	webapp-tools-b-04	REJECTED	BUG	N/A	N/A			apps/web-app	MAIN	apps/web-app/src/components/dye-grid.ts	431	partly			The dye-grid code reads as described, but no production path puts a DyeGrid on screen. Every tool is constructed only in v4-layout.ts:600-703 with leftPanel===rightPanel===mainPanel and drawerContent:null; renderRightPanel clears that container after renderLeftPanel builds the DyeSelector (mixer-tool.ts:584-587 documents this), so a user can never Tab to a dye button. Not in the dead-code catalog, so REJECTED rather than SUPERSEDED.
webapp-tools-b	webapp-tools-b-05	REJECTED	BUG	N/A	N/A			apps/web-app	MAIN	apps/web-app/src/components/accessibility-tool.ts	686	no			Both checkbox handlers are unreachable in production. renderVisionToggles (668, called from renderLeftPanel:517) renders into mainPanel, and renderRightPanel:728 then clears it. renderDrawerVisionToggles (1765) runs only when drawerContent is set, and V4 passes null (v4-layout.ts:624-628). The live toggle path is setConfig, which already reconciles (BUG-096).
webapp-tools-b	webapp-tools-b-06	CONFIRMED	BUG	LOW	Edge case	N/A	N/A	apps/web-app	MAIN	apps/web-app/src/components/comparison-tool.ts	2437	no		comparison/accessibility getShareParams: Share stays enabled for an all-custom-colour selection that yields dyes:[]	Confirmed for an all-custom selection only. disabled is computed as selectedDyes.length===0 (2451-2455) while the params filter out stainID-null entries. Comparison: validateShareParams (share-service.ts:668-672) rejects, and the button shows 'Invalid share params: Missing required parameter: dyes'. Accessibility (1927-1946): there is no validation case, so a link that restores no dyes is copied. A mixed selection sharing fewer dyes is documented by design (the selectCustomColor docstrings say custom colours never enter share URLs).
webapp-tools-b	webapp-tools-b-07	CONFIRMED	BUG	LOW	Error handling	N/A	N/A	apps/web-app	MAIN	apps/web-app/src/components/extractor-tool.ts	2037	partly		extractor-tool.ts fetchPricesForRoll: the catch, parseMarketError and lastMarketError are unreachable because every layer below swallows fetch failures	MarketBoardService.fetchPricesForDyes catches everything and returns an empty Map (market-board-service.ts:399-410), so the extractor's catch never runs and marketError is never set. Below it, core APIService.fetchBatchPriceData (APIService.ts:654-674) also turns HTTP and network failures into an empty Map, so a proxy outage reports lastFetchOutcome 'ok'. The suggested lastFetchOutcome fix would therefore not fire. Tests pass only because they mock the service to throw, which cannot happen in production.
webapp-tools-b	webapp-tools-b-08	CONFIRMED	BUG	LOW	State	N/A	N/A	apps/web-app	MAIN	apps/web-app/src/components/comparison-tool.ts	1236	no		comparison-tool.ts ensureActivePair: the index-based pair survives a removal and swaps out the surviving member	Corrected repro. The original (remove a bench dye) is unreachable in V4: bench chips only swap (1534-1538), and the left-panel remove buttons are detached. Duel cards do call removeDye (1493), and removeDye (2010-2018) never resets activePair, so stored indices that are still in range point at different dyes.
webapp-tools-b	webapp-tools-b-09	CONFIRMED	BUG	LOW	Edge case	N/A	N/A	apps/web-app	MAIN	apps/web-app/src/components/dye-selector.ts	290	no		dye-selector.ts handleGlobalKeydown: activeElement guard is blind inside the shell's shadow root, so '/' is swallowed in tool inputs	Tools mount inside V4LayoutShell's shadow root (v4-layout.ts:473-485 getContentContainer), so document.activeElement is the <v4-layout-shell> host and dye-selector.ts:290 never sees INPUT. A '/' typed into any shadow-side field, including the DyeSelector's own search box, is preventDefaulted. keyboard-service.ts:111-133 already documents and fixes this exact retargeting.
webapp-tools-b	webapp-tools-b-10	CONFIRMED	BUG	LOW	State	N/A	N/A	apps/web-app	MAIN	apps/web-app/src/components/dye-selector.ts	680	no		dye-selector.ts updateFavoritesPanel hardcodes the 8-column grid and overrides compactMode's 3-column favourites layout at mount	It is worse than claimed. onMount (dye-selector.ts:464-470) calls updateFavoriteDyes right away, and subscribeFavorites fires immediately too (collection-service.ts:1020-1026). So updateFavoritesPanel (:680) swaps in the 8-col grid at mount, and the compact grid-cols-3 (:588-590) is never visible once any favourite exists. compactMode:true + showFavorites:true are used by comparison/accessibility/gradient/harmony/mixer.
webapp-tools-b	webapp-tools-b-11	CONFIRMED	BUG	LOW	Edge case	N/A	N/A	apps/web-app	MAIN	apps/web-app/src/components/image-zoom-controller.ts	714	no		image-zoom-controller.ts touch handlers: a second finger does not cancel the drag, so a two-finger gesture commits a colour sample on lift	touchstart (image-zoom-controller.ts:710-719) returns on touches.length!==1 and leaves isDragging=true from the first finger. touchmove bails on 2 touches, then the first lifted finger's touchend (:744-760) passes the isDragging guard and calls sampleColorAtArea at that point. The card's touch-action:none (extractor-tool.ts:874) means a pinch attempt has no browser effect, only an unintended sample.
webapp-tools-b	webapp-tools-b-12	CONFIRMED	BUG	LOW	Logic	N/A	N/A	apps/web-app	MAIN	apps/web-app/src/components/image-zoom-controller.ts	607	no		image-zoom-controller.ts Ctrl-drag pan ignores the centring margin, so a fitted image jumps on the first pan move	autoFit leads to fitToWidth/fitToScreen, which call resetPan and updateZoom(...,true), so isCentered=true and margin = centring + panOffset (:359-365). The Ctrl-drag mousemove (:600-610) writes margin = panOffset+dx and drops the centring term. On a fitted image with a non-zero centring margin, the first move jumps by that margin; mouseup (:655-664) then sets isCentered=false, so the jump persists.
webapp-tools-b	webapp-tools-b-13	CONFIRMED	BUG	LOW	Logic	N/A	N/A	apps/web-app	MAIN	apps/web-app/src/components/comparison-tool.ts	1969	no		comparison-tool.ts renders the market price row from its own showMarketPrices flag, while the service's showPrices (default off) blocks fetching	Defaults: comparison displayOptions.showPrice=true (tool-config-types.ts:356/:459, comparison-tool.ts:115) but market.showPrices=false (:414). fetchPricesForDyes filters on shouldFetchPrice, which returns false when !showPrices (market-board-service.ts:297, :321), so the cards render 'Market · Crystal' with '—' forever (result-card.ts:1046, :1684-1691). Harmony, gradient, mixer and swatch share the ungated pattern; only the extractor ANDs it (extractor-tool.ts:1989).
webapp-tools-b	webapp-tools-b-14	CONFIRMED	UNTESTED	LOW	Untested behavior	N/A	N/A	apps/web-app	MAIN	apps/web-app/src/components/__tests__/accessibility-tool.test.ts	438	no		accessibility-tool.test.ts: typeof/not.toThrow tests leave the language rebuild (update keeps results) and the checkbox lens reconcile unpinned	accessibility-tool.test.ts:438-445 and :459-478 assert only typeof==='function', and :445-451, :480-496 and :533-548 assert only not.toThrow. The file never calls update(), never changes language and never toggles the in-tool vision checkbox. e2e/accessibility-checker.spec.ts only checks that a switch flips its checked state. Results-survive-update and active-lens reconcile are pinned nowhere.
webapp-v4-shell	webapp-v4-shell-01	CONFIRMED	BUG	MEDIUM	State	N/A	N/A	apps/web-app	MAIN	apps/web-app/src/components/v4/config-sidebar.ts	676	no	MEDIUM	config-sidebar.ts connectedCallback: local copies of 9 config keys never refresh after an external ConfigController write	connectedCallback (669-701) subscribes only to swatch and harmony. The shell is created once (v4-layout.ts:169) and only gets active-tool updates (:319). budget-tool.ts:292 setShowPrices(true) writes market.showPrices (market-board-service.ts:251-256). mixer-tool.ts:692 writes mixer.mixingMode. resetAllConfigs notifies every key (config-controller.ts:369-385), but 'settings-reset' has no listener. Worse: after a reset, toggling any display option sends the stale pre-reset allOptions back to global (config-sidebar.ts:857, display-options-v4.ts:333).
webapp-v4-shell	webapp-v4-shell-02	REJECTED	BUG	N/A	N/A	N/A	N/A	apps/web-app	MAIN	apps/web-app/src/components/v4/v4-layout-shell.ts	141	no		v4-layout-shell.ts:141 100vh host on mobile	The 'unreachable' claim is not supported. html/body carry no overflow lock (globals.css:169-172 sets only overflow-x; index.html has an unstyled #app), so a 100vh document taller than the toolbar-visible viewport still scrolls. Default scroll chaining from the inner scroller then hides the toolbar. The candidate admits it was never tried on a device.
webapp-v4-shell	webapp-v4-shell-03	CONFIRMED	BUG	MEDIUM	Logic	N/A	N/A	apps/web-app	MAIN	apps/web-app/src/components/v4/dye-palette-drawer.ts	1194	no	MEDIUM	dye-palette-drawer.ts renderSwatch: swatch is a click-only div, so keyboard users cannot pick a dye from the app-wide picker	The .swatch div (1194-1199) has @click only: no role, no tabindex, no keydown. A grep for keydown|tabindex|role= in the file finds none. The star is opacity:0 and visible only under .swatch:hover (492, 505-508), with no focus or hover:none rule. The Custom colour (1125) and Favourites (1238) headers are click-only divs. The custom-hex box picks a colour, not a dye.
webapp-v4-shell	webapp-v4-shell-04	CONFIRMED	BUG	LOW	Logic	N/A	N/A	apps/web-app	MAIN	apps/web-app/src/components/v4/dye-palette-drawer.ts	782	no		dye-palette-drawer.ts filterByType: Metallic chip matches English name (14) instead of the gloss set isMetallic (16)	Line 783 filters on name.includes('metallic'), and dyes.json has 14 such names. METALLIC_STAIN_IDS (dye-vocabulary.ts:63-70, decided 2026-07-30) holds 16 IDs, including 92 Gunmetal Black and 93 Pearl White. DyeDatabase.ts:257-260 derives isMetallic from that set, and DyeFilter.ts:38 already uses it.
webapp-v4-shell	webapp-v4-shell-05	CONFIRMED	BUG	LOW	Logic	N/A	N/A	apps/web-app	MAIN	apps/web-app/src/components/v4/v4-layout-shell.ts	863	no		v4-layout-shell.ts re-emits composed child events without stopPropagation, so v4-layout handlers run twice	emit() is bubbles+composed (base-lit-component.ts:110-117). These shell handlers re-emit without stopping the original: config-change (863), clear-all-dyes (919), theme/changelog/about/language (936-962) and advanced (997). handleDyeSelected (911) does stop it. The v4-layout listeners on the host therefore fire twice. This is latent only: the modal shows are guarded (e.g. advanced-options-panel.ts:376) and tool setConfig is change-gated (budget-tool.ts:324+).
webapp-v4-shell	webapp-v4-shell-06	REJECTED	BUG	N/A	N/A	N/A	N/A	apps/web-app	MAIN	apps/web-app/src/components/v4/dye-palette-drawer.ts	861	partly		dye-palette-drawer.ts handleRandomDye ignores filters	This is the documented intent: the docblock at 858-859 says 'Select a random dye from all available dyes'. The claimed wrong state is supported anyway. Budget handles consolidated targets through the tier logic (budget-tool.ts:456-526, 1115), and a user reaches that state by re-enabling spectra. A product call, not a defect.
webapp-v4-shell	webapp-v4-shell-07	CONFIRMED	BUG	LOW	Edge case	N/A	N/A	apps/web-app	MAIN	apps/web-app/src/components/v4/v4-layout-shell.ts	138	no		v4-layout-shell.ts static styles have no @media print: browser print is one clipped page including chrome	The only @media print in src is v4-layout.css:17, which sets only the host background. Its comment (18-21) says chrome hiding has to live in the shell's static styles, and none exists there. The :host rule (138-149, 100vh, overflow hidden) and the overflow-y:auto content scroller clip the printout to one sheet. Cosmetic: the app has no print feature.
webapp-v4-shell	webapp-v4-shell-08	REJECTED	REFACTOR	N/A	N/A	N/A	N/A	apps/web-app	MAIN	apps/web-app/src/components/v4/config-sidebar.ts	918	partly		config-sidebar.ts duplicated display-options/dye-filters blocks	The brief's REFACTOR bar is size that hides a correctness risk, and none is shown. The cited divergence is inert: handleDisplayOptionsChange's first parameter is the unused _tool (838), so Presets passing 'harmony' does nothing. The accessibility visibleGroups=['colorFormats'] is deliberate. Lit diffs of hidden sections over constant bindings are negligible.
webapp-v4-presets	webapp-v4-presets-01	CONFIRMED	BUG	MEDIUM	Logic	N/A	N/A	apps/web-app	MAIN	apps/web-app/src/components/v4/preset-tool.ts	635	no	MEDIUM	preset-tool.ts reconcileTombstones/saved pool: saving a local-* palette duplicates it and tombstones it as 'Removed by its author'	preset-card.ts:419-433 always renders Save (only the vote button is gated on isFromAPI). toggle() stores a local-x snapshot, so the saved case of currentTabPool (preset-tool.ts:744-760) returns it twice. reconcileTombstones (:635-641) skips only isCurated, so local-x is marked deleted and both cards get the tombstone chip.
webapp-v4-presets	webapp-v4-presets-02	CONFIRMED	BUG	MEDIUM	Race	N/A	N/A	apps/web-app	MAIN	apps/web-app/src/components/v4/preset-tool.ts	631	no	MEDIUM	preset-tool.ts loadPresets: no supersede guard; reconcileTombstones checks the current searchQuery, not the one fetched	loadPresets (:586-618) has no sequence guard. handleSearchInput clears searchQuery at once, but the in-flight 'x' fetch then lands, sets this.presets and calls reconcileTombstones, whose guard (:631) reads the now-empty query. Every saved community preset outside the 'x' results gets markDeleted, which persists to localStorage; an out-of-order landing leaves the stale pool showing.
webapp-v4-presets	webapp-v4-presets-03	CONFIRMED	BUG	MEDIUM	Error handling	N/A	N/A	apps/web-app	MAIN	apps/web-app/src/components/v4/preset-tool.ts	859	no	MEDIUM	preset-tool.ts handleCardVote: every failed vote is shown as 'already voted'; a failed removeVote is silent	voteForPreset never throws on failure: it returns success:false with errorCode voteFailed/network/notLoggedIn (community-preset-service.ts:394-441). handleCardVote's else branch (:859-863) marks the card voted and toasts alreadyVoted without checking already_voted. A failed removeVote has no else branch at all. preset-detail.ts:821-826 already branches correctly.
webapp-v4-presets	webapp-v4-presets-04	CONFIRMED	BUG	LOW	Error handling	N/A	N/A	apps/web-app	MAIN	apps/web-app/src/components/v4/preset-detail.ts	699	partly		preset-detail.ts checkVoteStatus: a failed hasVoted check overwrites the vote count with 0	hasVoted returns {has_voted:false, vote_count:0} on a non-OK or network failure (community-preset-service.ts:522-535). checkVoteStatus (preset-detail.ts:697-701) applies any vote_count that is not undefined, so currentVoteCount becomes 0. Graded LOW: display-only and transient, since failures are not cached.
webapp-v4-presets	webapp-v4-presets-05	CONFIRMED	BUG	LOW	State	N/A	N/A	apps/web-app	MAIN	apps/web-app/src/components/v4/preset-tool.ts	915	no		preset-tool.ts handleVoteUpdate: votedIds is not synced from the detail view, so card and detail vote state diverge	handleVoteUpdate (:915-921) replaces only the preset/voteCount and never touches votedIds (:113). The detail's vote-update event carries no voted flag. After voting in the list and un-voting in the detail, the card still shows Voted, and clicking it calls removeVote, whose failure is silent.
webapp-v4-presets	webapp-v4-presets-06	CONFIRMED	BUG	LOW	Logic	N/A	N/A	apps/web-app	MAIN	apps/web-app/src/components/v4/result-card.ts	1126	no		result-card.ts handleMenuClick/handleSelectClick: stopPropagation keeps other cards' open menus from closing	handleMenuClick (:1125-1128) and handleSelectClick (:1094-1095) call stopPropagation. The click therefore never reaches the document listener (:1459-1466, registered at :1487) that closes the other cards' menus, so card A's menu stays open while card B's opens. No test covers click-away. Not among the dead-code catalog's ContextAction removals.
webapp-v4-presets	webapp-v4-presets-07	CONFIRMED	BUG	LOW	Logic	N/A	N/A	apps/web-app	MAIN	apps/web-app/src/components/v4/preset-tool.ts	775	no		preset-tool.ts categoryCount/renderTabs: counts ignore feedBlend, feedHideUnbuyable, keepDeleted and the saved search, and the Saved badge omits local palettes	categoryCount (:775-786) builds its own base: community is always presets.filter(!isCurated), with no feedBlend or feedHideUnbuyable; saved has no keepDeleted filter and no search on the snapshot half. The tab badges (:996-1014) use savedList.length (no local palettes) and the raw community count. currentTabPool (:739-772) applies all of these, so counts and the list disagree.
webapp-v4-presets	webapp-v4-presets-08	CONFIRMED	OPT	N/A	N/A	N/A	LOW	apps/web-app	MAIN	apps/web-app/src/components/v4/preset-tool.ts	1001	no		preset-tool.ts handleSearchInput/sort: refetches the API pool with a spinner on Saved/Mine tabs whose pools are local	handleSearchInput (:998-1005) and a sortBy change (:395-398) always call loadPresets, which shows the grid spinner (renderGrid :1076) on every tab. The saved pool filters locally and is never sorted by sortBy, and mine ignores both search and sort. On those tabs the refetch is wasted and the Sort button changes nothing visible.
webapp-v4-presets	webapp-v4-presets-09	CONFIRMED	UNTESTED	MEDIUM	Untested behavior	N/A	N/A	apps/web-app	MAIN	apps/web-app/src/components/v4/__tests__/preset-tool.test.ts	190	no	MEDIUM	preset-tool.test.ts: no coverage of reconcileTombstones, vote handling, tab pools/counts or savedFirst	preset-tool.test.ts (487 lines) has only 7 cases: 6 under BUG-005 popstate/deep-link (:240-461) and 1 under BUG-027 debounce teardown (:463). reconcileTombstones (preset-tool.ts:630), handleCardVote (:881), tab pools / categoryCount and savedFirst (:764-766) are never exercised. voteForPreset, removeVote and markDeleted are only bare vi.fn() mocks (:108-120), and savedFirst is only a config fixture value (:140, :203). preset-tool.ts is also on vitest.config.ts's coverage exclude list (:36, 'awaiting tests'), so no coverage ratchet catches the gap. The e2e specs preset-gallery-api.spec.ts and preset-browser.spec.ts never touch votes, the Saved tab or tombstones.
webapp-components	webapp-components-01	CONFIRMED	BUG	MEDIUM	Logic	N/A	N/A	apps/web-app	MAIN	apps/web-app/src/components/tutorial-spotlight.ts	170	no	LOW	tutorial-spotlight.ts: window-only scroll listener and a fixed 100ms measurement leave the spotlight off-target after a container smooth-scroll	The BUG-086 scroll listener sits on window, but the shell host is height:100vh with overflow:hidden, so tools scroll inside shadow containers (.v4-layout-content-scroll, .v4-tool-main) and window gets no scroll event. A smooth scrollIntoView (:534) is measured once after a fixed 100ms (:264-267), and ResizeObserver does not fire on scroll, so the spotlight and tooltip stay at the mid-scroll rect. The full-screen overlay (:195-202) mostly blocks user scrolling, so the smooth-scroll path is the real repro.
webapp-components	webapp-components-02	REJECTED	UNTESTED	N/A	N/A	N/A	N/A	apps/web-app	MAIN	apps/web-app/src/components/tutorial-spotlight.ts	1	no			The test gap is real, but it belongs with -01's fix. The new repros cannot happen: start() runs only from a user click (welcome-modal.ts:129 / the prompt), so nothing restarts a tutorial within 300ms of hide(). The missing-target stale currentTarget lasts at most 100ms before next(), and nothing ever calls update() on the spotlight, so bindEvents cannot re-subscribe.
webapp-components	webapp-components-03	CONFIRMED	BUG	MEDIUM	State	N/A	N/A	apps/web-app	MAIN	apps/web-app/src/components/collection-manager-modal.ts	69	no	MEDIUM	collection-manager-modal.ts: creating from the manager never refreshes the manager list, count or create-limit state	The manager's New collection button calls showCreateCollectionDialog() with no callback (:69). On create, the dialog dismisses only itself (:328). The manager content is static DOM built once (:20-113) with no CollectionService subscription, so the list, the count and createBtn.disabled stay stale until the modal is reopened.
webapp-components	webapp-components-04	CONFIRMED	BUG	MEDIUM	State	N/A	N/A	apps/web-app	MAIN	apps/web-app/src/components/my-submissions-modal.ts	212	no	LOW	my-submissions-modal.ts: after a successful delete the modal keeps showing the deleted preset and stale stats	The confirm button runs onConfirm() without awaiting it, then dismisses the confirm (modal-container.ts:347-350). On success the handler only calls onChanged, which reloads the preset-tool lists underneath (preset-tool.ts:1081-1084). The My Submissions rows, stat tiles and subtitle are innerHTML built once (:89-176), so the deleted row stays, and the later dismiss(confirmId) at :216 is a 'Modal not found' no-op.
webapp-components	webapp-components-05	SUPERSEDED	BUG	N/A	N/A	N/A	N/A	apps/web-app	MAIN	apps/web-app/src/components/empty-state.ts	55	no			EMPTY_STATE_PRESETS.noSearchResults has no production caller (git grep: only empty-state.test.ts; harmony-tool uses only noHarmonyResults). It is one of the 6 test-only preset factories that DEAD-008 removes.
webapp-components	webapp-components-06	CONFIRMED	BUG	LOW	Edge case	N/A	N/A	apps/web-app	MAIN	apps/web-app/src/components/modal-container.ts	265	no		modal-container.ts attachSheetDrag: ignores inner scrollers and touchcancel on mobile sheets	touchstart engages the drag whenever the modal body's scrollTop is 0, without checking inner scrollers such as the collection list (max-h-96 overflow-y-auto, collection-manager-modal.ts:99). Dragging down to scroll that list up translates the sheet, and a pull past 90px dismisses it. There is no touchcancel handler, so a cancelled gesture leaves transform and transition:none set.
webapp-components	webapp-components-07	CONFIRMED	BUG	LOW	Logic	N/A	N/A	apps/web-app	MAIN	apps/web-app/src/components/toast-container.ts	168	no		toast-container.ts: full rebuild on each change replays animations and re-announces alerts; Escape closes toast and modal together	Every ToastService notify calls update(), and renderContent clears and rebuilds every toast (:169,193-203). Survivors get toast-animate-in again (0.3s slide) and fresh role=alert/aria-live nodes, so they re-animate and are re-announced. Escape is handled on document by both the toast (:71-77) and the modal (modal-container.ts:202-208), and neither stops the other.
webapp-components	webapp-components-08	CONFIRMED	BUG	LOW	Race	N/A	N/A	apps/web-app	MAIN	apps/web-app/src/components/preset-submission-form.ts	758	no		preset-submission-form.ts: dismissTop() after awaited submit/upload can close the wrong modal; unguarded sessionStorage write inside the submit try	dismissTop() at :725/:758 runs after await submitPreset (and after await uploadPreviewImage), while showPresetSubmissionForm drops the ModalService.show id (:104). If the user closes the closable form and opens another modal during the request, that other modal gets closed. Separately, sessionStorage.setItem (:730) inside the try turns a blocked-storage throw into submitPresetFailed after the duplicate toast. Both need user or browser conditions, hence LOW.
webapp-components	webapp-components-09	REJECTED	BUG	N/A	N/A	N/A	N/A	apps/web-app	MAIN	apps/web-app/src/components/advanced-options-panel.ts	320	no		advanced-options-panel settings import restores analyticsEnabled; alert() on failure	Import is an explicit user action that restores a full settings backup. exportAllConfigs writes advanced.analyticsEnabled, so a round-trip restoring the user's own toggle is the intended behaviour, not consent bypass, and GPC is still honoured (telemetry-service.ts:122). The alert() at :327 works and is localized, so it is a style choice, not a defect.
webapp-components	webapp-components-10	REJECTED	BUG	N/A	N/A	N/A	N/A	apps/web-app	MAIN	apps/web-app/src/components/collapsible-panel.ts	96	no		CollapsiblePanel collapsed content focusable / 1000px max-height clip	This is unreachable in production. Every CollapsiblePanel is built in renderLeftPanel or renderDrawerContent. v4-layout.ts:600-706, the only mount path, passes leftPanel===rightPanel (renderRightPanel's clearContainer wipes the panels) and drawerContent: null, so no collapsed panel ever stays in the DOM to take focus or clip.
webapp-components	webapp-components-11	CONFIRMED	BUG	LOW	Edge case	N/A	N/A	apps/web-app	MAIN	apps/web-app/src/components/collection-manager-modal.ts	535	no		collection-manager-modal downloadSingleCollection filename strips all non-ASCII (CJK names become dashes)	collection-manager-modal.ts:535 applies /[^a-z0-9]/gi, so a collection named in ja/ko/zh exports as xivdyetools-----.json, a meaningless name (import reads content, so there is no data loss). The Safari half (the input is removed synchronously at :606) is plausible but unverified here; it is not the basis of this verdict.
webapp-services	webapp-services-01	CONFIRMED	BUG	MEDIUM	Error handling	N/A	N/A	apps/web-app	MAIN	apps/web-app/src/services/preset-submission-service.ts	471	no	MEDIUM	preset-submission-service.deletePreset failure reported as success by both callers	deletePreset (preset-submission-service.ts:471-503) catches everything and returns {success:false}; preset-tool.ts:982-989 and my-submissions-modal.ts:213-216 await it, ignore the result, toast deleteSuccess and close/reload, so their catch branches are unreachable.
webapp-services	webapp-services-02	CONFIRMED	BUG	MEDIUM	State	N/A	N/A	apps/web-app	MAIN	apps/web-app/src/services/community-preset-service.ts	262	no	MEDIUM	community-preset-service response cache never invalidated after delete/edit/submit	SimpleCache (5 min TTL) keys presets:<query>/preset:<id>; no non-test code calls clearCache() (hybrid-preset-service.ts:460 wrapper has no caller), votes only delete preset:/vote: keys, so preset-tool's post-delete loadPresets() reuses the cached list.
webapp-services	webapp-services-03	CONFIRMED	BUG	MEDIUM	State	N/A	N/A	apps/web-app	MAIN	apps/web-app/src/services/collection-service.ts	190	no	LOW	CollectionService.initialize re-enters and overflows the stack when a migration save fails	Reproduced with a temp test (deleted): stored collections at version 1.0.0 plus StorageService.setItem returning false makes getCollections() throw RangeError. initialized is set only after loadCollections, and save->notify->getCollections->initialize re-reads the unmigrated data each time.
webapp-services	webapp-services-04	CONFIRMED	BUG	MEDIUM	Error handling	N/A	N/A	apps/web-app	MAIN	apps/web-app/src/services/hybrid-preset-service.ts	315	no	MEDIUM	hybrid getPresets hides a failed API leg, so preset-tool tombstones all saved community presets	hybrid-preset-service.ts:293-317 logs and swallows a failed community fetch; apiAvailable is only set at init (:128), so preset-tool.ts:599-606 sees offline=false and apiCount 0<50 and calls reconcileTombstones, which marks every saved community preset deleted.
webapp-services	webapp-services-05	CONFIRMED	BUG	LOW	Edge case	N/A	N/A	apps/web-app	MAIN	apps/web-app/src/services/language-service.ts	188	no		LanguageService.tInterpolate expands $ patterns in user-supplied values	language-service.ts:188 passes String(value) as a replace() replacement string, so $$, $&, $` and $' are expanded (node check: 'Added to {name}' with 'Budget $$' gives 'Added to Budget $'); add-to-collection-menu.ts:105/:242 pass user collection names.
webapp-services	webapp-services-06	REJECTED	BUG	N/A	N/A	N/A	N/A	apps/web-app	MAIN	apps/web-app/src/services/market-board-service.ts	409	partly		market-board-service superseded-request catch sets outcome 'error'	Unreachable input: the awaited core getPricesForDataCenter does not reject on network/HTTP failure, because fetchBatchPriceData (APIService.ts:653-674) catches and returns an empty Map and cache reads/writes are caught too. So a superseded request never reaches the market-board-service.ts:398-410 catch.
webapp-services	webapp-services-07	CONFIRMED	BUG	LOW	Edge case	N/A	N/A	apps/web-app	MAIN	apps/web-app/src/services/keyboard-service.ts	184	no		keyboard-service digit tool shortcuts unreachable from the AZERTY number row	keyboard-service.ts:184-186 requires !e.shiftKey and looks up TOOL_KEY_MAP[e.key]. On AZERTY the unshifted top row yields '&','é',... and digits need Shift, so the documented 1-9/0 shortcuts only work from a numpad.
webapp-services	webapp-services-08	CONFIRMED	BUG	LOW	Race	N/A	N/A	apps/web-app	MAIN	apps/web-app/src/services/language-service.ts	83	no		LanguageService.setLocale has no sequencing; overlapping calls desync core and web locales	setLocale (language-service.ts:83-129) sets core LocalizationService synchronously-ish first, then awaits a dynamic import of the locale chunk before committing currentLocale. Two overlapping calls with different targets on a cold chunk leave core on the later call and the web locale on the slower one; getDyeName proxies (:202) read core's current locale.
webapp-services	webapp-services-09	CONFIRMED	BUG	LOW	Edge case	N/A	N/A	apps/web-app	MAIN	apps/web-app/src/services/collection-service.ts	938	no		collection-service importData: BUG-024 guard dereferences a null collections[] element outside the per-record try	Only a JSON null element throws: the guard at :938-941 reads collection.name before the per-record try (:950), so a TypeError reaches the outer catch at :1004 and pushes parseFailed with success:false. Earlier favorites and collections are already persisted, and the records after the null are abandoned. A number or string element reads .name as undefined and is skipped cleanly.
webapp-services	webapp-services-10	CONFIRMED	BUG	LOW	Error handling	N/A	N/A	apps/web-app	MAIN	apps/web-app/src/services/auth-service.ts	756	no		auth-service performLogout awaits /auth/revoke with no timeout before clearing local session	The comment at :753 says the revoke is non-blocking, but :756 awaits the fetch with no AbortSignal. clearStorage/clearState/notify only run after it settles, so a stalled revoke leaves the token stored and the UI signed in. The BUG-025 memoised logoutPromise makes every retry share the hang. No test uses a never-resolving fetch.
webapp-services	webapp-services-11	CONFIRMED	BUG	LOW	State	N/A	N/A	apps/web-app	MAIN	apps/web-app/src/services/indexeddb-service.ts	56	no		indexeddb-service has no db.onversionchange handler, so an open tab blocks a future DB_VERSION upgrade and the other tab caches initialize()=false	onsuccess (:85-89) never installs onversionchange. With a tab open on the old version, a DB_VERSION bump triggers onblocked (:122-125), which resolves false, and initPromise caches that result. get/set self-heal once the blocked open later succeeds, but IndexedDBCacheBackend (api-service-wrapper.ts:85-89, BUG-004 caches its own outcome) never runs loadFromStorage, so that tab's price cache is not hydrated. Latent: it only matters on a future DB_VERSION bump. Caching false after onerror is correct, because those failures are permanent.
webapp-services	webapp-services-12	REJECTED	REFACTOR	N/A	N/A	N/A	N/A	apps/web-app	MAIN	apps/web-app/src/services/market-board-service.ts	17	no		services importing the @services/index barrel (circular) — decided convention, no concrete failure	No failing state exists: every barrel reference is used at call time. The barrel is the repo's deliberate mock seam (eslint.config.js:74-106; harmony-generator.test.ts:14 and mixer-blending-engine.test.ts:14 mock @services/index), so 'import concrete modules' would make those mocks inert, which is the BUG-040/PR #161 trap. The keyboard-service→shortcuts-panel cycle is likewise only hypothetical.
webapp-services	webapp-services-13	CONFIRMED	OPT	N/A	N/A	N/A	LOW	apps/web-app	MAIN	apps/web-app/src/services/api-service-wrapper.ts	158	no		IndexedDBCacheBackend.loadFromStorage hydrates the price cache with one serial readonly transaction per key	The cited line 586 is wrong: the file has 266 lines, and the code is at :158-173. It runs keys() and then awaits one get() transaction per key in sequence, although IndexedDBService.getAll already exists. Graded as OPT only. The re-add after clear() is bounded to one in-flight get, that entry is memory-only (IndexedDB stays cleared) and holds public price data, so the FINDING-008 goal still holds. The stale-overwrite race is also bounded, because core's TTL check evicts expired entries on read.
webapp-shared	webapp-shared-01	CONFIRMED	OPT	N/A	N/A	N/A	MEDIUM	apps/web-app	MAIN	apps/web-app/src/main.ts	111	no		main.ts:111 boot awaits getServicesStatus() network probe used only by a dev-only log, delaying the v4 shell	main.ts:111 awaits getServicesStatus -> services/index.ts:126 getAPIStatus -> core APIService.ts:1031 GET {base}/data-centers with 5000 ms abort; result only feeds logger.info, which is gated by isDev() (shared/logger.ts:152); initializeV4Layout (main.ts:122) waits on it. CSP connect-src allows *.xivdyetools.app, so the request really goes out. Not in 2026-09-16 Rejected suspicions.
webapp-shared	webapp-shared-02	CONFIRMED	BUG	MEDIUM	Error handling	N/A	N/A	apps/web-app	MAIN	apps/web-app/src/main.ts	126	no	LOW	main.ts:126 non-critical tutorial-spotlight import failure triggers renderFatalError over the already-rendered shell	tutorial-spotlight is imported only dynamically by main.ts (own 9 KB chunk per bundle report), inside the same try as critical init; a rejection reaches catch -> renderFatalError -> container.replaceChildren (fatal-error.ts:71) wiping the working v4 shell. Candidate's 'stale tab' repro is wrong (init runs once per load), but the first-load trigger is real. Not in 2026-09-16 Rejected suspicions.
webapp-shared	webapp-shared-03	REJECTED							MAIN	apps/web-app/src/main.ts	133				Unreachable: v4-layout.ts:29,31 statically value-imports changelog-modal and welcome-modal (both in the 'modals' manualChunk, vite.config.ts), so by main.ts:133 the shell has already loaded and evaluated them; the dynamic imports resolve from the module map and cannot fail independently.
webapp-shared	webapp-shared-04	REJECTED							MAIN	apps/web-app/functions/_middleware.ts	10				Decided, documented design (functions/README.md: 'Runs on every request'); the FINDING-027 /assets/* guard needs function routing anyway, and almost every served file is under /assets/ (public/ has only a handful of root files), so _routes.json would save next to nothing. The quota-outage claim is unverified (plan unknown).
webapp-shared	webapp-shared-05	REJECTED							MAIN	apps/web-app/src/shared/example-link.ts	44				'Cannot drift' (example-link.ts:6) refers to the two forms agreeing with each other; server char rule bans only control/invisible chars, so an interior space passes; a >300-char rejection reaches the user via result.error as toast details (preset-submission-form.ts:767-772, edit form likewise) — server is authoritative, nothing lost.
webapp-shared	webapp-shared-06	CONFIRMED	BUG	LOW	Edge case	N/A	N/A	apps/web-app	MAIN	apps/web-app/src/shared/palette-export.ts	136	no		palette-export.ts:136 today() stamps exports with the UTC date, not the local date	today() = new Date().toISOString().split('T')[0] feeds the header generatedLine (:169), JSON generated (:254) and filename (:317); evening users west of UTC get tomorrow's date. palette-export.test.ts pins no clock/timezone. Cosmetic.
webapp-shared	webapp-shared-07	REJECTED							MAIN	apps/web-app/src/main.ts	164				Decided trade-off: the 2026-08-20 web-app i18n plan that introduced FATAL_STRINGS scoped it to title/body/button and ruled 'constants.ts ERROR_MESSAGES stays' (docs/audits/2026-08-20-web-app-i18n/EXECUTION_TASKS.md:195).
discord-handlers	discord-handlers-01	CONFIRMED	BUG	MEDIUM	Logic	N/A	N/A	apps/discord-worker	MAIN	apps/discord-worker/src/handlers/commands/preset.ts	575	yes	LOW	preset.ts processSubmit/EditCommand duplicates the presets-api webhook moderation and submission-log posts	processSubmitCommand posts its own embeds: preset.ts:571 notifySubmissionChannel and :576 notifyModerationChannel, which uses legacy ids with no contentRevision (:1142-1150). presets-api POST /presets also calls notifyDiscordBot for every caller, bot included (presets.ts:1077-1091, source: auth.authSource), and the webhook then posts a second embed (index.ts:402-404 if pending, :446-456 if approved). Edits are doubled only when the edit changes text or is flagged (presets.ts:841-846). For a non-text edit to an already-pending preset, the bot's legacy embed is the only post.
discord-handlers	discord-handlers-02	CONFIRMED	BUG	MEDIUM	Logic	N/A	N/A	apps/discord-worker	MAIN	apps/discord-worker/src/handlers/commands/preset-notifications.ts	214	no	MEDIUM	Webhook-path edit notifications are posted as kind 'new': no diff, no Revert button	The webhook always builds kind 'new' (index.ts:407), and the payload carries no edit marker (types/preset.ts:48-73), so a presets-api edit notification (presets.ts:847-867) is titled 'New Preset Pending' with no diff and no Revert (preset-notifications.ts:214). The claim overreaches in one place: bot-path edits still get a two-click Revert, because review-message.ts:146-149 offers it on refresh. Web edits get no Revert at all, and Reject on that embed rejects the whole previously approved preset.
discord-handlers	discord-handlers-03	CONFIRMED	BUG	MEDIUM	Resource	N/A	N/A	apps/discord-worker	MAIN	apps/discord-worker/src/handlers/commands/budget.ts	215	no	MEDIUM	budget.ts/preferences.ts: validateWorld cold-cache service calls are awaited inside the 3 s ack window	Four handlers await validateWorld before answering Discord: budget.ts:215 (find) and :504 (quick) before deferredResponse, plus budget.ts:450 (set_world) and preferences.ts:342, both fully synchronous with no defer. On a cold isolate validateWorld (universalis-client.ts:356-372) makes up to 2 sequential service-binding fetches with a 10 s timeout each (:79, :115). This is the same defect as BUG-008, which was rated MEDIUM. Exposure is narrowed by api-worker's per-colo Cache API (24 h TTL + 6 h SWR): it takes a full cache miss plus a slow Universalis.
discord-handlers	discord-handlers-04	CONFIRMED	BUG	LOW	Logic	N/A	N/A	apps/discord-worker	MAIN	apps/discord-worker/src/handlers/buttons/preview-image.ts	261	no		preview-image.ts puts a raw <@id> mention in the embed footer and drops the preset ID	preview-image.ts:261 builds `<@id>` and :277-291 puts it into the embed footer, where Discord does not resolve mentions. The same edit replaces the original footer `ID: <presetId>` set at index.ts:354, so the resolved message loses the preset id.
discord-handlers	discord-handlers-05	CONFIRMED	BUG	LOW	Logic	N/A	N/A	apps/discord-worker	MAIN	apps/discord-worker/src/handlers/commands/stats.ts	235	no		stats.ts overview: Avg Cmds/User divides a lifetime total by today's users	stats.ts:239-240 divides stats.totalCommands by uniqueUsersToday. totalCommands is the stats:total counter, whose 30-day TTL is renewed on every put (analytics.ts:181-184), so it is effectively a lifetime count. uniqueUsersToday covers today's usertrack keys only (:316-324). The ratio is therefore meaningless. The panel is admin-only.
discord-handlers	discord-handlers-06	CONFIRMED	OPT	N/A	N/A	N/A	LOW	apps/discord-worker	MAIN	apps/discord-worker/src/handlers/commands/stats.ts	174	no		stats.ts summary pages all of today's user keys it never displays	The public summary at stats.ts:174 calls getStats, which always pages the usertrack:<today>: keys (analytics.ts:316-324), yet the summary reads only totalCommands and successRate. Below 1,000 DAU the waste is one KV list op per call, more pages above that. The call runs pre-ack and the command is rate-limited.
discord-handlers	discord-handlers-07	CONFIRMED	OPT	N/A	N/A	N/A	LOW	apps/discord-worker	MAIN	apps/discord-worker/src/handlers/commands/preset.ts	1380	no		preset.ts favorite list fans out one getPreset per favourite (up to 50)	preset.ts:1380-1382 makes one presets-api getPreset call per favourite, up to MAX_PRESET_FAVORITES = 50 (preset-favorites.ts:34), via Promise.all. That is up to 50 service-binding subrequests and 50 D1 reads per list. The work runs after the deferred ack (:1358), and getPreset sends no user id, so presets-api's per-user limiter never fires. Pure I/O cost, no correctness impact.
discord-handlers	discord-handlers-08	REJECTED	BUG	N/A				apps/discord-worker	MAIN	apps/discord-worker/src/handlers/commands/preset.ts	452	no		preset.ts typed dye names resolved before the locale loads: not a defect	The locale is already loaded. createUserTranslator (bot-i18n.ts:36-41, the F-02 warm-up) and createUserTranslatorWithPrefs (:63/:67) await initializeLocale for the same locale that t.getLocale() returns, before any searchDyesByName or resolveColorInput call. The only createTranslator branches without it (accessibility.ts:51, gradient.ts:46, contrast.ts:44) run when there is no userId, which the dispatcher rejects, so they are unreachable. Same code at 8ecb878f.
discord-handlers	discord-handlers-09	CONFIRMED	BUG	LOW	Logic	N/A	N/A	apps/discord-worker	MAIN	apps/discord-worker/src/handlers/commands/gradient.ts	185	no		gradient.ts processGradientCommand: Start/End lines print the English Dye.name while step rows are localized	In gradient.ts:185-190 the Start/End text uses startColor.name / endColor.name. Those come from bot-logic resolveColorInput (input-resolution.ts:242-252), which always returns the English dye.name, even when a locale name matched. The step rows use dyeName, which bot-logic gradient.ts:290 localizes with getLocalizedDyeName.
discord-handlers	discord-handlers-10	CONFIRMED	BUG	LOW	Error handling	N/A	N/A	apps/discord-worker	MAIN	apps/discord-worker/src/handlers/commands/extractor.ts	385	no		extractor.ts renderColorSheet: render/edit failure is never logged and is reported to the user as 'no match found'	handleColorSubcommand (extractor.ts:190) passes no logger, and renderColorSheet has no logger parameter. Its catch (extractor.ts:385-389) only calls markCommandOutcome('render'), which records an outcome class and no exception. It then answers errors.noMatchFound, although a match already exists at that point (matches.length > 0 was checked before deferring).
discord-services	discord-services-01	REJECTED	BUG	N/A	N/A	N/A	N/A	apps/discord-worker	MAIN	apps/discord-worker/src/services/preset-api.ts	97	no		preset-api X-User-Discord-Name non-Latin1 header throw (not on workerd)	Misread runtime: workerd does not apply the WebIDL ByteString TypeError to header values. Probed on workerd 1.20260923 via miniflare with compat date 2024-12-01: new Request() with X-User-Discord-Name '桜の夢' and 'Zoë' succeeds, and a service-binding callee reads the exact same string back. Production reaches presets-api through the PRESETS_API [[env.production.services]] binding in both discord-worker and moderation-worker, so neither site throws. The reviewer saw the throw only because vitest runs with environment 'node', which uses undici's ByteString check.
discord-services	discord-services-02	CONFIRMED	BUG	MEDIUM	Logic	N/A	N/A	apps/discord-worker	MAIN	apps/discord-worker/src/services/command-trace.ts	310	no	MEDIUM	command-trace isUserCondition counts the Universalis client's synthetic 408 timeout as an answered 'rejected' outcome	isUserCondition (command-trace.ts:310-312) accepts any 4xx except 429. universalis-client.ts:170-172 turns the abort from its own 10 s timer into UniversalisError(408), and workerd's abort rejection is an Error named AbortError (probed). fetchWithCache rethrows that error when no stale entry exists, budget.ts:409 classifies it as 'rejected', and ANSWERED_OUTCOMES (line 71) records the timeout as success.
discord-services	discord-services-03	CONFIRMED	BUG	MEDIUM	Error handling	N/A	N/A	apps/discord-worker	MAIN	apps/discord-worker/src/services/preferences.ts	138	no	LOW	preferences getUserPreferences swallows read failure as {} and the set/reset writes then overwrite or delete the user's whole prefs blob	The swallow is at preferences.ts:138-142 (claim cited 126): a kv.get rejection or a JSON.parse failure returns {}. setPreferences (281-291) applies the new key to that {} and puts it, replacing the whole blob. resetPreference(key) (333-347) then sees hasPrefs false and kv.delete()s the blob. Both report success. This is a failed read treated as empty, not the BUG-036 concurrency race.
discord-services	discord-services-04	CONFIRMED	BUG	MEDIUM	Error handling	N/A	N/A	apps/discord-worker	MAIN	apps/discord-worker/src/services/preset-favorites.ts	100	no	MEDIUM	preset-favorites getPresetFavoriteEntries returns [] on read failure and addPresetFavorite overwrites the user's list	Same mechanism as 03, so it gets the same grade. Line corrected: the file is 193 lines, so 620 does not exist. The catch at preset-favorites.ts:95-100 returns [] on a kv.get or parse failure. addPresetFavorite (147-150) pushes onto that [] and savePresetFavoriteEntries writes both the v2 and v1 keys, replacing a list of up to 50 with one entry and reporting success.
discord-services	discord-services-05	REJECTED	BUG	N/A	N/A	N/A	N/A	apps/discord-worker	MAIN	apps/discord-worker/src/services/preferences.ts	204	no		preferences validate/apply case mismatch (latent, unreachable)	Unreachable input. Every boolean pref option is OptionType.BOOLEAN and count is OptionType.INTEGER (schemas.ts:665-720), so Discord delivers booleans and numbers. The only other setPreference caller passes 'world' (budget.ts:463). No production path supplies 'ON' or a numeric string.
discord-services	discord-services-06	CONFIRMED	OPT	N/A	N/A	N/A	LOW	apps/discord-worker	MAIN	apps/discord-worker/src/services/preferences.ts	136	no		preferences legacy-key migration re-reads two dead KV keys on every call for users with no prefs blob	With no prefs:v1 blob, getUserPreferences calls migrateLegacyPreferences on every call (preferences.ts:136-137), and that does 2 legacy kv.get reads (533-544) that are never negative-cached. resolveUserLocale (bot-logic locale-resolution.ts:147-163) adds an unified read plus a legacy read, so a user without a blob pays about 5 reads where 2 would do. The legacy writers were removed in March 2026 (per the docblock at 520-524). This is not one of the declined caches: those OPT-005/009 are core colour items from 2026-09-02.
discord-services	discord-services-07	REJECTED	OPT	N/A	N/A	N/A	N/A	apps/discord-worker	MAIN	apps/discord-worker/src/services/budget/price-cache.ts	243	no		budget price-cache does not negative-cache unlisted ids (negligible; proxy already caches)	The cited line does not exist: price-cache.ts is 260 lines. The un-cached ids cost only a service-binding hop, because the proxy has its own 5-minute 'aggregated' cache (api-worker config/cache.ts:20-24, keyed on the normalised id set), so Universalis is hit at most once per id set per TTL. Region-wide unlisted dyes were not shown to occur, so there is no demonstrated gain.
discord-services	discord-services-08	REJECTED	BUG	N/A	N/A	N/A	N/A	apps/discord-worker	MAIN	apps/discord-worker/src/services/budget/universalis-client.ts	133	no		universalis-client abort timer cleared before body read (unreachable via buffered proxy)	No 'headers then stalled body' state exists on the production path. The proxy at the other end of UNIVERSALIS_PROXY fully buffers the upstream with AbortSignal.timeout (cached-fetch.ts:148) and replies with c.json(result.data), a complete string body (router.ts:263). Headers and body therefore arrive together. Only the local-dev URL fallback could stream a stalled body.
discord-core	discord-core-01	CONFIRMED	BUG	MEDIUM	Logic	N/A	N/A	apps/discord-worker	MAIN	apps/discord-worker/src/index.ts	402	no	LOW		preset.ts:571/576/924 post the submission-log or moderation embed from the bot side. presets-api presets.ts:1077-1091 (submit) and :845-870 (edit) also call notifyDiscordBot with no authSource filter (it is gated only on the DISCORD_WORKER binding and the secret), and index.ts:402 (pending) and :446 (approved) post a second copy. The webhook is live in production because web submissions depend on it.
discord-core	discord-core-02	REJECTED	BUG	N/A	N/A			apps/discord-worker	MAIN	apps/discord-worker/src/index.ts	907	no			Setting the flag before the send is a documented decision (index.ts:808, 'Flag before sending — a failed send must never become a repeat notice'). Three KV round-trips run before sendFollowUp, so a pre-callback 404 is a timing tail, not a reproducible failure. The deferred-slot and ephemeral-flip outcome rests on Discord follow-up-after-defer semantics that nothing in the repo shows, so it cannot be made to fail on this code.
discord-core	discord-core-03	CONFIRMED	BUG	MEDIUM	Error handling	N/A	N/A	apps/discord-worker	MAIN	apps/discord-worker/src/index.ts	1292	no	LOW		getPreset (preset-api.ts:237-246) returns null only on a 404 and rethrows 5xx, timeout and 429. index.ts:1291-1295 swallows the error with .catch(()=>null) and sets name = id, and :1306 persists it. Because the back-fill selects entries by !e.name, the UUID name is never retried, so wrong data stays in KV durably. The rename and concurrent-add points are the OPT-007 design and the known KV read-modify-write limitation, so they are not graded.
discord-core	discord-core-04	CONFIRMED	UNTESTED	LOW	Untested behavior	N/A	N/A	apps/discord-worker	MAIN	apps/discord-worker/src/index.ts	1076	no			index.test.ts autocomplete cases (:1890-2340) cover dye, preset approved/show/edit and the preset dye option only. No test reaches the subcommand-group walk (/preset favorite remove), getFavoritedPresetsAutocompleteChoices including the BUG-028 guard, clan, or the /preferences world branch. The only favourites test is the service-level preset-favorites.test.ts.
discord-core	discord-core-05	CONFIRMED	BUG	LOW	Logic	N/A	N/A	apps/discord-worker	MAIN	apps/discord-worker/src/index.ts	404	no			index.ts:404 hard-codes kind 'new'. presets-api sends the same type:'submission' payload for edits (presets.ts:845-866), and rowToPreset carries previous_values. A flagged web edit therefore posts 'New preset pending' with no diff and no Revert, while a refresh adds Revert back (moderation-worker review-message.ts:146-149). The origin is MAIN, not PR-#227: main already rendered kind 'new'.
discord-core	discord-core-06	REJECTED	BUG	N/A	N/A			apps/discord-worker	MAIN	apps/discord-worker/scripts/upload-emojis.ts	214	no			The sync-dye-emojis.yml header documents that embeds reference deleted ids until the new mapping is committed and deployed, and the bundled mapping changes nothing until that deploy. A mid-run failure therefore leaves no worse than the documented state. The failure is loud (the job fails), and a rerun is idempotent because the artwork tag stays old and the whole set is regenerated.
discord-core	discord-core-07	CONFIRMED	REFACTOR	N/A	N/A	LOW	N/A	apps/discord-worker	MAIN	apps/discord-worker/src/index.ts	1137	no			index.ts:1137 passes only { status: 'approved' }. searchPresetsForAutocomplete logs in its catch only when options.logger is set (preset-api.ts:516-522), so a presets-api failure on the show/vote/favorite-add autocomplete returns [] with no log line, while the edit and favourites paths do log.
moderation-worker	moderation-worker-01	CONFIRMED	BUG	LOW	State	N/A	N/A	apps/moderation-worker	MAIN	apps/moderation-worker/src/handlers/buttons/preset-moderation.ts	217	no		preset-moderation.ts processApproval / preset-rejection.ts processRejection: success embed spreads a prior 'Error' field	Failure paths (preset-moderation.ts:252-271, ban guard :187-202; preset-rejection.ts:195-214) append an 'Error' field and pass no `components`, so the buttons stay live. The success edit at :216-219 (and preset-rejection.ts:157-161, not :521) spreads `originalEmbed.fields`, so the Error field survives under 'Preset Approved'.
moderation-worker	moderation-worker-02	CONFIRMED	BUG	LOW	Race	N/A	N/A	apps/moderation-worker	PR-#225	apps/moderation-worker/src/handlers/review-message.ts	188	partly		review-message.ts refreshReview: a losing concurrent click's 409 refresh overwrites the winner's 'Approved by'/'Reason' embed	presets-api moderation.ts:234-236 answers STALE_REVIEW when the conditional UPDATE matches 0 rows. preset-moderation.ts:242-244 then calls refreshReview, whose :188-200 replaces the whole embed via buildReviewEmbed with a 'nothing left to review' notice and components []. The win's attribution field is dropped, and this edit lands after an extra GET round trip, so usually last.
moderation-worker	moderation-worker-03	CONFIRMED	BUG	LOW	Logic	N/A	N/A	apps/moderation-worker	PR-#225	apps/moderation-worker/src/services/bot-i18n.ts	61	yes		bot-i18n.ts footerTextOnly advertises the removed `reject <id> <reason>` option; preset.test.ts:446 pins it	register-commands.ts:56-79 now defines only `action` and `preset_id` (main had `reason` at :80), yet preset.ts:213-215 still renders 'reject <id> <reason>' on every text-only pending list. The test locks the stale text in, and CLAUDE.md's 'buttons on the queue embed' is false: handlePendingAction (preset.ts:177-230) renders no components.
moderation-worker	moderation-worker-04	REJECTED	BUG	N/A	N/A			apps/moderation-worker	PR-#225	apps/moderation-worker/src/handlers/review-message.ts	104	no			The cited line is wrong (file has 219 lines; the code is :104). 'Dyes: N colors' matches discord-worker's own non-webhook moderation embed (preset-notifications.ts:167) and its edit embed (:141-143). Dyes come from a fixed 125-item set and carry no author content, so the reviewable text is name/description/tags, which the refresh shows: a design choice, not a wrong result.
moderation-worker	moderation-worker-05	CONFIRMED	BUG	LOW	Edge case	N/A	N/A	apps/moderation-worker	MAIN	apps/moderation-worker/src/handlers/modals/ban-reason.ts	103	no		ban-reason.ts handleBanReasonModal: reason length check is untrimmed, so a whitespace-only reason is stored	ban-reason.ts:103 checks `reason.length < 10` (cited :267 is isBanReasonModal). Modal min_length 10 (ban-confirmation.ts:104) counts spaces, and extractTextInputValue does not trim. The value reaches banUser (:171), which binds it to banned_users.reason and moderation_log (ban-service.ts:498-507). Rejection/revert use reason.trim().length (preset-rejection.ts:121,240). The actor is a trusted moderator.
moderation-worker	moderation-worker-06	REJECTED	OPT				N/A	apps/moderation-worker	MAIN	apps/moderation-worker/src/services/bot-i18n.ts	210				This is a decided trade-off. CLAUDE.md (Localization) and bot-i18n.ts:160-162 keep the locale resolution on purpose, and the dead-code audit's DEAD-027 explicitly keeps getLocale as an accepted observation hook. The gain is negligible: at most 2 edge-cached KV gets on a rate-limited, moderator-only command path. Origin is also MAIN (I18N-009 commit 0e5e5ea9 is on main), not PR-#225.
moderation-worker	moderation-worker-07	REJECTED	REFACTOR			N/A		apps/moderation-worker	MAIN	apps/moderation-worker/src/index.ts	604				The claimed failure cannot happen. Types are erased and the same parsed object (index.ts:173) reaches editReviewMessage unchanged, since no code copies interaction fields. Dropping `flags` from any declared type cannot remove it at runtime, and reading it through a type that lacks it would be a tsc error, not a silent miss. Duplicate interface declarations inside one app, with no correctness risk, fall below the brief's REFACTOR bar.
presets-handlers	presets-handlers-01	REJECTED	BUG	N/A	N/A				MAIN	apps/presets-api/src/handlers/presets.ts	892	no			Unreachable. The bot cannot load a PENDING preset to edit it: lookupPreset calls getPreset with no user id, so canSeePreset returns 404 and the bot replies 'not found'. Name lookup filters to approved. The web app posts nothing of its own. The approved-to-pending path passes the flagged_edit cap and is the duplicate counted in -02.
presets-handlers	presets-handlers-02	CONFIRMED	BUG	MEDIUM	Logic	N/A	N/A	apps/discord-worker	MAIN	apps/presets-api/src/handlers/presets.ts	1089	no	MEDIUM	presets-api webhook + discord-worker bot-side posts both fire for bot submissions/edits -> duplicate moderation and submission-log embeds	presets-api fires the webhook for every created row, with no source filter. discord-worker's webhook posts pending presets to MODERATION_CHANNEL_ID and approved ones to SUBMISSION_LOG_CHANNEL_ID. After that response the bot posts again (notifySubmissionChannel / notifyModerationChannel, legacy ids). Approved-preset bot edits whose text gets flagged double the same way through notifyEditModerationChannel.
presets-handlers	presets-handlers-03	REJECTED	BUG	N/A	N/A				MAIN	apps/presets-api/src/handlers/moderation.ts	80	no			Moderator-only and defended by the one moderator client: refreshed embeds offer buttons only for pending presets, and both the approve command and the approve button refuse a banned author's preset. On main the status route already bound to the stored status, so hidden->approved was always a moderator's deliberate manual restore.
presets-handlers	presets-handlers-04	CONFIRMED	BUG	LOW	Error handling	N/A	N/A	apps/presets-api	MAIN	apps/presets-api/src/handlers/presets.ts	597	no		presets PATCH/POST and moderation status/revert: JSON body `null` -> TypeError -> opaque 500 instead of 400	jsonDepthLimit lets a non-object through (structure.ts:40-41 returns null for scalars and null). c.req.json() of 'null' yields null, and `!body.name` / validateSubmission's body.name / body.status then throw TypeError. The global onError answers 500 instead of 400.
presets-handlers	presets-handlers-05	CONFIRMED	BUG	LOW	Logic	N/A	N/A	apps/presets-api	MAIN	apps/presets-api/src/handlers/presets.ts	656	partly		presets PATCH /:id re-moderates unchanged text; a failing/unscored verdict re-queues an approved (or resubmits a rejected) preset	The text_edit reservation and moderateContent are gated on `body.name || body.description`, not on textChanged. When stored text fails or is unscored (moderator-approved-after-flag text, Perspective outage, every call after the key sunset), re-sending it unchanged sets flaggedByThisEdit. ownerEditOutcome then moves an approved or rejected preset to pending and notifies. The existing 'unchanged' test only exercises text that passes moderation.
presets-handlers	presets-handlers-06	REJECTED	BUG	N/A	N/A				MAIN	apps/presets-api/src/handlers/moderation.ts	227	no			Moderator-only route. Its only client, the moderation-worker reject modal, always sends a 10-500 character string, and the 100 KB body cap bounds the rest. A non-string or oversized reason needs a trusted moderator to hand-craft a request. Worth hardening, but not a defect.
presets-handlers	presets-handlers-07	REJECTED	OPT				N/A		MAIN	apps/presets-api/src/handlers/categories.ts	47	partly			Speculative. The candidate itself says 'fine today'. Categories are ~10 and the count query runs at most once per 60s edge-cache window per isolate, deduped in flight. No benchmark shows a gain at current preset volume.
presets-core	presets-core-01	CONFIRMED	BUG	MEDIUM	Logic	N/A	N/A	apps/presets-api	MAIN	apps/presets-api/src/handlers/presets.ts	1077	no	MEDIUM	presets-api webhook + discord-worker /preset submit/edit both post the same submission to the moderation/submission-log channels	presets-api posts a webhook on every submit and edit with no check on authSource (presets.ts:1077 for submit, ~853 for edit), and the bot's command handler also posts to the same channels (preset.ts:571/576/924). sendModerationNotification has no idempotency guard, so a bot submission or edit produces two posts.
presets-core	presets-core-02	CONFIRMED	BUG	MEDIUM	Edge case	N/A	N/A	apps/presets-api	MAIN	apps/presets-api/src/services/validation-service.ts	236	no	MEDIUM	validation-service validatePresetDyes accepts repeated dye ids, bypassing the 3-dye floor and dye_signature dedup	validatePresetDyes (validation-service.ts:236-256) checks count, integer and range but never uniqueness, so [x,x,x] and [1,2,3,3] get distinct sorted signatures. A real path exists: /preset submit dye1..dye3 can all name the same dye, and a clean result is auto-approved.
presets-core	presets-core-03	CONFIRMED	BUG	LOW	Edge case	N/A	N/A	apps/presets-api	MAIN	apps/presets-api/src/services/validation-service.ts	182	no		validation-service name/description min-length counts whitespace; whitespace-only values pass	The length checks at validation-service.ts:182/208 run on the raw string, and presets-api never trims name or description, so '  ' passes and is stored blank. The web form trims (preset-submission-form.ts:679), so only direct API callers hit this: LOW.
presets-core	presets-core-04	CONFIRMED	BUG	LOW	Edge case	N/A	N/A	apps/presets-api	MAIN	apps/presets-api/src/services/validation-service.ts	438	no		validation-service validateExampleLink rejects a leading-space link that normalizeExampleLink would accept	validateExampleLink does not trim (validation-service.ts:438). With a leading space the scheme regex fails and it prefixes 'https://'; node shows new URL('https:// https://x.com/a') throws, giving a 400, although normalizeExampleLink trims. Both first-party clients are defended (the web form trims, the bot has no link option): LOW.
presets-core	presets-core-05	REJECTED	BUG	N/A	N/A	N/A	N/A	apps/presets-api	MAIN	apps/presets-api/src/services/preset-service.ts	271	no		preset-service getPresets ORDER BY lacks unique tiebreaker	LIMIT and OFFSET are bound parameters, so every page runs the same plan and SQLite (which D1 is) orders ties deterministically. A node:sqlite probe of the real COUNT(*) OVER() query with 150-row tie groups across page boundaries gave 0 repeats or skips. Drift from concurrent writes is inherent to OFFSET pagination, and an id tiebreaker would not fix it.
presets-core	presets-core-06	CONFIRMED	UNTESTED	LOW	Edge case	N/A	N/A	apps/presets-api	PR-#224	apps/presets-api/src/services/identity-rekey-service.ts	39	no		identity-rekey-service rekeyIdentity(db,id,id) silently wipes the user's votes; no self-guard or test	With fromId===toId, statement 2 moves nothing, so statement 3 decrements vote_count for every vote the user has and statement 4 deletes all of their votes (identity-rekey-service.ts:39-62). The only caller guards it (presets.ts:372-374, jwtSub !== jwtDiscordId) and no test covers equal ids, so this is latent: LOW.
presets-core	presets-core-07	REJECTED	OPT	N/A	N/A	N/A	N/A	apps/presets-api	MAIN	apps/presets-api/src/services/rate-limit-service.ts	188	no		rate-limit-service lazy prune per write despite daily cron	Decided trade-off: the retention-job.ts header says the lazy write-path prunes stay because they keep working on a worker with no cron, and the cron is production-only ([env.production.triggers]). The gain is one DELETE on writes capped at a few per user per day. The origin is also wrong: the lazy prune is MAIN (rate-limit-service.ts:188,292 at 8ecb878f).
api-worker	api-worker-01	CONFIRMED	BUG	MEDIUM	Logic	N/A	N/A	apps/api-worker	MAIN	apps/api-worker/src/index.ts	128	no	LOW	index.ts telemetry limiter registered twice; each beacon is charged 2x against the 240/60s fail-closed bucket	index.ts:128-129 registers telemetryRateLimitMiddleware on both TELEMETRY_PATH and `${TELEMETRY_PATH}/*`. A temporary repro that drove the real index.ts app (since deleted) recorded 2 limit() calls ['telemetry:ip:203.0.113.9:t240_60' x2] for one POST /v1/telemetry and 1 call for /v1/telemetry/x. The bucket fails closed, so the effective cap is 120 beacons per IP, not 240.
api-worker	api-worker-02	CONFIRMED	BUG	LOW	Edge case	N/A	N/A	apps/api-worker	MAIN	apps/api-worker/src/lib/validation.ts	202	no		parseIntParam/parseFloatParam accept trailing garbage and exponent forms in query params	validation.ts:202 uses parseInt and :244 uses parseFloat with only NaN/finite guards. The repro gave parseIntParam('1e2')=1, '2abc'=2, '50.9'=50, ' 7'=7 and parseFloatParam('10px')=10. Callers are match.ts:78/80, dyes.ts:277-290, harmony.ts:99 and wheels.ts:42. Only the icon id has the CANONICAL guard (chara/router.ts:273).
api-worker	api-worker-03	CONFIRMED	BUG	LOW	State	N/A	N/A	apps/api-worker	MAIN	apps/api-worker/wrangler.toml	113	no		XIVAPI_VERSION="latest" makes the chara row-cache namespace constant, so a patch never cold-starts the cache	Both envs set XIVAPI_VERSION="latest" (wrangler.toml:47 and :113), and CharaRowCache's prefix is `chara:3:${client.versionKey}`, the literal env string (cache.ts:41, router.ts:203). The namespace never changes across patches, so the 'roll forward = cold cache' design (cache.ts:5-7) cannot happen and rows (including cached-empty 'no item row') persist up to TTL+SWR. The claim that `latest` 503s during ingest is unverified.
api-worker	api-worker-04	CONFIRMED	OPT	N/A	N/A	N/A	LOW	apps/api-worker	MAIN	apps/api-worker/src/chara/acquisition.ts	11	no		chara acquisition/ko/zh JSON tables (3.4 MB raw) are evaluated at isolate start for every route	acquisition.ts:11 and regional-names.ts:16-17 statically import 1.36 MB + 1.10 MB + 0.90 MB of JSON. The chain index.ts -> chara/router.ts:27 -> resolver.ts:36-37 is eager, so every isolate builds these objects at startup, including for /health, /v1/dyes and /universalis. The gain is unmeasured and likely small, so it is LOW.
api-worker	api-worker-05	REJECTED	BUG	N/A	N/A	N/A	N/A	apps/api-worker	MAIN	apps/api-worker/src/chara/data/item-names.meta.json	2	no		ko/zh item-name tables older than acquisition table (documented lag, EN fallback)	This is a documented, decided trade-off. regional-names.ts:10-13 says the tables can lag and a missing item falls back to EN. Both scripts use the same EquipSlotCategory!=0 filter but different sources (a local datamining Item.csv vs XIVAPI), and the KR/CN clients trail global. Nothing shows that regenerating would produce names for the ~65 new items.
oauth	oauth-01	CONFIRMED	BUG	MEDIUM	Logic	N/A	N/A	apps/oauth	MAIN	apps/oauth/src/index.ts	184	no	MEDIUM	apps/oauth/src/index.ts /auth/* limiter keys and tiers on the raw percent-encoded pathname, while Hono routes on the decoded path	Line 184 is `new URL(c.req.url).pathname` (raw). hono 4.13.9 getPath decodeURIs, so /auth/%63allback still routes to the callback handler, but getOAuthLimit's startsWith misses and returns the default 30/min, and every spelling gets its own bucket. Reproduced via app.fetch: 25 POSTs to /auth/%63allback all got 400 'Missing code' with X-RateLimit-Limit 30 and no 429. The literal path returned 429 from request 21. Caveat: Cloudflare zone URL normalization could decode %63 before the Worker sees it. That setting is not in the repo, so the grade stays MEDIUM, not HIGH.
oauth	oauth-02	CONFIRMED	BUG	LOW	Error handling	N/A	N/A	apps/oauth	MAIN	apps/oauth/src/handlers/callback.ts	64	no		POST /auth/callback and /auth/xivauth/callback destructure a null JSON body outside the parse try, giving a 500 instead of a 400	c.req.json() on body `null` succeeds and returns null, and jsonDepthLimit's validateStructure(null) returns ok. `const { code, ... } = body` (callback.ts:64, xivauth.ts:95) then throws, and app.onError returns 500. Reproduced: both endpoints returned 500 'Cannot destructure property code of body as it is null'. Error shape only, no data impact.
oauth	oauth-03	CONFIRMED	BUG	LOW	Edge case	N/A	N/A	apps/oauth	MAIN	apps/oauth/src/handlers/xivauth.ts	342	partly		xivauth.ts roster guard (BUG-051) validates only that the roster is an array; a null element gives a 500, and an empty verified name gives an empty username	characters = roster when it is an array (line 297), so with [null] the filter throws inside the try and `characters` stays [null]. Then find at :342 throws outside it, giving 500 'Authentication failed'. Reproduced. A verified character with name '' passes `??` and produced a 200 with an empty display name. Latent: it needs the trusted XIVAuth upstream to return malformed data.
oauth	oauth-04	CONFIRMED	UNTESTED	LOW	Untested behavior	N/A	N/A	apps/oauth	MAIN	apps/oauth/src/__tests__/rate-limit.test.ts	1	no		oauth tests never send a percent-encoded /auth path through the app's limiter or a JSON `null` body to the POST callbacks	A grep of apps/oauth/src/__tests__ for %XX path escapes or a 'null' body finds only one unrelated redirect_uri assertion (callback.test.ts:960). The rate-limit tests call checkRateLimit with literal paths, and the invalid-body tests send malformed JSON only. That is how oauth-01 and oauth-02 went unnoticed.
og-worker	og-worker-01	CONFIRMED	BUG	MEDIUM	Logic	N/A	N/A	apps/og-worker	MAIN	apps/og-worker/src/services/svg/gradient.ts	88	no	MEDIUM	gradient.ts generateGradientOG ranks middle-band dyes by hardcoded 'ciede2000' while printing the delta and footer in the requested algo	Real. The crawler emits ?algo= on gradient image URLs and the page ranks by that method, but the card picks DE2000-nearest dyes and labels them in the other unit. The repro showed 17/30 pairs differ. Edge path (non-default algo only), so MEDIUM.
og-worker	og-worker-02	CONFIRMED	BUG	LOW	Edge case	N/A	N/A	apps/og-worker	MAIN	apps/og-worker/src/services/svg/harmony.ts	113	no		harmony.ts passes a raw legacy ?algo= (hyab/euclidean/oklch-weighted) to core generateHarmonySlots; getDistanceForMethod returns undefined and the card shows dyes in table order	The wrong output is real and shown by the repro. Graded LOW, not MEDIUM: since f3ad612c (2026-08-18) the only producer, withAlgo, normalises before emitting, so only a hand-built image URL reaches it.
og-worker	og-worker-03	CONFIRMED	UNTESTED	LOW	Untested behavior	N/A	N/A	apps/og-worker	MAIN	apps/og-worker/src/services/svg/gradient.test.ts	1	no		gradient.test.ts has no algorithm case; harmony.test.ts:233 lists only the six 5.0 spellings and asserts only '<svg'	Accurate. No test pins gradient ranking by algorithm or harmony with legacy spellings, which is why -01 and -02 ship green.
og-worker	og-worker-04	CONFIRMED	BUG	LOW	Edge case	N/A	N/A	apps/og-worker	MAIN	apps/og-worker/src/index.ts	347	no		index.ts ogCacheKey keys algo and mode on every /og route although only 5 routes read algo and 2 read mode, contradicting its own docblock	Real but bounded: the guard caps it at about 10 algo x mode states per path. Ruling S7-R7 accepted that bound before BUG-018 set the stricter rule now stated in the docblock. Operational waste only.
og-worker	og-worker-05	CONFIRMED	BUG	LOW	Logic	N/A	N/A	apps/og-worker	MAIN	apps/og-worker/src/services/svg/extractor.ts	74	no		extractor.ts matches by hardcoded ciede2000 and the crawler forwards algo only onto og:url, so the unfurl can name different dyes than the page	Real divergence from the project rule that a card previews the page (harmony.ts:89-95). The card is honest about its algorithm and only a non-default algo diverges, so LOW. No decision record exempts extractor.
og-worker	og-worker-06	CONFIRMED	OPT	N/A	N/A	LOW	LOW	apps/og-worker	MAIN	apps/og-worker/src/services/renderer.ts	87	no		renderer.ts renderSvgToPng never .free()s Resvg or RenderedImage, leaving each render's wasm allocations to FinalizationRegistry timing	The missing free() is factual and the fix is two lines. The memory-pressure impact is unmeasured: no OOM has been observed and finalisation does eventually run. Hence OPT with LOW impact, not a BUG.
image-stoat	image-stoat-01	CONFIRMED	BUG	LOW	Logic	N/A	N/A	apps/stoat-worker	MAIN	apps/stoat-worker/src/services/dye-resolver.ts	54	no		stoat dye-resolver.ts resolveDyeInputMulti: step 1 resolveColorInput first-match makes multiple/disambiguation unreachable for name queries	resolveColorInput's name step is a substring search (searchByName includes) that returns candidates[0], so dye-resolver.ts:54-56 answers 'single' for every name substring. Repro: 'white' gives single Snow White (4 hits), 'Red' gives Rolanberry Red (11 hits); 'multiple'/'disambiguation' only happen for category-only queries ('neutral').
image-stoat	image-stoat-02	CONFIRMED	BUG	LOW	Logic	N/A	N/A	apps/stoat-worker	MAIN	apps/stoat-worker/src/services/dye-resolver.ts	46	no		stoat dye-resolver.ts ignores locale and initializeLocale is never called, while help advertises localized names	_locale is unused (dye-resolver.ts:46) and stoat never calls initializeLocale. info.ts:38 also hard-codes 'en'. help.ts advertises localized names (:28) and gives スノウホワイト as an example (:49); the repro returns kind 'none' for it and for 'Schneeweiß'.
image-stoat	image-stoat-03	CONFIRMED	BUG	LOW	Logic	N/A	N/A	apps/stoat-worker	MAIN	apps/stoat-worker/src/commands/about.ts	23	no		stoat about.ts Quick Start advertises unrouted !xd random and an unimplemented ❓-reaction help	about.ts:23 advertises '!xd random'. parser.ts:60 aliases it to dye.random, which is not in COMMAND_ROUTES (router.ts:101-109), so the reply is 'Unknown command "dye.random"'. about.ts:25 also advertises a ❓-reaction help that has no listener (BUG-038 design).
image-stoat	image-stoat-04	REJECTED	BUG	N/A	N/A	N/A	N/A	apps/image-worker	MAIN	apps/image-worker/src/index.ts	143	no		image-worker /extract null JSON body -> 500	Unreachable input. image-worker has workers_dev=false and no routes (wrangler.toml:24,42), plus a .workers.dev 404 guard. Its only /extract caller (discord-worker image-client.ts:48-57) always sends JSON.stringify of an object with a url, so a 'null' body cannot arrive.
image-stoat	image-stoat-05	REJECTED	OPT	N/A	N/A	N/A	N/A	apps/image-worker	MAIN	apps/image-worker/src/photon.ts	135	no		photon.ts resizeImage no-resize copy via PNG encode/decode	No current path pays the cost, so the expected gain is zero. resizeImage is called only from processImageForExtraction (/extract); /thumbnail does not use it. The only caller (extractor.ts:507) passes no maxDimension, so the bound is 256, and only images of 256 px or less take the get_bytes copy.
image-stoat	image-stoat-06	CONFIRMED	UNTESTED	LOW	Untested behavior	N/A	N/A	apps/stoat-worker	MAIN	apps/stoat-worker/src/services/dye-resolver.test.ts	83	yes		stoat dye-resolver.test.ts multiple/disambiguation tests cannot fail (any-kind else / guarded if)	dye-resolver.test.ts:83-114 and :181-190 accept any of the three kinds, or guard their checks in an if with no else, so they cannot fail. The repro shows 'Coral' and 'Blue' resolve as single while these tests pass. The partial test mocks resolveColorInput to null (partial.test.ts:12-16), forcing a branch the real code never takes.
image-stoat	image-stoat-07	REJECTED	BUG	N/A	N/A	N/A	N/A	apps/stoat-worker	MAIN	apps/stoat-worker/src/services/message-context.ts	40	no		MessageContextStore.set evicts on overwrite at capacity	Unreachable input. The only writer is info.ts:124, keyed by the fresh bot-reply id (sent.id), so set() never sees an existing key. get/delete/size have no production reader (DEAD-064, KEEP), so a wrong eviction has no observable effect.
core-color	core-color-01	CONFIRMED	BUG	MEDIUM	Logic	N/A	N/A	packages/core	MAIN	packages/core/src/blending/blending.ts	187	no	MEDIUM	blending.ts blendHSL interpolates the hue of an achromatic input, which is meaningless (always 0), so grey/white/black mixes get a hue neither input has	rgbToHsl returns h:0 for any grey (conversions.ts:240-242), and blendHSL interpolates it as a real hue. Measured: white+blue at 0.5 in hsl mode gives #DF9FDF (pink), not light blue; black+green gives #606020 (olive, hue 60). Reachable in the web mixer, bot /mixer and /gradient hsl modes.
core-color	core-color-02	CONFIRMED	BUG	MEDIUM	State	N/A	N/A	packages/core	MAIN	packages/core/src/services/dye/HarmonySelector.ts	224	no	LOW	HarmonySelector.generateHarmonySlots reserves a pinned dye only for later slots under preventDuplicates, so an earlier slot can choose the same dye	`used` starts empty and a pin enters it only when its own slot is reached (:242-258), so an earlier unpinned slot can still pick it. Measured: triadic on Dalamud Red with slot 1 pinned to slot 0's pick gives ['Cactuar Green','Cactuar Green']. The claim's exact path (picking the dye from slot 2's companion list) is not reachable, because those companions already exclude earlier dyes. It is reachable because harmony-tool keeps swappedDyes across method, companion-count, dedup and filter changes: switching cie76->ciede2000 after a pin duplicated in 3 base x type combos.
core-color	core-color-03	CONFIRMED	UNTESTED	MEDIUM	Untested behavior	N/A	N/A	packages/core	MAIN	packages/core/src/services/dye/__tests__/HarmonySelector.test.ts	200	no	LOW	HarmonySelector.test.ts pin test pins Jet Black, a dye no earlier slot picks, so it cannot detect the earlier-slot duplicate	The test pins slot 1 of a Dalamud Red triadic to Jet Black, which slot 0 never chooses. Its `toHaveLength(1)` uniqueness assertion therefore passes regardless of order, while core-color-02 shows the bug when the pin equals slot 0's natural pick.
core-color	core-color-04	CONFIRMED	BUG	LOW	Logic	N/A	N/A	packages/core	MAIN	packages/core/src/services/color/ColorAccessibility.ts	72	partly		ColorAccessibility.isLightColor/getOptimalTextColor use a luminance threshold of 0.5, which picks the lower-contrast text for luminance between about 0.18 and 0.5	For #FF8000 (L about 0.367), isLightColor returns false, so the text is white at about 2.5:1 while black gives about 8.3:1. This is published ColorService API with no in-repo caller: web-app budget-tool has its own private isLightColor. DEAD-048 is KEEP, not REMOVE, so the candidate is not superseded. LOW because it is latent.
core-color	core-color-05	CONFIRMED	BUG	LOW	Edge case	N/A	N/A	packages/core	MAIN	packages/core/src/blending/blending.ts	64	no		blendColors lets a NaN ratio through Math.max/Math.min and returns the invalid hex '#NaNNaNNaN'	Real only on the direct blendColors path (/blending export): measured '#NaNNaNNaN' for both rgb and lab. The stated ColorService.mixColorsRgb repro is wrong: fromBlend -> ColorConverter.rgbToHex throws a typed AppError. Every in-repo direct caller passes a finite ratio, so the bug is latent.
core-color	core-color-06	CONFIRMED	BUG	LOW	State	N/A	N/A	packages/core	MAIN	packages/core/src/services/color/ColorConverter.ts	385	no		ColorConverter.hsvToRgb caches under a key rounded to 2 dp but stores the result computed from the unrounded inputs, so the output depends on call order	Measured: hsvToRgb(0,50.004,100) then hsvToRgb(0,49.996,100) returns {255,127,127} for the second call, while a fresh instance gives {255,128,128}. Live through hsvToHex in the web gradient tool and the bot /gradient. Off by one unit per channel, so cosmetic.
core-color	core-color-07	REJECTED	BUG	N/A	N/A	N/A	N/A	packages/core	MAIN	packages/core/src/services/dye/HarmonyGenerator.ts	183	no			Not a wrong result. Both branches of findComplementaryPair anchor on the caller's own colour, so the method is self-consistent, and complementing the actual input is defensible. The colorSpace option is @deprecated (DyeService.ts:214, HarmonyGenerator.ts:121), and the find* family has no in-repo caller (DEAD-047 KEEP).
core-chara	core-chara-01	CONFIRMED	BUG	LOW	Edge case	N/A	N/A	packages/core	MAIN	packages/core/src/services/chara/chara-parser.ts	498	no		chara-parser readModelLane: an out-of-range lane (>65535) sinks the whole /v1/chara/resolve batch	readModelLane (chara-parser.ts:498) floors any positive finite value with no upper bound; api-worker router.ts:73 400s the whole body on any lane > LANE_MAX, and chara-resolve-service.ts:147 turns any non-ok into CharaResolveUnavailableError, so every piece in the file loses its name.
core-chara	core-chara-02	CONFIRMED	BUG	LOW	Edge case	N/A	N/A	packages/core	MAIN	packages/core/src/services/chara/chara-parser.ts	237	no		chara-parser parseFloatColor accepts empty segments as 0 (and Infinity), producing a silent wrong lip/colour	chara-parser.ts:237 maps Number('') to 0, so "0.2,0.3,0.4," passes the NaN check as 4 parts with alpha 0 and resolver :345 marks the lip inert/noLip; this contradicts the function's own doc promise to throw loudly on malformed values. Hand-edit only.
core-chara	core-chara-03	REJECTED							MAIN	packages/core/src/services/chara/chara-resolver.ts	401				Defended by design: a chunk-load rejection is a loud, retryable failure, the same contract as the hair/skin sheet dynamic imports awaited in the same resolve (CharacterColorService.ts:175,202; resolver :305,:365). chara-file-loader.ts:66-77 catches it and returns a localized 'failed' result; the loader's cache resets so a retry works. No wrong value is shown.
core-chara	core-chara-04	REJECTED							MAIN	packages/core/src/services/chara/chara-parser.ts	475				This is the designed unknown-stain path: getByStainId returns null and the UI and GPOSERS show the file's own value as '#id' (chara-gposers.ts:44 'or `#id` for a stain the build does not know'; glamour-block.ts:789,844). Flooring 1.5 to 1 would invent a dye. Only a hand edit reaches it, and nothing crashes.
core-chara	core-chara-05	CONFIRMED	BUG	LOW	Edge case	N/A	N/A	packages/core	MAIN	packages/core/src/services/CharacterColorService.ts	335	no		CharacterColorService.findClosestDyes BUG-056 guard misses NaN/non-number count -> TypeError on best[-1]	StorageService.getItem returns the raw string when JSON.parse fails (storage-service.ts:81-83), so a corrupted v3_character_max_results like `abc` becomes count 'abc'. 'abc' <= 0 and best.length < 'abc' are both false, so CharacterColorService.ts:351 reads best[-1].distance and throws a TypeError. This is the exact corruption route BUG-056's comment names.
core-chara	core-chara-06	REJECTED							MAIN	packages/core/src/services/chara/chara-twins.ts	71				No input reaches this: api-worker pickItem (resolver.ts:93-122) excludes primary.rowId from `chosen` and adds only sorted.slice(1), and a single XIVAPI search page has unique row_ids. The cited line is also wrong: chara-twins.ts is 165 lines and charaTwinsOf is at :71. It is a latent hypothetical, not a behaviour a test fails to pin.
core-data	core-data-01	CONFIRMED	BUG	MEDIUM	Edge case	N/A	N/A	packages/core	MAIN	packages/core/src/services/PaletteService.ts	272	no	MEDIUM	PaletteService kMeansClustering caps k at pixel count, so images with fewer distinct colours than colorCount return duplicate 0-pixel clusters that discord /extractor renders as rows	Once every distinct colour is a centroid, k-means++ :166-168 picks a duplicate pixel. Strict < in assignToClusters gives the clone 0 pixels and updateCentroids keeps it. discord extractor.ts:525-556 has no pixelCount filter: dedupe swaps each clone to a 'next best' dye, bandSlices gives it 7px, and the count inflates. web-app filters it and documents this exact case at extractor-tool.ts:2145-2158.
core-data	core-data-02	CONFIRMED	UNTESTED	LOW	Untested behavior	N/A	N/A	packages/core	MAIN	packages/core/src/services/dye/__tests__/DyeSearch.test.ts	332	partly		DyeSearch.test.ts findClosestDye/findDyesWithinDistance tests pass on null or empty results	Vacuous on null or empty: toBeDefined + optional chain (:310-336), unguarded if (:510, :631), Array.isArray-only (:637-645). Misread: limit:0 (:515-522) asserts toBeGreaterThan(0), a real check. 3-digit hex is supported (normalizeHexKey :199), so nothing is hidden today.
core-data	core-data-03	CONFIRMED	BUG	LOW	Edge case	N/A	N/A	packages/core	MAIN	packages/core/src/services/DyeService.ts	350	no		DyeService.searchByLocalizedName returns all 125 dyes for an empty or whitespace query when the locale is loaded	An empty or whitespace query folds to '' at :350, and every nameLower.includes('') is true. searchByName (DyeSearch.ts:83-89) returns []. Latent: the only caller, api-worker routes/dyes.ts:51, rejects an empty or whitespace q. foldForSearch keeps a leading combining mark, so no non-empty trimmed query folds to ''.
core-data	core-data-04	CONFIRMED	BUG	LOW	Error handling	N/A	N/A	packages/core	MAIN	packages/core/src/services/dye/DyeDatabase.ts	186	no		DyeDatabase.initialize accepts an all-invalid payload as a loaded empty DB, and duplicate ids only log through the NoOp logger	The empty check :186-190 runs before the isValidDye filter :286; nothing re-checks afterwards, and isLoaded=true at :384. The duplicate id at :325-329 only calls logger.error despite its 'Fail loudly' comment. Latent: every caller passes the bundled dyeDatabase, which dye-vocabulary.test.ts guards. DEAD-047 (KEEP) covers the hue index, not :325.
core-data	core-data-05	CONFIRMED	BUG	LOW	Logic	N/A	N/A	packages/core	MAIN	packages/core/src/data/dyes.json	211	no		dyes.json English name 'Opo-Opo Brown' disagrees with en.json/dyenames.csv 'Opo-opo Brown' (stainID 24, itemID 5752)	A node comparison of dyes.json name vs en.json dyeNames[legacyItemID] finds 1 of 125 mismatches: stainID 24 (the claim said 20), itemID 5752. The CSV's English column comes from XIVAPI (scripts/README.md:28), so dyes.json is the outlier. Cosmetic: casing differs between dye.name and the localized en name.
core-data	core-data-06	CONFIRMED	BUG	LOW	Error handling	N/A	N/A	packages/core	MAIN	packages/core/scripts/build-locales.ts	114	no		build-locales.ts writes locale JSONs before exiting 1 on missing cells, and never checks dyes.json ids against dyenames.csv rows	The write loop :114-133 runs before the missingCells exit at :138-152. buildDyeNames (:319-333) iterates CSV rows only. No script line or test cross-checks dyes.json ids (only a comment at :94). The only locale test spot-checks 2 ids (LocaleLoader.test.ts:88-89). Dev-tooling, defended at runtime by the English fallback.
core-data	core-data-07	REJECTED	OPT	N/A	N/A	N/A	N/A	packages/core	MAIN	packages/core/src/services/APIService.ts	536	no		APIService.getPriceData drops the pending entry before the async cache write	The ordering is real, but the repro path has no in-repo caller. The only hit is the web-app wrapper at api-service-wrapper.ts:258, which DEAD-020 marks test-only. web-app prices go through getPricesForDataCenter (market-board-service.ts:353). The gain is one duplicate fetch in a write window.
core-data	core-data-08	REJECTED	BUG	N/A	N/A	N/A	N/A	packages/core	MAIN	packages/core/src/services/PaletteService.ts	146	no		PaletteService k-means++ uses Math.random, so palettes vary between runs	Decided trade-off: extractor-tool.ts:451-456 documents random seeding and re-extracts only on a colour-count change. Standard k-means++ randomness gives valid palettes; no determinism contract exists. This is a feature request, not a defect.
svg	svg-01	CONFIRMED	BUG	MEDIUM	Edge case	N/A	N/A	packages/svg	MAIN	packages/svg/src/gradient.ts	103	no	LOW	gradient.ts ROW_WIDTHS.lead=28 ellipsises two-digit merged step ranges ('9–10' -> '9–…', '10–12' -> '10…')	The lead is drawn via frame.ts:570 fitText(lead, 28, 13, 'mono'), which is 8.06 px per char (base.ts:310, factor 0.62). bot-logic gradient.ts:310 builds `${start}–${end}` and steps go up to 12 (schemas.ts:400). '9–10' is 32.2 px, so it renders as '9–…'; '10–12' is 40.3 px, so it renders as '10…'. The step span is lost from the card.
svg	svg-02	CONFIRMED	BUG	LOW	Logic	N/A	N/A	packages/svg	MAIN	packages/svg/src/glamour-card.ts	237	no		glamour-card.ts look label drawn at 10.5 px, below the documented 11 px type floor	glamour-card.ts:237-239 draws lookLabel with `size: 10.5`, and :211 measures it at 10.5. frame.ts:10 and svg CLAUDE.md:21 both say 'Nothing below 11, ever'. No documented exception exists in docs or CLAUDE.md, and no other svg source goes below 11.
svg	svg-03	CONFIRMED	UNTESTED	LOW	Untested behavior	N/A	N/A	packages/svg	MAIN	packages/svg/src/frame-budget.test.ts	28	no		frame-budget.test.ts type-floor/text-extent gate omits glamour, swatch, a11y, dye-info and budget-ledger cards	frame-budget.test.ts:28-35 imports only harmony, gradient, mixer, palette, nearest, random, contrast and comparison. The five other card families get only height<=350 or literal-size checks (swatch-card.test.ts:133, svg-pipeline.integration.test.ts). svg-02's live 10.5 px label proves the gap lets a floor violation ship.
svg	svg-04	CONFIRMED	BUG	LOW	Edge case	N/A	N/A	packages/svg	MAIN	packages/svg/src/contrast-card.ts	106	no		contrast-card.ts tone/tier judged on the raw ratio while 13C·1 prints it rounded to 1 dp (2.96 shows '3.0' in failing red)	ratioTier (:106-111) uses raw >=7/4.5/3. render13C1 prints num(p.ratio, lang, 1) (:427) in ratioTone(p.ratio) (:414), so 2.96 prints '3.0' in the tier-0 tone and 6.96 prints '7.0' in the tier-2 tone. The tier is WCAG-correct (no rounding), but the printed figure contradicts it. 13A/13B have the same edge at 2 dp (2.996 prints '3.00').
svg	svg-05	CONFIRMED	REFACTOR	N/A	N/A	LOW	N/A	apps/discord-worker	MAIN	apps/discord-worker/src/services/budget/budget-calculator.ts	52	no		budget-calculator.ts mirrors the svg ledger geometry with literals (350-43-27, 24, 40, 32, 47) instead of the exported LEDGER_* constants	Calculator :52-56 hardcodes the six numbers that budget-ledger.ts:107-116 owns. It uses them at :235/:243 to pack rows. Four of the constants are already exported from the barrel (index.ts:207-215) and go unused. GROUP_H and ROW_H barrel re-exports were removed by the earlier DEAD-015 because nothing imported them. Nothing tests parity.
svg	svg-06	CONFIRMED	BUG	LOW	Edge case	N/A	N/A	packages/svg	MAIN	packages/svg/src/emitted-glyphs.ts	141	no		emitted-glyphs.ts scanner fails open on \u escapes in literals and on a keyword-preceded regex (return /'/)	Inside a literal, :141-143 skips every backslash pair, so '★' records nothing. At :97, prev 'n' from `return` makes `/` division, so a following quote opens a string and desyncs; an even number of flips escapes the EOF throw at :169. The input is future card source, which is exactly what this gate judges, so it is latent but live. No current scanned source triggers it: the only \u hits are escapeXml's regex strings at base.ts:19-21.
svg	svg-07	REJECTED	REFACTOR	N/A	N/A	N/A	N/A	packages/svg	MAIN	packages/svg/src/glamour-card.ts	224	no		glamour/swatch/budget-ledger no row slice; comparison/contrast routers on empty input	This is a documented trade-off, and every input is blocked upstream. The generators say 'capped upstream' (glamour-card.ts:200, swatch-card.ts:175). Callers cap: bot-logic glamour.ts:405, swatch.ts ROW_CAP loop, and calculator ROW_CAP. The comparison/contrast handlers reject fewer than 2 dyes or any unresolved dye, with no dedup. Only comparison has a 'total' docblock, scoped to schema inputs 2-4.
bot-logic	bot-logic-01	CONFIRMED	BUG	MEDIUM	Edge case	N/A	N/A	packages/bot-logic	MAIN	packages/bot-logic/src/input-resolution.ts	210	no	MEDIUM	input-resolution.ts resolveColorInput: all-digit 6-char hex without '#' (000000, 333333, 123456) is read as a dye id and returns null	isBareNumber (l.49) wins before isValidHex; parseDyeIdInput gives null for 0 and for >48227 (max legacyItemID), so /gradient, /mixer, /harmony, /contrast, /accessibility reply invalidColor; resolveDyeInput accepts the same input.
bot-logic	bot-logic-02	CONFIRMED	BUG	MEDIUM	Logic	N/A	N/A	packages/bot-logic	MAIN	packages/bot-logic/src/commands/gradient.ts	273	no	MEDIUM	gradient.ts/mixer.ts apply dyeFilters after a capped nearest-N search, so steps report no match although allowed dyes exist	Temp repro with excludeVendorDyes (85 of 125 excluded): 21/125 dye hexes find nothing in 10 tries, 7 in 20. White->black gradient gives the #666666 step NONE at distance 999; the Snow White+Soot Black mixer sweep drops its 65% stop. Harmony filters the pool first (harmony.ts:210).
bot-logic	bot-logic-03	CONFIRMED	BUG	LOW	Logic	N/A	N/A	packages/bot-logic	MAIN	packages/bot-logic/src/commands/glamour.ts	251	no		glamour.ts gposersList writes the 'Model <key>' placeholder as an item name and drops Facewear when glasses are unresolved	readPiece sets name = t('card.glamourNoItemName') ('Model {key}'), and gposersList (l.324) copies piece.name into GposersInput. l.327/450 add Facewear only when answer.glasses resolves. The web builder glamour-list-actions.ts:65-108 deliberately leaves the slot nameless and writes a bare Facewear line.
bot-logic	bot-logic-04	CONFIRMED	UNTESTED	MEDIUM	Untested behavior	N/A	N/A	packages/bot-logic	MAIN	packages/bot-logic/vitest.config.ts	20	no	LOW	bot-logic branch coverage 88.38% (502/568) is below its own 90% vitest threshold; glamour.ts has 25 uncovered branches; CI never enforces it	coverage-summary.json shows 502/568 branches (90% needs 512) and glamour.ts at 79/104. CI runs 'turbo run test' (vitest run, coverage off) and never runs test:coverage, so the threshold is not enforced. The truncation, company, glasses and blocked paths can regress with every test green.
bot-logic	bot-logic-05	CONFIRMED	BUG	LOW	Error handling	N/A	N/A	packages/bot-logic	MAIN	packages/bot-logic/src/commands/glamour.ts	487	partly		execute* final 'catch {}' blocks discard the exception and return GENERATION_FAILED; adapters log only the code	Bare catch at glamour:487, swatch:399, harmony:350, mixer:170, gradient:356, dye-info:185/296, accessibility:252, plus comparison:138 and contrast:129 (the claim's 313/445 line numbers are wrong). The adapter logs only {error: code} (discord glamour.ts:166). The one-dye comparison test pins a TypeError in renderDuel (o.deltaE(0,1) reads dyes[1].hex). LOW: Workers Logs are off by policy, so only wrangler tail would show the message.
bot-logic	bot-logic-06	CONFIRMED	BUG	LOW	Error handling	N/A	N/A	packages/bot-logic	MAIN	packages/bot-logic/src/i18n/locale-resolution.ts	159	partly		locale-resolution.ts resolveUserLocale never passes a logger to getLegacyLanguagePreference, so the 'louder' KV-failure log never fires	The file is 172 lines; the call is l.159, not 306. The LocaleResolutionLogger docblock (l.32-35) says the unification kept the logging copy, but no caller passes a logger, so logger?.error (l.123) never fires. initializeLocale's silent catch is localization.ts:63-70, not 380-387; not caching a failure is the intended fix of the rejected-init pattern, not a defect. Fallback values are by design (l.139-141), so the only gap is the missing log line.
pkg-foundation	pkg-foundation-01	CONFIRMED	BUG	LOW	Edge case	N/A	N/A	packages/logger	MAIN	packages/logger/src/core/base-logger.ts	303	no		logger redactSensitiveFields spread-copies toJSON objects (Date/URL), logging them as {}	Narrower than the claim. The {...context} spread at base-logger.ts:303 destroys only values that have a toJSON (Date, URL): a repro logged {at:{},u:{}}, where plain JSON.stringify gives the ISO string and href. Error, Map and Uint8Array already serialize the same way without redaction, so that half is not a defect. LOW: no in-repo caller logs a Date or URL in context.
pkg-foundation	pkg-foundation-02	CONFIRMED	BUG	LOW	Logic	N/A	N/A	packages/logger	MAIN	packages/logger/src/core/base-logger.ts	287	no		logger context string values skip sanitizeErrorMessage key=value/JSON-key redaction	Context strings only get looksLikeSecretValue (base-logger.ts:287), never SANITIZE_RULES. A repro emitted both 'upstream said password=hunter2' and the JSON '{"access_token":"abc"}' verbatim. LOW (latent): oauth xivauth.ts:176-182 logs only the status in production (the body is dev-only debug), and discord-api.ts:270/315 log Discord error JSON, which carries no secret.
pkg-foundation	pkg-foundation-03	CONFIRMED	OPT	N/A	N/A	N/A	LOW	packages/logger	MAIN	packages/logger/src/core/base-logger.ts	274	no		logger redactSensitiveFields rebuilds the normalized redact Set per node per call	Lines 273-275 sit inside redactSensitiveFields, so every object node on every log call rebuilds normalize plus a Set over redactFields. That is about 48 entries for the worker preset, because the constructor prepends CORE to WORKER_REDACT_FIELDS, which already includes CORE. Real but tiny.
pkg-foundation	pkg-foundation-04	REJECTED	BUG	N/A	N/A	N/A	N/A	packages/auth	MAIN	packages/auth/src/hmac.ts	244	no			No query binding is the documented contract (hmac.ts:244: 'URL path only (no origin, no query)'). A replay needs a captured request, but traffic goes over a service binding with a TLS fallback, so there is nothing to capture. The single-use nonce (presets-api auth.ts:207-235) also means a replay must beat the original to the server. Unreachable input; defended elsewhere.
pkg-foundation	pkg-foundation-05	CONFIRMED	REFACTOR	N/A	N/A	LOW	N/A	packages/auth	MAIN	packages/auth/src/jwt.ts	22	no		auth JWTPayload doc falsely claims a re-export from types and mislabels sub	auth/jwt.ts:22-23 says the interface is 're-exported from @xivdyetools/types', but auth is Level 0 with no types dependency and declares its own JWTPayload. That copy diverges: iss, username, global_name and avatar are optional, and auth_provider and discord_id are absent. The same doc labels sub 'Discord user ID', but oauth mints the internal user id (jwt-service.ts:129). Stale doc, no runtime defect.
pkg-foundation	pkg-foundation-06	CONFIRMED	REFACTOR	N/A	N/A	LOW	N/A	packages/logger	MAIN	packages/logger/src/core/base-logger.ts	598	no		logger orphaned MAX_STRINGIFY_NODES JSDoc sits above AUTH_SCHEMES	The S10-R18 MAX_STRINGIFY_NODES JSDoc at base-logger.ts:598-609 is directly followed by a second JSDoc and then const AUTH_SCHEMES at :633. The constant it describes is declared at :730 with no doc, so IDE hover and readers attach the budget text to nothing. Cosmetic.
worker-kit-test-utils	worker-kit-test-utils-01	CONFIRMED	BUG	LOW	Edge case	N/A	N/A	packages/worker-kit	MAIN	packages/worker-kit/src/body-guards/body-guards.ts	106	no		worker-kit jsonDepthLimit: case-sensitive Content-Type check lets oauth JSON bodies skip the depth/__proto__ guard	body-guards.ts:105-108 skips unless content-type includes lowercase 'application/json'; oauth mounts it on /auth/* (index.ts:237) with no Content-Type gate, and callback.ts:53 / xivauth.ts:84 call c.req.json() regardless, so text/plain or Application/JSON bodies bypass SEC-003. Handlers read named fields only and bodySizeLimit still applies, so no downstream harm: a defense-in-depth gap, LOW.
worker-kit-test-utils	worker-kit-test-utils-02	REJECTED	BUG	N/A	N/A	N/A	N/A	packages/worker-kit	MAIN	packages/worker-kit/src/rate-limiter/ip.ts	63	no		getClientIp keys IPv6 by full /128	Already reviewed and dropped: 2026-08-29 security audit review-api-worker.md:204 rejects 'Per-IP keys do not bucket IPv6 /64s' as a generic platform limitation. Also, presets-api's authenticated limiter keys by user id (middleware/rate-limit.ts:154), not IP, so the MEDIUM blast radius is overstated.
worker-kit-test-utils	worker-kit-test-utils-03	CONFIRMED	BUG	LOW	Logic	N/A	N/A	packages/worker-kit	MAIN	packages/worker-kit/src/middleware/rate-limit.ts	209	no		worker-kit rateLimitMiddleware deny paths drop Retry-After/X-RateLimit-* when formatError returns a raw Response	Reproduced in a temporary test, since deleted: formatError returning new Response('x',{status:429}) yields 429 with only content-type, no Retry-After and no X-RateLimit-*. The pre-return c.header() writes land in Hono #preparedHeaders, which a raw Response never merges. Latent: no app passes formatError (git grep apps/*/src).
worker-kit-test-utils	worker-kit-test-utils-04	CONFIRMED	BUG	LOW	Edge case	N/A	N/A	packages/worker-kit	MAIN	packages/worker-kit/src/rate-limiter/backends/kv.ts	281	no		worker-kit KVRateLimiter.reset/resetAll read a single kv.list page (no cursor loop)	kv.ts:273 and :281 (not :191) call kv.list once and delete only that page, so real KV's 1000-key page cap leaves the rest. Latent: no app calls reset() or resetAll() (git grep apps/*/src). reset(key) covers one client's window keys, so in practice only resetAll is exposed.
worker-kit-test-utils	worker-kit-test-utils-05	CONFIRMED	BUG	LOW	Edge case	N/A	N/A	packages/test-utils	MAIN	packages/test-utils/src/cloudflare/kv.ts	233	no		test-utils KV/R2 mock list(): cursor resume never ends when the cursor's key was deleted; insertion order instead of lexicographic	Cited lines are wrong (kv.ts has 291 lines), but the logic is real at kv.ts:219-234 and r2.ts:233-242: resume skips until key === resumeAfter. If that key was deleted (or expired, for KV) between pages, skipping never clears and the call returns empty and complete. Map insertion order is not real KV/R2 lexicographic order. Mock-fidelity only.
worker-kit-test-utils	worker-kit-test-utils-06	CONFIRMED	BUG	LOW	Edge case	N/A	N/A	packages/test-utils	MAIN	packages/test-utils/src/cloudflare/d1.ts	261	no		test-utils createMockD1Database first() returns undefined (real D1: null) when the mock fn returns undefined	d1.ts:255-261 returns the mockFn's undefined unchanged, where real D1 first() returns null. The input exists in tests: presets-api categories.test.ts:112 _setupMock(() => undefined) and presets.test.ts:958 return undefined. Production checks such as moderation-worker ban-service.ts:50,71 'row !== null' would read undefined as banned; presets-api ban-check.ts:63 already adds '!== undefined' to work around it.
root-ci	root-ci-01	CONFIRMED	BUG	MEDIUM	Race	N/A	N/A	root (CI/scripts)	MAIN	.github/workflows/ci.yml	42	no	LOW	ci.yml workflow-level concurrency ci-${{ github.ref }} + cancel-in-progress: true cancels main-push and nightly-schedule runs against each other	ci.yml:42-44 is a workflow-level group keyed only on ref with cancel-in-progress: true; main pushes and the schedule both resolve to refs/heads/main. A batch merge cancels every run but the last (whose ...[HEAD^] filter only diffs that commit), and an 11:17 schedule run (audit-only, ci/e2e skipped by `if != schedule`) cancels an in-flight push run.
root-ci	root-ci-02	CONFIRMED	BUG	MEDIUM	Error handling	N/A	N/A	root (CI/scripts)	MAIN	.github/workflows/publish-packages.yml	157	no	LOW	publish-packages.yml Publish loop records FAILED+= and keeps publishing dependents of a failed package	Loop (155-163) never skips later packages after a failure; svg/bot-logic use workspace:* on core, which pnpm rewrites to core's unpublished local version. release-process.md:56-58 itself says such a consumer fails to install for external users. Self-heals only after core is republished.
root-ci	root-ci-03	CONFIRMED	BUG	LOW	Edge case	N/A	N/A	root (CI/scripts)	MAIN	.github/workflows/deploy-oauth.yml	6	no		Production deploy workflows' paths filters omit pnpm-lock.yaml / pnpm-workspace.yaml / turbo.json / tsconfig.base.json	grep finds none of the root files in any deploy-*.yml; all 8 production deploys (api, discord, image, moderation, oauth, og, presets-api, web-app Pages; claim said 7) are affected, so an overrides/lockfile-only runtime fix never redeploys. LOW: workflow_dispatch is the manual escape.
root-ci	root-ci-04	CONFIRMED	BUG	LOW	Logic	N/A	N/A	root (CI/scripts)	MAIN	scripts/check-dead-code.ts	742	no		check-dead-code.ts findOrphanModules / findTestOnlyMembers read EXCLUDED_REFERRERS raw instead of via referrerTexts	Reproduced orphan path: a fixture string `from './types'` in scripts/check-dead-code.test.ts turned a zero-importer prod types.ts into a test-only 'file' violation (exit-code affecting) while findTestOnlyExports returned []. Member path (L1438, prod raw texts at ~1488) is code-read only; contradicts docblock 616-632 and CLAUDE.md 'read MASKED'. Latent: gate exits 0 at HEAD.
root-ci	root-ci-05	CONFIRMED	UNTESTED	LOW	Untested behavior	N/A	N/A	root (CI/scripts)	MAIN	scripts/check-doc-versions.ts	160	no		check-doc-versions.ts promises failure on a non-semver version claim but silently drops the row	VERSION_CELL miss -> `if (!m) continue` (159-160), no claim; docblock :26-27 promises a failure. Today a single malformed row still fails via `uncovered` (misleading message); the silent pass needs a duplicate row for the same workspace in one file, which no table has now -> latent.
root-ci	root-ci-06	CONFIRMED	REFACTOR	N/A	N/A	LOW	N/A	root (CI/scripts)	MAIN	.github/workflows/ci.yml	256	no		Stale comments: ci.yml check-bundle-size scope, web-app vitest coverage-report baseline, orphaned docblock above asReferrers	ci.yml:256 says only discord-worker declares check-bundle-size, but apps/web-app/package.json:27 does too; vitest.config.ts:57 says 80/80/80/75 vs APP_BASELINE all 80 (coverage-report.ts:57 at main); check-dead-code.ts:643 docblock is orphaned. CLAUDE.md 'Not inside it' is accurate (local gate) - scope is the three comments.
contract-revision-binding	contract-revision-binding-01	CONFIRMED	BUG	MEDIUM	Logic	N/A	N/A	apps/discord-worker	MAIN	apps/discord-worker/src/handlers/commands/preset.ts	576	no	MEDIUM	discord-worker preset.ts notifyModerationChannel duplicates presets-api webhook moderation post (bot copy legacy-only)	Bot submit/edit calls its own notifyModerationChannel/notifyEditModerationChannel (preset.ts:576,:924; no contentRevision -> legacy ids) and presets-api calls notifyDiscordBot unconditionally (presets.ts:868,:1090; no source filter in notifyDiscordBot); the webhook (index.ts:402) posts a second, bound embed from the same MODERATION_CHANNEL_ID.
contract-revision-binding	contract-revision-binding-02	CONFIRMED	BUG	LOW	Error handling	N/A	N/A	apps/moderation-worker	PR-#225	apps/moderation-worker/src/services/preset-api.ts	404	no		moderation-worker getModerationPreset treats a missing-route 404 as 'preset gone' and strips live review buttons	Real code gap but defended elsewhere: getModerationPreset (preset-api.ts ~404, not :357 which is getPreset) maps any 404, incl. 2.3.x route 404 (main index.ts:259), to null -> review-message.ts:171 strips buttons; mw CHANGELOG:10-11 does order the deploy (after presets-api 2.4.0), so only a misordered deploy or presets-api rollback hits it.
contract-revision-binding	contract-revision-binding-03	CONFIRMED	REFACTOR	N/A	N/A	LOW	N/A	apps/discord-worker	PR-#227 + PR-#225 + PR-#224	apps/discord-worker/src/handlers/commands/preset-notifications.ts	78	no		Review custom_id grammar and status list duplicated across discord-worker, moderation-worker and presets-api with no parity check	The status set and id grammar are hand-copied: dw preset-notifications.ts:78-90 ('Keep in step'), dw test BOUND_ID_RE, mw review-custom-id.ts:76, mw preset-api.ts:48, presets-api moderation.ts:80. Nothing cross-checks them; each app tests only its own copy.
contract-revision-binding	contract-revision-binding-04	CONFIRMED	BUG	LOW	Logic	N/A	N/A	apps/presets-api	PR-#224	apps/presets-api/CHANGELOG.md	13	no		presets-api 2.4.0 changelog intro denies a migration that its Rollout section requires (0015)	CHANGELOG.md:13 says 'No schema change and no migration' while the Rollout (:88-105) marks hand-running migrations/0015 Required, and wrangler.toml:123-124 adds a cron. Defended by the Rollout section and REMEDIATION_PLAN.md:268,271, so LOW.
contract-retention-0015	contract-retention-0015-01	CONFIRMED	BUG	LOW	Error handling	N/A	N/A	apps/presets-api	PR-#224	apps/presets-api/src/retention-job.ts	43	partly		retention-job.ts runRetentionJob: prunes swallow D1 errors, so a failed sweep reports success with no durable signal	Every real prune catches its own D1 error and returns void, so `rejected` can never be non-zero and a total failure still logs done {fulfilled:3,rejected:0}. The docblock's 'visible in the prune's own warning' (retention-job.ts:29-31) has no durable channel because observability is pinned off. Graded LOW: the prunes go by age and are idempotent, so a transient D1 failure clears on the next run, and only a persistent failure, which nothing in the current schema produces, would let retention lapse.
contract-retention-0015	contract-retention-0015-02	REJECTED	BUG	N/A	N/A	N/A	N/A	apps/presets-api	PR-#225	apps/presets-api/src/services/moderation-retention-service.ts	76	no		Pre-deploy lifted bans keep username and reason until the 90-day prune, despite the policy's 'cleared at once'	This is a tracked, decided deploy-window step, not a code defect. The exact backfill for bans lifted before the deploy is recorded as an optional hand-run in REMEDIATION_PLAN.md:178 and moderation-worker CHANGELOG.md:43-45. FINDING-005.md:21 repeats it as optional in the same status line that lists the #227/#230 policy amendments. Origin is also mis-tagged: the gap comes from #225 (c7fd9eba unban scrub) plus #227 (d1fdb89a/274407cc wording), not #224's prune at line 76.
contract-universalis-limiter	contract-universalis-limiter-01	REJECTED	BUG	N/A	N/A				MAIN	apps/api-worker/src/universalis/router.ts	140	no			The code matches the claim (router.ts:139-141 keys on the full lowercased CF-Connecting-IP, ip.ts:87-89), but this exact suspicion was already dropped in the 2026-08-29 security audit's Rejected list as a platform-wide limitation shared by every worker: /v1 isServiceBinding/per-IP keying in middleware/rate-limit.ts uses the same getClientIp. It has no proxy-specific angle, and a multi-address IPv4 client gets the same effect.
contract-universalis-limiter	contract-universalis-limiter-02	CONFIRMED	UNTESTED	LOW	Untested behavior	N/A	N/A	apps/api-worker	PR-#229	apps/api-worker/src/universalis/router.ts	125	no		router.ts SERVICE_BINDING_BUDGET_MULTIPLIER can drift from the UNIVERSALIS_SERVICE_RATE_LIMITER binding with no failing test	On the binding path, SERVICE_BINDING_BUDGET_MULTIPLIER (router.ts:125, not exported) only feeds the single tier's reported limit and the KV-fallback budget. router.test.ts:291-309 takes its ceiling from fakeBinding(20), the svc KV test sends one request, no test asserts the service-scope X-RateLimit-Limit, and wrangler-config.test.ts:94 compares the toml against its own copy of 20. Changing the router constant fails no test.
contract-universalis-limiter	contract-universalis-limiter-03	REJECTED	BUG	N/A	N/A				PR-#229	apps/api-worker/src/universalis/services/rate-limiter.ts	67	partly			The failing input is defended. A toml name typo fails tests/wrangler-config.test.ts:117-125, which requires the exact UNIVERSALIS_RATE_LIMITER / UNIVERSALIS_SERVICE_RATE_LIMITER blocks in both envs, and a code-side typo fails type-check against Env (types.ts:35). Falling back to KV when a binding is absent is the documented design shared with /v1, accepted in the 2026-08-29 Rejected list. Only the comment and test wording is loose.
contract-universalis-limiter	contract-universalis-limiter-04	REJECTED	BUG	N/A	N/A				MAIN	apps/discord-worker/wrangler.toml	35	no			This is a decided trade-off. discord-worker/wrangler.toml:18-20 says the service bindings are shared with production on purpose, and docs/operations/DEPLOY_ENVIRONMENTS.md:20 documents the shared PRESETS_API / UNIVERSALIS_PROXY / IMAGE_WORKER bindings. The beta bot also has its own per-user command limits.
contract-oauth-origin	contract-oauth-origin-01	REJECTED	BUG	N/A	N/A	N/A	N/A	apps/api-worker	MAIN	apps/api-worker/wrangler.toml	110	no		Retired projectgalatine custom domains still routed in api-worker/presets-api/moderation-worker	The failing state only happens if someone breaks a documented procedure. DOMAIN_DEPRECATION.md Phase 2 steps 1-3 put the safe order in writing (delete the route line, deploy, then remove the dashboard domain). Its 2026-10-04 Progress section records the auth./bot. out-of-order incident and warns against deploying before the route-line removal. The Status line says moderation-bot. and api. are still attached, so a deploy today only re-asserts live domains. proxy. is held back on purpose by the Phase 3 gate (notice window plus check-4 traffic). 'No scheduled removal' describes a planning state, not a code defect.
contract-oauth-origin	contract-oauth-origin-02	REJECTED	UNTESTED	N/A	N/A	N/A	N/A	apps/moderation-worker	MAIN	apps/moderation-worker/tests/wrangler-config.test.ts	99	partly		moderation-worker wrangler test requires the retired projectgalatine route; no exact route pin in presets-api/api-worker	moderation-worker/tests/wrangler-config.test.ts:94-101 pins the current production routes, which are kept on purpose until Phase 2. Going red on removal is the intended forced flip inside the retirement PR. In presets-api and api-worker the route is still present, so it cannot be 're-added', and a test staying green after removal is the desired direction. Neither repro produces a wrong outcome on this code, and the exact-list pin is future work for each retirement PR.
contract-oauth-origin	contract-oauth-origin-03	CONFIRMED	REFACTOR	N/A	N/A	LOW	N/A	root (CI/scripts)	MAIN	docs/operations/OPEN_ITEMS.md	91	no		OPEN_ITEMS Phase 0 entry and DOMAIN_DEPRECATION inventory line numbers are stale	Confirmed in part. OPEN_ITEMS.md:91-92 still says '[ ] Start ... Phase 0', but Phase 0 checks 1-3 were recorded on 2026-08-09 and Phase 2 is partly done. The DOMAIN_DEPRECATION inventory line numbers 64/62/75 point at the wrong lines (the routes are at 72/72/110). The DEPLOY_ENVIRONMENTS.md:192,200 sub-claim is rejected: lines 210-212 label that block as the routes 'as they were moved' and point to DOMAIN_DEPRECATION for the current state. Impact is small because the Phase 2 steps go by route pattern, not line number.
gap-1	gap1-01	CONFIRMED	BUG	MEDIUM	State	N/A	N/A	apps/web-app	MAIN	apps/web-app/src/components/gradient-tool.ts	246	no	MEDIUM	GradientTool/SwatchTool never seed dyeFiltersConfig from persisted config at mount	Gradient ctor (gradient-tool.ts:245-251) seeds displayOptions/matchingMethod/preventDuplicates from getConfig('gradient') but never dyeFilters; swatch-tool.ts never reads getConfig('swatch') at all (only 'market' :392). subscribe() (config-controller.ts:346-361) fires no initial callback and v4-layout.ts:192 forwards only {[key]:value}, so persisted filters are ignored until the next sidebar toggle.
gap-1	gap1-02	CONFIRMED	UNTESTED	MEDIUM	Untested behavior	N/A	N/A	apps/web-app	MAIN	apps/web-app/src/components/__tests__/swatch-tool.test.ts	723	no	MEDIUM	No gradient/swatch test asserts persisted dyeFilters are applied to matching (swatch test is not.toThrow only)	swatch-tool.test.ts:723-733 only asserts setConfig({dyeFilters}) does not throw; git grep finds no dyeFilters/excludeMetallic in gradient-tool.test.ts, e2e gradient/swatch specs, so no test seeds a persisted filter before construction or asserts matching excludes a dye.
gap-2	gap2-01	REJECTED	BUG	N/A	N/A	N/A	N/A	apps/presets-api	MAIN	apps/presets-api/src/middleware/ban-check.ts	147	no			Not a regression and not a gap in the fix. The bot branch proves only snowflake S (auth.ts bot AuthContext has no jwtSub/jwtDiscordId), and S passed the ban check exactly the same way before the link and on main. Linking changes nothing on the bot path. This is the evasion class FINDING-014.md accepted as LOW ("a banned user can already evade with a fresh Discord account"). Once S authors anything via the bot it appears in the ban picker (ban-service.ts:103-117 lists presets.author_discord_id), so a moderator can ban S. The CHANGELOG (:32) promises only ids "a session proves". The candidate's origin (PR-#224) is also wrong: the behaviour dates from MAIN.
gap-2	gap2-02	REJECTED	BUG	N/A	N/A	N/A	N/A	apps/presets-api	PR-#224	apps/presets-api/src/handlers/presets.ts	368	partly			Deliberate, documented trade-off. presets.ts:362-366 keeps a banned identity's rows keyed by the banned id so that unban restores them, and the split heals on the next web sign-in (identity-rekey.test.ts:262 covers unban -> restore -> re-key). The S rows exist only through the gap2-01 bot submission, which was itself rejected.
gap-2	gap2-03	REJECTED	REFACTOR	N/A	N/A	N/A	N/A	apps/presets-api	PR-#224	apps/presets-api/src/middleware/ban-check.ts	30				The comments are misread. ban-check.ts:30 names the 09-16 sprint that writes bans, and :41 names Sprint 4 (#225, in this batch); neither says the work is pending. ban-check.ts:28-29/45 and moderation-worker README:50 already say the column holds the JWT sub (oauth internal UUID). No code compares it to oauth users.xivauth_id, so the repro has no failing reader. Only schema.sql:164 "XIVAuth UUID" is ambiguous, which is cosmetic.
gap-2	gap2-04	REJECTED	UNTESTED	N/A	N/A	N/A	N/A	apps/presets-api	PR-#224	apps/presets-api/src/services/identity-rekey-service.ts	39	partly			The behaviour this asks to test does not exist by design: the bot path never resolves a UUID, per gap2-01, so such a test would assert a missing feature. NOT_BANNED is exercised (identity-rekey.test.ts:223 ban race), and ban-check tests (:121-149) cover both columns and every id the web path proves.
gap-3	gap3-01	CONFIRMED	BUG	MEDIUM	Logic	N/A	N/A	apps/discord-worker	MAIN	apps/discord-worker/src/index.ts	407	no	MEDIUM	discord-worker /webhooks/preset-submission (index.ts:402) hardcodes kind 'new', so every flagged edit is posted as 'New Preset Pending' with no diff and no Revert, although the payload carries previous_values	presets.ts:846-866 spreads rowToPreset(editedRow) from SELECT * (preset-service.ts:358, :66-76), so previous_values is sent. index.ts:407 sets kind:'new', and the builder (preset-notifications.ts:214) adds Revert only for kind 'edit'. A web-source flagged edit therefore reaches the channel with no Revert path: the moderation-worker /preset command offers approve/reject only (commands/preset.ts:264). A bot edit gets Revert only through the duplicate legacy post (preset.ts:924).
gap-4	gap4-01	CONFIRMED	BUG	MEDIUM	Edge case	N/A	N/A	apps/web-app	MAIN	apps/web-app/src/components/chara-sheet.ts	166	no	MEDIUM	chara-sheet.ts saveCharacterColors: a duplicate record name fails with a generic 'save failed' toast and has no suffix fallback	chara-sheet.ts:162-170 calls createCollection with no unique-name loop. createCollection returns null on a case-insensitive duplicate (collection-service.ts:633-636), so a second save, or a palette already saved under the same nickname/file name, shows errors.saveChangesFailed and saves nothing. glamour-block.ts:1731-1738 has the suffix loop.
gap-4	gap4-02	CONFIRMED	BUG	LOW	Edge case	N/A	N/A	apps/web-app	MAIN	apps/web-app/src/components/chara-sheet.ts	162	no		chara-sheet.ts saveCharacterColors: ?? lets an empty or whitespace Nickname beat the file-name/default fallback, so the save always fails	`resolved.nickname ?? ...` (chara-sheet.ts:163) keeps '' or '   ', because the parser keeps any string (chara-parser.ts:487). The name then trims to empty and createCollection rejects it (collection-service.ts:627-630), so the save always fails. glamour-block.ts:1719 uses ||. No real Ktisis/Anamnesis output in the 1,142-file corpus has an empty Nickname, so it is latent.
gap-4	gap4-03	REJECTED	BUG	N/A	N/A	N/A	N/A	apps/web-app	MAIN	apps/web-app/src/components/chara-sheet.ts	162	partly		chara-sheet.ts: kind:'character' record named after the Ktisis nickname	Decided trade-off. CHANGELOG.md:1412 records the choice to keep the on-device nickname fallback 'exactly like the "Save character colors" record; neither local record is ever sent anywhere', and PRIVACY.md:35-39 documents that exception. Nothing leaves the device except a backup the user exports, so at most PRIVACY.md wording is incomplete.
gap-4	gap4-04	CONFIRMED	BUG	LOW	State	N/A	N/A	apps/web-app	MAIN	apps/web-app/src/components/chara-sheet.ts	415	no		chara-sheet.ts slot-card click re-renders the whole sheet and drops keyboard focus; selected state has no aria-pressed	The click handler at chara-sheet.ts:415-418 calls render(), which runs clearContainer(this.container) at :212 and rebuilds every <button> card. The focused button is detached, so keyboard focus falls to body. Nothing restores focus (pickCharaSlot has no focus call), and cards carry no aria-pressed.
gap-5	gap5-01	CONFIRMED	BUG	LOW	Edge case	N/A	N/A	apps/og-worker	MAIN	apps/og-worker/src/og-data-generator.ts	825	no		og-data-generator.ts generateOGDataForTool: gradient/mixer/harmony crawler ignores hexStart/hexEnd/hexA/hexB/hex slots, so a custom-colour share unfurls the generic tool card	Real: the web emits hexStart/hexEnd (gradient-tool.ts:1678-1685), hexA/hexB (mixer-tool.ts:1923-1926) and hex (harmony-tool.ts:1853), but the crawler reads only start/end, dyeA/dyeB and dye (og-data-generator.ts:815,825-826,836-837). A missing slot parses to 0, getDyeInfo(0) is null, and the result is toolDefault, whose og:url has no params (:184-193). Graded LOW, not MEDIUM: it only affects custom colours, and the degrade is honest (a generic card, no false dye). Budget documents the same degrade at :580-581.
gap-5	gap5-02	CONFIRMED	BUG	MEDIUM	Logic	N/A	N/A	apps/og-worker	MAIN	apps/og-worker/src/services/svg/gradient.ts	38	no	MEDIUM	services/svg/gradient.ts interpolate(): the card ramps in a space derived from algo (Lab for the default ciede2000) and ignores the shared interpolation (page default hsv), so its middle dyes differ from the page	Repro confirmed with a temporary test, now deleted. Ink Blue->Snow White, steps 5: the page's HSV ramp gives Morbol Green / Adamantoise Green / Pastel Green, but the card gives Ash/Goobbue/Charcoal Grey. Jet Black->Canary Yellow: browns on the page, greens on the card. interpolation is never parsed (og-data-generator.ts:825-829) and is not in OG_ALLOWED_QUERY_KEYS (index.ts:216). Distinct from og-worker-01, which covers ranking by ciede2000.
gap-5	gap5-03	REJECTED	BUG	N/A	N/A				MAIN	apps/og-worker/src/og-data-generator.ts	839	no			Unreachable from the app's own UI. mixRatio starts at 0.5 (mixer-tool.ts:136) and is set only from RATIOS [10,30,50,70,90] (:1179, :1307) or from the URL (:703), so 0 or 100 comes only from a hand-edited link. The 1..99 bound is documented (og-worker CLAUDE.md:140, :307).
gap-5	gap5-04	REJECTED	BUG	N/A	N/A				MAIN	apps/og-worker/src/og-data-generator.ts	584	no			perceptual is a documented, deliberate divergence (harmony.ts:101-108, the S7-R7/R10 cache-key ruling). The budget card shows no maxPrice/maxDelta and states nothing about limits, so there is no wrong result. The reviewer's own note says it is not re-filed.
gap-6	gap6-01	CONFIRMED	UNTESTED	MEDIUM	Untested behavior	N/A	N/A	apps/web-app	MAIN	apps/web-app/src/components/__tests__/harmony-tool.test.ts	127	no	LOW	harmony/mixer/budget/comparison tool tests never invoke the LanguageService.subscribe callback, so the language-switch update() path is never exercised	All four tool tests mock LanguageService.subscribe as vi.fn().mockReturnValue(() => {}) (harmony :127, mixer :130, budget :164, comparison :106), and none ever calls the captured callback. Only extractor-tool.test.ts:818 does. So the update() path at harmony-tool.ts:313, mixer-tool.ts:608, budget-tool.ts:267 and comparison-tool.ts:229 never runs in a test, and the a2-01/a2-02/tools-b-01 blanking bugs go uncaught.
gap-6	gap6-02	CONFIRMED	UNTESTED	MEDIUM	Untested behavior	N/A	N/A	apps/web-app	MAIN	apps/web-app/src/components/__tests__/mixer-tool.test.ts	206	no	LOW	mixer/budget tests never mount against a non-default persisted config; the mixer :206 getConfig mock is dead and budget never reads config at mount	Confirmed with a corrected mechanism. mixer-tool.ts:42 imports the real '@services/config-controller' (left unmocked), so the {} getConfig mock at :206 is dead. budget-tool.ts never calls getConfig at all. Neither test seeds a persisted config before mount, so the dyeFilters (a2-03) and budget display-option (a2-04) mount seeding goes untested.
gap-6	gap6-03	CONFIRMED	UNTESTED	LOW	Untested behavior	N/A	N/A	apps/web-app	MAIN	apps/web-app/src/components/__tests__/budget-tool.test.ts	466	no		budget-tool.test.ts Basic Rendering asserts non-null on test-created panels, so left-panel and drawer rendering is unverified	budget-tool.test.ts:466-483 asserts not.toBeNull() on leftPanel/rightPanel/drawerContent, which the beforeEach creates itself (:424-429), so these tests pass on an empty render. leftPanel and drawerContent content is never queried anywhere else in the file; only rightPanel is (:660, :730).
gap-6	gap6-04	CONFIRMED	UNTESTED	LOW	Untested behavior	N/A	N/A	apps/web-app	MAIN	apps/web-app/src/components/__tests__/mixer-tool.test.ts	915	partly		tool setConfig tests (mixer maxResults/displayOptions guard/market marker, harmony type regeneration, extractor multi-key) assert only not.toThrow	Partly confirmed. Mixer :915 (maxResults branch), :937-939 (equality guard) and :989 (market-marker ignore), harmony :858 (generateHarmonies branch, which asserts only a storage write) and extractor :490-501 assert only not.toThrow. Two parts drop out: the harmony :882 show*/strictMatching branches are log-only (harmony-tool.ts:1915-1938), and budget maxDeltaE:12 is asserted at :696.
gap-6	gap6-05	REJECTED	UNTESTED	N/A	N/A	N/A	N/A	apps/web-app	MAIN	apps/web-app/src/services/__tests__/keyboard-service.test.ts	179	yes		keyboard-service theme-toggle error test (not vacuous: vitest fails the run on listener exceptions)	Empirically false. Vitest's jsdom environment re-emits a listener exception from dispatchEvent as an Uncaught Exception and the run exits 1. A temporary __repro__ test showed this ('Errors 1 error', EXIT=1); it has been deleted. Removing the try/catch at keyboard-service.ts:224-231 therefore turns the gate red, and the async :238 case would be an unhandled rejection that fails the same way.
gap-6	gap6-06	REJECTED	UNTESTED	N/A	N/A	N/A	N/A	apps/web-app	MAIN	apps/web-app/src/services/__tests__/dye-service-wrapper.test.ts	149	yes		dye/api-service-wrapper typeof and resolves.not.toThrow assertions (redundant, not hiding behaviour)	The typeof lines are redundant smoke checks, but they stand in for no untested behaviour. Singleton/reset, resolvePresetDye/toStainId (17 refs) and getPriceData are asserted elsewhere in the same files. resolves.not.toThrow at :89 and :472 does fail if the promise rejects, and not rejecting is the exact behaviour :472 names (keys() rejection handled).
gap-7	gap7-01	CONFIRMED	BUG	MEDIUM	Logic	N/A	N/A	apps/discord-worker	MAIN	apps/discord-worker/src/index.ts	402	no	MEDIUM	discord-worker preset webhook + bot-side notifyModerationChannel/notifySubmissionChannel both post for bot submissions and edits	Real on this code: both paths fire unconditionally for bot-authenticated submits/edits. Operational duplicate in the mod channel (the bot copy carries legacy ids that only refresh), not data loss, so MEDIUM.
gap-7	gap7-02	CONFIRMED	BUG	MEDIUM	Error handling	N/A	N/A	apps/discord-worker	MAIN	apps/discord-worker/src/index.ts	1296	no	LOW	getFavoritedPresetsAutocompleteChoices persists the preset UUID as its name when getPreset throws	The chain is airtight in code: a non-404 failure becomes null, the id is written as the name, and the empty-name filter never selects it again. Edge path (legacy v1 users during an outage), but the wrong name persists, so MEDIUM.
gap-7	gap7-03	CONFIRMED	UNTESTED	LOW	Untested behavior	N/A	N/A	apps/discord-worker	MAIN	apps/discord-worker/src/index.ts	1076	no		Autocomplete router: subcommand-group walk, favourites back-fill (BUG-028), clan and world branches have no app.fetch test	Narrower than worded: router-level autocomplete tests exist for dye, approved, edit and show presets. The four named branches have none.
gap-7	gap7-04	CONFIRMED	BUG	LOW	Logic	N/A	N/A	apps/discord-worker	MAIN	apps/discord-worker/src/index.ts	407	no		Preset webhook hard-codes kind:'new', so web edits get a 'New preset pending' embed with no diff and no Revert	Real, but moderators can still approve or reject, and the refresh/moderation-worker paths remain, so LOW.
gap-7	gap7-05	CONFIRMED	REFACTOR	N/A	N/A	LOW	N/A	apps/discord-worker	MAIN	apps/discord-worker/src/index.ts	1137	no		searchPresetsForAutocomplete called without logger, so presets-api autocomplete failures are silent	Confirmed observability gap: neither layer logs without a logger, and the sibling own-presets path does pass one.
gap-7	gap7-06	CONFIRMED	BUG	MEDIUM	Edge case	N/A	N/A	apps/oauth	MAIN	apps/oauth/src/index.ts	184	no	LOW	oauth /auth/* rate limiter keys and tiers on the raw percent-encoded pathname while Hono routes on the decoded path	Real in the Worker: each encoded spelling gets its own 30/min bucket and skips the 10/20 tiers. Whether production request.url arrives un-decoded on the auth.xivdyetools.app custom domain depends on zone URL-normalization settings the repo cannot show; kept at MEDIUM as an operational risk.
gap-7	gap7-07	CONFIRMED	BUG	LOW	Edge case	N/A	N/A	apps/oauth	MAIN	apps/oauth/src/handlers/callback.ts	64	partly		oauth callback/xivauth destructure a JSON null body (500), and the xivauth roster guard dereferences null elements and accepts an empty name	Both halves verified. The body half is a wrong status code, and the roster half needs malformed upstream XIVAuth data, so LOW.
gap-7	gap7-08	CONFIRMED	BUG	MEDIUM	Race	N/A	N/A	apps/web-app	MAIN	apps/web-app/src/components/v4/preset-tool.ts	630	no	MEDIUM	reconcileTombstones tombstones saved presets after a swallowed API failure, for saved local- palettes, and against a stale filtered response	All three triggers verified; recovery happens on the next successful load. Not SUPERSEDED: the DEAD row on hybrid getPresets covers only the unreachable 'community' branch, and :315 is the live merge path. The slice issue is noted but not demonstrated, so it does not raise severity.
gap-7	gap7-09	CONFIRMED	BUG	LOW	Edge case	N/A	N/A	packages/core	MAIN	packages/core/src/services/chara/chara-parser.ts	498	no		chara-parser readModelLane/readGlassesId accept values > 0xffff, so api-worker rejects the whole resolve batch with a 400	Real: a temporary repro showed parseCharaFile keeps Body.ModelBase 70000 and GlassesId 99999. api-worker's lane() and glasses check then 400 the whole batch, and glamour-block shows 'Item names unavailable' for every piece (dyes intact). Graded LOW, not MEDIUM: game lanes are uint16, so only a hand-edited or corrupt file can hit this; it degrades gracefully; the key-collision half does not matter (api-worker validates before charaModelKey, and web-app modelHash is keyed per slot).
gap-8	gap8-01	CONFIRMED	BUG	MEDIUM	Logic	N/A	N/A	apps/discord-worker	MAIN	apps/discord-worker/src/services/preferences.ts	637	no	LOW	preferences.ts getAffectedCommands and the /preferences schema advertise consumers that never read the key (clan/gender, blending->/gradient, matching->/swatch, and /harmony is left out)	Nothing outside the writers (services/preferences.ts:194,197) reads clan or gender. swatch.ts:61 reads only theme. gradient.ts:39-40 defaults color_space to 'hsv' and never calls resolveBlendingMode, which only mixer-v4.ts:68 calls. harmony.ts:80 reads matching but is missing from the list. The set handler (handlers/commands/preferences.ts:375) puts these strings in the success embed.
gap-8	gap8-02	CONFIRMED	BUG	LOW	Edge case	N/A	N/A	apps/discord-worker	MAIN	apps/discord-worker/src/handlers/commands/harmony.ts	66	no		harmony.ts and sibling handlers echo the raw colour/dye option into errors.invalidColor embed descriptions with no sanitizeEmbedText or length cap	errorEmbed (utils/response.ts:128) passes the description through as-is. The translator's interpolate (bot-logic translator.ts:37) escapes nothing. schemas.ts sets max_length only on world/preset options (:698,1024,...). An input of about 4000 characters pushes the description past 4096, so the type-4 reply is rejected. The reply is ephemeral and the user does this to themselves, so LOW.
gap-8	gap8-03	CONFIRMED	UNTESTED	LOW	Untested behavior	N/A	N/A	apps/web-app	MAIN	apps/web-app/scripts/validate-i18n.js	65	partly		validate-i18n.js PATTERNS only see single-line literal LanguageService.t/tInterpolate calls, so wrapped calls and the local t() alias are never key-checked	The scan is per line (:140-151). At least 15 call sites wrap the key onto the next line (e.g. mixer-tool.ts:1892, glamour-sheet.ts:239), and advanced-options-panel.ts:216 aliases t. A typo there passes, and no other forward-direction gate exists (i18n-orphans.test.ts checks the reverse; LanguageService.t takes key: string). Part of the claim is overstated: corrupt locales are caught by checkParity in the gate test, and a missing SRC_DIR also loses en.json, which exits 1. Latent, since 0 bad keys today.
