"Item ID","Name","Category","Facewear unlock","Source kinds","Blank reasons","Shop names","NPC IDs"
"100","Dated Bronze Gladius","Gladiator's Arm","false","","No collected source","",""
"101","Dated Bronze Dagger","Gladiator's Arm","false","","No collected source","",""
"102","Dated Bronze Spatha","Gladiator's Arm","false","","No collected source","",""
"103","Dated Blinding Dagger","Gladiator's Arm","false","","No collected source","",""
"104","Dated Silencing Dagger","Gladiator's Arm","false","","No collected source","",""
"105","Dated Brass Gladius","Gladiator's Arm","false","","No collected source","",""
"106","Dated Brass Dagger","Gladiator's Arm","false","","No collected source","",""
"107","Dated Paralyzing Dagger","Gladiator's Arm","false","","No collected source","",""
"108","Dated Sleeping Dagger","Gladiator's Arm","false","","No collected source","",""
"109","Dated Ash Macuahuitl","Gladiator's Arm","false","","No collected source","",""
"110","Dated Iron Gladius","Gladiator's Arm","false","","No collected source","",""
"111","Dated Iron Dagger","Gladiator's Arm","false","","No collected source","",""
"112","Dated Iron Spatha","Gladiator's Arm","false","","No collected source","",""
"113","Dated Maddening Dagger","Gladiator's Arm","false","","No collected source","",""
"114","Dated Poison Dagger","Gladiator's Arm","false","","No collected source","",""
"115","Dated Elm Macuahuitl","Gladiator's Arm","false","","No collected source","",""
"116","Dated Bee Spatha","Gladiator's Arm","false","","No collected source","",""
"117","Dated Iron Falchion","Gladiator's Arm","false","","No collected source","",""
"118","Dated Iron Shortsword","Gladiator's Arm","false","","No collected source","",""
"119","Dated Walnut Macuahuitl","Gladiator's Arm","false","","No collected source","",""
"120","Dated Iron Longsword","Gladiator's Arm","false","","No collected source","",""
"121","Dated Toothed Falchion","Gladiator's Arm","false","","No collected source","",""
"122","Dated Plumed Walnut Macuahuitl","Gladiator's Arm","false","","No collected source","",""
"123","Dated Oak Macuahuitl","Gladiator's Arm","false","","No collected source","",""
"124","Dated Bone Hora","Pugilist's Arm","false","","No collected source","",""
"125","Dated Leather Himantes","Pugilist's Arm","false","","No collected source","",""
"126","Dated Bronze Knuckles","Pugilist's Arm","false","","No collected source","",""
"127","Dated Dodoskin Cesti","Pugilist's Arm","false","","No collected source","",""
"128","Dated Brass Knuckles","Pugilist's Arm","false","","No collected source","",""
"129","Dated Tortoiseshell Hora","Pugilist's Arm","false","","No collected source","",""
"130","Dated Toadskin Cesti","Pugilist's Arm","false","","No collected source","",""
"131","Dated Spiked Knuckles","Pugilist's Arm","false","","No collected source","",""
"132","Dated Boarskin Himantes","Pugilist's Arm","false","","No collected source","",""
"133","Dated Iron Baghnakhs","Pugilist's Arm","false","","No collected source","",""
"134","Dated Crabshell Hora","Pugilist's Arm","false","","No collected source","",""
"135","Dated Smothering Baghnakhs","Pugilist's Arm","false","","No collected source","",""
"136","Dated Disabling Baghnakhs","Pugilist's Arm","false","","No collected source","",""
"137","Dated Peiste Cesti","Pugilist's Arm","false","","No collected source","",""
"138","Dated Jade Hora","Pugilist's Arm","false","","No collected source","",""
"139","Dated Bronze War Axe","Marauder's Arm","false","","No collected source","",""
"140","Dated Bronze Labrys","Marauder's Arm","false","","No collected source","",""
"141","Dated Spiked Bronze Labrys","Marauder's Arm","false","","No collected source","",""
"142","Dated Storm Axe","Marauder's Arm","false","","No collected source","",""
"143","Dated Iron War Axe","Marauder's Arm","false","","No collected source","",""
"144","Dated Iron Labrys","Marauder's Arm","false","","No collected source","",""
"145","Dated Spiked Iron Labrys","Marauder's Arm","false","","No collected source","",""
"146","Dated Inferno Axe","Marauder's Arm","false","","No collected source","",""
"147","Dated Iron Bhuj","Marauder's Arm","false","","No collected source","",""
"148","Dated Bronze Bardiche","Marauder's Arm","false","","No collected source","",""
"149","Dated Iron Bill","Marauder's Arm","false","","No collected source","",""
"150","Dated Thunderstorm Axe","Marauder's Arm","false","","No collected source","",""
"151","Dated Engraved Bhuj","Marauder's Arm","false","","No collected source","",""
"152","Dated Bronze Spear","Lancer's Arm","false","","No collected source","",""
"153","Dated Harpoon","Lancer's Arm","false","","No collected source","",""
"154","Dated Feathered Harpoon","Lancer's Arm","false","","No collected source","",""
"155","Dated Brass Spear","Lancer's Arm","false","","No collected source","",""
"156","Dated Iron Spear","Lancer's Arm","false","","No collected source","",""
"157","Dated Iron Lance","Lancer's Arm","false","","No collected source","",""
"158","Dated Tortoiseshell Harpoon","Lancer's Arm","false","","No collected source","",""
"159","Dated Iron Guisarme","Lancer's Arm","false","","No collected source","",""
"160","Dated Battle Fork","Lancer's Arm","false","","No collected source","",""
"161","Dated Heavy Iron Lance","Lancer's Arm","false","","No collected source","",""
"162","Dated Yarzonshell Harpoon","Lancer's Arm","false","","No collected source","",""
"163","Dated Jarl's Guisarme","Lancer's Arm","false","","No collected source","",""
"164","Dated Banneret Lance","Lancer's Arm","false","","No collected source","",""
"165","Dated Iron Halberd","Lancer's Arm","false","","No collected source","",""
"166","Dated Willow Shortbow","Archer's Arm","false","","No collected source","",""
"167","Dated Maple Longbow","Archer's Arm","false","","No collected source","",""
"168","Dated Elm Shortbow","Archer's Arm","false","","No collected source","",""
"169","Dated Cavalry Bow","Archer's Arm","false","","No collected source","",""
"170","Dated Wrapped Maple Longbow","Archer's Arm","false","","No collected source","",""
"171","Dated Plumed Willow Shortbow","Archer's Arm","false","","No collected source","",""
"172","Dated Willow Composite Bow","Archer's Arm","false","","No collected source","",""
"173","Dated Ironclad Cavalry Bow","Archer's Arm","false","","No collected source","",""
"174","Dated Ash Longbow","Archer's Arm","false","","No collected source","",""
"175","Dated Elm Velocity Bow","Archer's Arm","false","","No collected source","",""
"176","Dated Weevil Bow","Archer's Arm","false","","No collected source","",""
"177","Dated Armored Cavalry Bow","Archer's Arm","false","","No collected source","",""
"178","Dated Wrapped Ash Longbow","Archer's Arm","false","","No collected source","",""
"179","Dated Oak Composite Bow","Archer's Arm","false","","No collected source","",""
"180","Dated Yew Longbow","Archer's Arm","false","","No collected source","",""
"181","Dated Crab Bow","Archer's Arm","false","","No collected source","",""
"182","Dated Maple Wand","One–handed Conjurer's Arm","false","","No collected source","",""
"183","Dated Budding Maple Wand","One–handed Conjurer's Arm","false","","No collected source","",""
"184","Dated Maple Wand of Flames","One–handed Conjurer's Arm","false","","No collected source","",""
"185","Dated Maple Wand of Gales","One–handed Conjurer's Arm","false","","No collected source","",""
"186","Dated Maple Wand of Storms","One–handed Conjurer's Arm","false","","No collected source","",""
"187","Dated Maple Wand of Tremors","One–handed Conjurer's Arm","false","","No collected source","",""
"188","Dated Maple Wand of Tides","One–handed Conjurer's Arm","false","","No collected source","",""
"189","Dated Maple Wand of Frost","One–handed Conjurer's Arm","false","","No collected source","",""
"190","Dated Willow Wand","One–handed Conjurer's Arm","false","","No collected source","",""
"191","Dated Budding Willow Wand","One–handed Conjurer's Arm","false","","No collected source","",""
"192","Dated Willow Wand of Flames","One–handed Conjurer's Arm","false","","No collected source","",""
"193","Dated Willow Wand of Gales","One–handed Conjurer's Arm","false","","No collected source","",""
"194","Dated Willow Wand of Storms","One–handed Conjurer's Arm","false","","No collected source","",""
"195","Dated Willow Wand of Tremors","One–handed Conjurer's Arm","false","","No collected source","",""
"196","Dated Willow Wand of Tides","One–handed Conjurer's Arm","false","","No collected source","",""
"197","Dated Willow Wand of Frost","One–handed Conjurer's Arm","false","","No collected source","",""
"198","Dated Walnut Wand","One–handed Conjurer's Arm","false","","No collected source","",""
"199","Dated Budding Walnut Wand","One–handed Conjurer's Arm","false","","No collected source","",""
"200","Dated Walnut Wand of Flames","One–handed Conjurer's Arm","false","","No collected source","",""
"201","Dated Walnut Wand of Gales","One–handed Conjurer's Arm","false","","No collected source","",""
"202","Dated Walnut Wand of Storms","One–handed Conjurer's Arm","false","","No collected source","",""
"203","Dated Walnut Wand of Tremors","One–handed Conjurer's Arm","false","","No collected source","",""
"204","Dated Walnut Wand of Tides","One–handed Conjurer's Arm","false","","No collected source","",""
"205","Dated Walnut Wand of Frost","One–handed Conjurer's Arm","false","","No collected source","",""
"206","Dated Ash Cane","Two–handed Conjurer's Arm","false","","No collected source","",""
"207","Dated Elm Cane","Two–handed Conjurer's Arm","false","","No collected source","",""
"208","Dated Pine Crook","Two–handed Conjurer's Arm","false","","No collected source","",""
"209","Dated Pastoral Elm Cane","Two–handed Conjurer's Arm","false","","No collected source","",""
"210","Dated Plumed Pine Crook","Two–handed Conjurer's Arm","false","","No collected source","",""
"211","Dated Mahogany Radical","Two–handed Conjurer's Arm","false","","No collected source","",""
"212","Dated Oak Cane","Two–handed Conjurer's Arm","false","","No collected source","",""
"213","Dated Flambeau Radical","Two–handed Conjurer's Arm","false","","No collected source","",""
"214","Dated Yew Crook","Two–handed Conjurer's Arm","false","","No collected source","",""
"215","Dated Sprouting Radical","Two–handed Conjurer's Arm","false","","No collected source","",""
"216","Dated Pastoral Oak Cane","Two–handed Conjurer's Arm","false","","No collected source","",""
"217","Dated Plumed Yew Crook","Two–handed Conjurer's Arm","false","","No collected source","",""
"218","Dated Jade Crook","Two–handed Conjurer's Arm","false","","No collected source","",""
"219","Dated Copper Scepter","One–handed Thaumaturge's Arm","false","","No collected source","",""
"220","Dated Decorated Copper Scepter","One–handed Thaumaturge's Arm","false","","No collected source","",""
"221","Dated Brass Cudgel","One–handed Thaumaturge's Arm","false","","No collected source","",""
"222","Dated Silver Scepter","One–handed Thaumaturge's Arm","false","","No collected source","",""
"223","Dated Brand","One–handed Thaumaturge's Arm","false","","No collected source","",""
"224","Dated Decorated Silver Scepter","One–handed Thaumaturge's Arm","false","","No collected source","",""
"225","Dated Iron Cudgel","One–handed Thaumaturge's Arm","false","","No collected source","",""
"226","Dated Ornate Silver Scepter","One–handed Thaumaturge's Arm","false","","No collected source","",""
"227","Dated Wind Brand","One–handed Thaumaturge's Arm","false","","No collected source","",""
"228","Dated Earth Brand","One–handed Thaumaturge's Arm","false","","No collected source","",""
"229","Dated Lightning Brand","One–handed Thaumaturge's Arm","false","","No collected source","",""
"230","Dated Ice Brand","One–handed Thaumaturge's Arm","false","","No collected source","",""
"231","Dated Fire Brand","One–handed Thaumaturge's Arm","false","","No collected source","",""
"232","Dated Water Brand","One–handed Thaumaturge's Arm","false","","No collected source","",""
"233","Dated Bone Staff","Two–handed Thaumaturge's Arm","false","","No collected source","",""
"234","Dated Decorated Bone Staff","Two–handed Thaumaturge's Arm","false","","No collected source","",""
"235","Dated Horn Staff","Two–handed Thaumaturge's Arm","false","","No collected source","",""
"236","Dated Decorated Horn Staff","Two–handed Thaumaturge's Arm","false","","No collected source","",""
"237","Dated Square Maple Shield","Shield","false","","No collected source","",""
"238","Dated Bronze Hoplon","Shield","false","","No collected source","",""
"239","Dated Round Chestnut Shield","Shield","false","","No collected source","",""
"240","Dated Bronze Buckler","Shield","false","","No collected source","",""
"241","Dated Square Ash Shield","Shield","false","","No collected source","",""
"242","Dated Sheepskin Targe","Shield","false","","No collected source","",""
"243","Dated Bronze Pelta","Shield","false","","No collected source","",""
"244","Dated Warded Round Shield","Shield","false","","No collected source","",""
"245","Dated Ironclad Bronze Buckler","Shield","false","","No collected source","",""
"246","Dated Bronze Scutum","Shield","false","","No collected source","",""
"247","Dated Iron Hoplon","Shield","false","","No collected source","",""
"248","Dated Round Oak Shield","Shield","false","","No collected source","",""
"249","Dated Leather Targe","Shield","false","","No collected source","",""
"250","Dated Decorated Buckler","Shield","false","","No collected source","",""
"251","Dated Lantern Shield","Shield","false","","No collected source","",""
"252","Dated Iron Scutum","Shield","false","","No collected source","",""
"253","Dated Iron Pelta","Shield","false","","No collected source","",""
"254","Dated Serpent Shield","Shield","false","","No collected source","",""
"255","Dated Bladed Lantern Shield","Shield","false","","No collected source","",""
"256","Dated Raptorskin Targe","Shield","false","","No collected source","",""
"257","Dated Decorated Iron Scutum","Shield","false","","No collected source","",""
"258","Dated Bull Hoplon","Shield","false","","No collected source","",""
"259","Dated Bronze Saw","Carpenter's Primary Tool","false","","No collected source","",""
"260","Dated Chocobotail Saw","Carpenter's Primary Tool","false","","No collected source","",""
"261","Dated Fish Saw","Carpenter's Primary Tool","false","","No collected source","",""
"262","Dated Iron Saw","Carpenter's Primary Tool","false","","No collected source","",""
"263","Dated Bas-relief Iron Saw","Carpenter's Primary Tool","false","","No collected source","",""
"264","Dated Crosscut Saw","Carpenter's Primary Tool","false","","No collected source","",""
"265","Dated Iron Chocobotail Saw","Carpenter's Primary Tool","false","","No collected source","",""
"266","Dated Bronze Claw Hammer","Carpenter's Secondary Tool","false","","No collected source","",""
"267","Dated Iron Claw Hammer","Carpenter's Secondary Tool","false","","No collected source","",""
"268","Dated Steel Claw Hammer","Carpenter's Secondary Tool","false","","No collected source","",""
"269","Dated Bronze Cross-pein Hammer","Blacksmith's Primary Tool","false","","No collected source","",""
"270","Dated Birdsbeak Hammer","Blacksmith's Primary Tool","false","","No collected source","",""
"271","Dated Fortified Birdsbeak Hammer","Blacksmith's Primary Tool","false","","No collected source","",""
"272","Dated Iron Cross-pein Hammer","Blacksmith's Primary Tool","false","","No collected source","",""
"273","Dated Crowsbeak Hammer","Blacksmith's Primary Tool","false","","No collected source","",""
"274","Dated Wrapped Crowsbeak Hammer","Blacksmith's Primary Tool","false","","No collected source","",""
"275","Dated Heavy Crowsbeak Hammer","Blacksmith's Primary Tool","false","","No collected source","",""
"276","Dated Bronze File","Blacksmith's Secondary Tool","false","","No collected source","",""
"277","Dated Iron File","Blacksmith's Secondary Tool","false","","No collected source","",""
"278","Dated Polished Iron File","Blacksmith's Secondary Tool","false","","No collected source","",""
"279","Dated Bronze Doming Hammer","Armorer's Primary Tool","false","","No collected source","",""
"280","Dated Bronze Raising Hammer","Armorer's Primary Tool","false","","No collected source","",""
"281","Dated Tin Bronze Raising Hammer","Armorer's Primary Tool","false","","No collected source","",""
"282","Dated Iron Doming Hammer","Armorer's Primary Tool","false","","No collected source","",""
"283","Dated Iron Raising Hammer","Armorer's Primary Tool","false","","No collected source","",""
"284","Dated Wrapped Iron Raising Hammer","Armorer's Primary Tool","false","","No collected source","",""
"285","Dated Heavy-duty Iron Raising Hammer","Armorer's Primary Tool","false","","No collected source","",""
"286","Dated Bronze Pliers","Armorer's Secondary Tool","false","","No collected source","",""
"287","Dated Iron Pliers","Armorer's Secondary Tool","false","","No collected source","",""
"288","Dated Steel Pliers","Armorer's Secondary Tool","false","","No collected source","",""
"289","Dated Bronze Chaser Hammer","Goldsmith's Primary Tool","false","","No collected source","",""
"290","Dated Bronze Ornamental Hammer","Goldsmith's Primary Tool","false","","No collected source","",""
"291","Dated Tin Bronze Ornamental Hammer","Goldsmith's Primary Tool","false","","No collected source","",""
"292","Dated Iron Chaser Hammer","Goldsmith's Primary Tool","false","","No collected source","",""
"293","Dated Fortified Iron Chaser Hammer","Goldsmith's Primary Tool","false","","No collected source","",""
"294","Dated Iron Ornamental Hammer","Goldsmith's Primary Tool","false","","No collected source","",""
"295","Dated Steel Chaser Hammer","Goldsmith's Primary Tool","false","","No collected source","",""
"296","Dated Mudstone Grinding Wheel","Goldsmith's Secondary Tool","false","","No collected source","",""
"297","Dated Ragstone Grinding Wheel","Goldsmith's Secondary Tool","false","","No collected source","",""
"298","Dated Siltstone Grinding Wheel","Goldsmith's Secondary Tool","false","","No collected source","",""
"299","Dated Bronze Head Knife","Leatherworker's Primary Tool","false","","No collected source","",""
"300","Dated Brass Head Knife","Leatherworker's Primary Tool","false","","No collected source","",""
"301","Dated Heavy-duty Brass Head Knife","Leatherworker's Primary Tool","false","","No collected source","",""
"302","Dated Iron Round Knife","Leatherworker's Primary Tool","false","","No collected source","",""
"303","Dated Iron Head Knife","Leatherworker's Primary Tool","false","","No collected source","",""
"304","Dated Darksilver Head Knife","Leatherworker's Primary Tool","false","","No collected source","",""
"305","Dated Steel Round Knife","Leatherworker's Primary Tool","false","","No collected source","",""
"306","Dated Bronze Awl","Leatherworker's Secondary Tool","false","","No collected source","",""
"307","Dated Iron Awl","Leatherworker's Secondary Tool","false","","No collected source","",""
"308","Dated Steel Awl","Leatherworker's Secondary Tool","false","","No collected source","",""
"309","Dated Bronze Needle","Weaver's Primary Tool","false","","No collected source","",""
"310","Dated Hedgemole Needle","Weaver's Primary Tool","false","","No collected source","",""
"311","Dated Iron Needle","Weaver's Primary Tool","false","","No collected source","",""
"312","Dated Silver Needle","Weaver's Primary Tool","false","","No collected source","",""
"313","Dated Steel Needle","Weaver's Primary Tool","false","","No collected source","",""
"314","Dated Thousand Needle","Weaver's Primary Tool","false","","No collected source","",""
"315","Dated Maple Spinning Wheel","Weaver's Secondary Tool","false","","No collected source","",""
"316","Dated Elm Spinning Wheel","Weaver's Secondary Tool","false","","No collected source","",""
"317","Dated Walnut Spinning Wheel","Weaver's Secondary Tool","false","","No collected source","",""
"318","Dated Oak Spinning Wheel","Weaver's Secondary Tool","false","","No collected source","",""
"319","Dated Copper Alembic","Alchemist's Primary Tool","false","","No collected source","",""
"320","Dated Brass Alembic","Alchemist's Primary Tool","false","","No collected source","",""
"321","Dated Tin Alembic","Alchemist's Primary Tool","false","","No collected source","",""
"322","Dated Iron Alembic","Alchemist's Primary Tool","false","","No collected source","",""
"323","Dated Conical Alembic","Alchemist's Primary Tool","false","","No collected source","",""
"324","Dated Silver Alembic","Alchemist's Primary Tool","false","","No collected source","",""
"325","Dated Thermal Alembic","Alchemist's Primary Tool","false","","No collected source","",""
"326","Dated Bronze Mortar","Alchemist's Secondary Tool","false","","No collected source","",""
"327","Dated Iron Mortar","Alchemist's Secondary Tool","false","","No collected source","",""
"328","Dated Steel Mortar","Alchemist's Secondary Tool","false","","No collected source","",""
"329","Dated Bronze Skillet","Culinarian's Primary Tool","false","","No collected source","",""
"330","Dated Iron Skillet","Culinarian's Primary Tool","false","","No collected source","",""
"331","Dated White Skillet","Culinarian's Primary Tool","false","","No collected source","",""
"332","Dated Royal Kitchens Skillet","Culinarian's Primary Tool","false","","No collected source","",""
"333","Dated Iron Frypan","Culinarian's Primary Tool","false","","No collected source","",""
"334","Dated Steel Skillet","Culinarian's Primary Tool","false","","No collected source","",""
"335","Dated Bomb Frypan","Culinarian's Primary Tool","false","","No collected source","",""
"336","Dated Bronze Culinary Knife","Culinarian's Secondary Tool","false","","No collected source","",""
"337","Dated Iron Culinary Knife","Culinarian's Secondary Tool","false","","No collected source","",""
"338","Dated Mythril Culinary Knife","Culinarian's Secondary Tool","false","","No collected source","",""
"339","Dated Bronze Pickaxe","Miner's Primary Tool","false","","No collected source","",""
"340","Dated Plumed Bronze Pickaxe","Miner's Primary Tool","false","","No collected source","",""
"341","Dated Oiled Bronze Pickaxe","Miner's Primary Tool","false","","No collected source","",""
"342","Dated Iron Pickaxe","Miner's Primary Tool","false","","No collected source","",""
"343","Dated Polished Iron Pickaxe","Miner's Primary Tool","false","","No collected source","",""
"344","Dated Dodotail Pickaxe","Miner's Primary Tool","false","","No collected source","",""
"345","Dated Iron Dolabra","Miner's Primary Tool","false","","No collected source","",""
"346","Dated Bronze Sledgehammer","Miner's Secondary Tool","false","","No collected source","",""
"347","Dated Iron Sledgehammer","Miner's Secondary Tool","false","","No collected source","",""
"348","Dated Mythril Sledgehammer","Miner's Secondary Tool","false","","No collected source","",""
"349","Dated Bronze Hatchet","Botanist's Primary Tool","false","","No collected source","",""
"350","Dated Plumed Bronze Hatchet","Botanist's Primary Tool","false","","No collected source","",""
"351","Dated Oiled Bronze Hatchet","Botanist's Primary Tool","false","","No collected source","",""
"352","Dated Brass Hatchet","Botanist's Primary Tool","false","","No collected source","",""
"353","Dated Iron Hatchet","Botanist's Primary Tool","false","","No collected source","",""
"354","Dated Steel Hatchet","Botanist's Primary Tool","false","","No collected source","",""
"355","Dated Plumed Iron Hatchet","Botanist's Primary Tool","false","","No collected source","",""
"356","Dated Bronze Scythe","Botanist's Secondary Tool","false","","No collected source","",""
"357","Dated Iron Scythe","Botanist's Secondary Tool","false","","No collected source","",""
"358","Dated Steel Scythe","Botanist's Secondary Tool","false","","No collected source","",""
"359","Dated Ash Fishing Rod","Fisher's Primary Tool","false","","No collected source","",""
"360","Dated Willow Fishing Rod","Fisher's Primary Tool","false","","No collected source","",""
"361","Dated Pine Fishing Rod","Fisher's Primary Tool","false","","No collected source","",""
"362","Dated Bamboo Fishing Rod","Fisher's Primary Tool","false","","No collected source","",""
"363","Dated Rattan Fishing Rod","Fisher's Primary Tool","false","","No collected source","",""
"364","Dated Yew Fishing Rod","Fisher's Primary Tool","false","","No collected source","",""
"365","Dated Horn Fishing Rod","Fisher's Primary Tool","false","","No collected source","",""
"366","Weathered Coif (Grey)","Head","false","","No collected source","",""
"367","Weathered Beret (Beige)","Head","false","","No collected source","",""
"368","Weathered Spectacles","Head","false","","No collected source","",""
"369","Weathered Bandana","Head","false","","No collected source","",""
"370","Weathered Sun Hat","Head","false","","No collected source","",""
"371","Weathered Beach Hat (Blue)","Head","false","","No collected source","",""
"372","Dated Hempen Coif","Head","false","","No collected source","",""
"373","Dated Hempen Coif (Brown)","Head","false","","No collected source","",""
"374","Dated Hempen Coif (Grey)","Head","false","","No collected source","",""
"375","Dated Hempen Coif (Beige)","Head","false","","No collected source","",""
"376","Dated Straw Hat","Head","false","","No collected source","",""
"377","Dated Hempen Bandana","Head","false","","No collected source","",""
"378","Dated Hempen Bandana (Beige)","Head","false","","No collected source","",""
"379","Dated Hempen Bandana (Brown)","Head","false","","No collected source","",""
"380","Dated Hempen Bandana (Grey)","Head","false","","No collected source","",""
"381","Dated Hempen Scarf","Head","false","","No collected source","",""
"382","Dated Hempen Scarf (Grey)","Head","false","","No collected source","",""
"383","Dated Hempen Scarf (Beige)","Head","false","","No collected source","",""
"384","Dated Hempen Scarf (Brown)","Head","false","","No collected source","",""
"385","Dated Hempen Beret","Head","false","","No collected source","",""
"386","Dated Hempen Beret (Brown)","Head","false","","No collected source","",""
"387","Dated Hempen Beret (Grey)","Head","false","","No collected source","",""
"388","Dated Hempen Beret (Beige)","Head","false","","No collected source","",""
"389","Dated Hempen Hat","Head","false","","No collected source","",""
"390","Dated Hempen Hat (Brown)","Head","false","","No collected source","",""
"391","Dated Hempen Hat (Grey)","Head","false","","No collected source","",""
"392","Dated Hempen Hat (Beige)","Head","false","","No collected source","",""
"393","Dated Lauan Halfmask","Head","false","","No collected source","",""
"394","Dated Walking Hat","Head","false","","No collected source","",""
"395","Dated Hempen Turban","Head","false","","No collected source","",""
"396","Dated Hempen Turban (Brown)","Head","false","","No collected source","",""
"397","Dated Hempen Turban (Grey)","Head","false","","No collected source","",""
"398","Dated Hempen Turban (Beige)","Head","false","","No collected source","",""
"399","Dated Sheepskin Calot","Head","false","","No collected source","",""
"400","Dated Sheepskin Calot (Taupe)","Head","false","","No collected source","",""
"401","Dated Sheepskin Calot (Grey)","Head","false","","No collected source","",""
"402","Dated Hunting Hat (Brown)","Head","false","","No collected source","",""
"403","Dated Hunting Hat (Grey)","Head","false","","No collected source","",""
"404","Dated Hunting Hat (Beige)","Head","false","","No collected source","",""
"405","Dated Sheepskin Pot Helm","Head","false","","No collected source","",""
"406","Dated Hempen Sugarloaf Hat (Brown)","Head","false","","No collected source","",""
"407","Dated Hempen Sugarloaf Hat (Grey)","Head","false","","No collected source","",""
"408","Dated Hempen Sugarloaf Hat (Beige)","Head","false","","No collected source","",""
"409","Dated Cotton Coif","Head","false","","No collected source","",""
"410","Dated Cotton Coif (Red)","Head","false","","No collected source","",""
"411","Dated Cotton Coif (Yellow)","Head","false","","No collected source","",""
"412","Dated Cotton Coif (Green)","Head","false","","No collected source","",""
"413","Dated Cotton Coif (Blue)","Head","false","","No collected source","",""
"414","Dated Copper Spectacles","Head","false","","No collected source","",""
"415","Dated Weathered Spectacles (Black)","Head","false","","No collected source","",""
"416","Dated Weathered Spectacles (Green)","Head","false","","No collected source","",""
"417","Dated Copper Circlet (Sunstone)","Head","false","","No collected source","",""
"418","Dated Copper Circlet (Lapis Lazuli)","Head","false","","No collected source","",""
"419","Dated Copper Circlet (Sphene)","Head","false","","No collected source","",""
"420","Dated Copper Circlet (Malachite)","Head","false","","No collected source","",""
"421","Dated Copper Circlet (Fluorite)","Head","false","","No collected source","",""
"422","Dated Copper Circlet (Danburite)","Head","false","","No collected source","",""
"423","Dated Cotton Bandana","Head","false","","No collected source","",""
"424","Dated Cotton Bandana (Red)","Head","false","","No collected source","",""
"425","Dated Cotton Bandana (Yellow)","Head","false","","No collected source","",""
"426","Dated Cotton Bandana (Green)","Head","false","","No collected source","",""
"427","Dated Cotton Bandana (Blue)","Head","false","","No collected source","",""
"428","Dated Copper Barbut","Head","false","","No collected source","",""
"429","Dated Cotton Scarf","Head","false","","No collected source","",""
"430","Dated Cotton Scarf (Red)","Head","false","","No collected source","",""
"431","Dated Cotton Scarf (Yellow)","Head","false","","No collected source","",""
"432","Dated Cotton Scarf (Green)","Head","false","","No collected source","",""
"433","Dated Cotton Scarf (Blue)","Head","false","","No collected source","",""
"434","Dated Cotton Beret","Head","false","","No collected source","",""
"435","Dated Cotton Beret (Green)","Head","false","","No collected source","",""
"436","Dated Cotton Beret (Red)","Head","false","","No collected source","",""
"437","Dated Cotton Beret (Yellow)","Head","false","","No collected source","",""
"438","Dated Cotton Beret (Blue)","Head","false","","No collected source","",""
"439","Dated Bronze Sallet","Head","false","","No collected source","",""
"440","Dated Bronze Goggles","Head","false","","No collected source","",""
"441","Dated Bronze Goggles (Yellow)","Head","false","","No collected source","",""
"442","Dated Bronze Goggles (Black)","Head","false","","No collected source","",""
"443","Dated Brass Magnifiers (Red)","Head","false","","No collected source","",""
"444","Dated Willow Halfmask","Head","false","","No collected source","",""
"445","Dated Tarred Walking Hat","Head","false","","No collected source","",""
"446","Dated Cotton Turban","Head","false","","No collected source","",""
"447","Dated Cotton Turban (Red)","Head","false","","No collected source","",""
"448","Dated Cotton Turban (Yellow)","Head","false","","No collected source","",""
"449","Dated Cotton Turban (Green)","Head","false","","No collected source","",""
"450","Dated Cotton Turban (Blue)","Head","false","","No collected source","",""
"451","Dated Dodoskin Calot","Head","false","","No collected source","",""
"452","Dated Dodoskin Calot (Black)","Head","false","","No collected source","",""
"453","Dated Trapper's Hat","Head","false","","No collected source","",""
"454","Dated Trapper's Hat (Red)","Head","false","","No collected source","",""
"455","Dated Trapper's Hat (Yellow)","Head","false","","No collected source","",""
"456","Dated Trapper's Hat (Green)","Head","false","","No collected source","",""
"457","Dated Trapper's Hat (Blue)","Head","false","","No collected source","",""
"458","Dated Bronze Elmo","Head","false","","No collected source","",""
"459","Dated Dodoskin Pot Helm","Head","false","","No collected source","",""
"460","Dated Dodoskin Pot Helm (Black)","Head","false","","No collected source","",""
"461","Dated Cotton Sugarloaf Hat (Red)","Head","false","","No collected source","",""
"462","Dated Cotton Sugarloaf Hat (Green)","Head","false","","No collected source","",""
"463","Dated Cotton Sugarloaf Hat (Blue)","Head","false","","No collected source","",""
"464","Dated Canvas Coif","Head","false","","No collected source","",""
"465","Dated Canvas Coif (Auburn)","Head","false","","No collected source","",""
"466","Dated Canvas Coif (Pink)","Head","false","","No collected source","",""
"467","Dated Canvas Coif (Brown)","Head","false","","No collected source","",""
"468","Dated Canvas Coif (Blue)","Head","false","","No collected source","",""
"469","Dated Brass Spectacles","Head","false","","No collected source","",""
"470","Dated Brass Spectacles (Yellow)","Head","false","","No collected source","",""
"471","Dated Brass Circlet (Sunstone)","Head","false","","No collected source","",""
"472","Dated Brass Circlet (Lapis Lazuli)","Head","false","","No collected source","",""
"473","Dated Brass Circlet (Sphene)","Head","false","","No collected source","",""
"474","Dated Brass Circlet (Malachite)","Head","false","","No collected source","",""
"475","Dated Brass Circlet (Fluorite)","Head","false","","No collected source","",""
"476","Dated Brass Circlet (Danburite)","Head","false","","No collected source","",""
"477","Dated Canvas Bandana","Head","false","","No collected source","",""
"478","Dated Canvas Bandana (Auburn)","Head","false","","No collected source","",""
"479","Dated Canvas Bandana (Pink)","Head","false","","No collected source","",""
"480","Dated Canvas Bandana (Brown)","Head","false","","No collected source","",""
"481","Dated Canvas Bandana (Blue)","Head","false","","No collected source","",""
"482","Dated Bronze Barbut","Head","false","","No collected source","",""
"483","Dated Canvas Beret","Head","false","","No collected source","",""
"484","Dated Canvas Beret (Auburn)","Head","false","","No collected source","",""
"485","Dated Canvas Beret (Pink)","Head","false","","No collected source","",""
"486","Dated Canvas Beret (Brown)","Head","false","","No collected source","",""
"487","Dated Canvas Beret (Blue)","Head","false","","No collected source","",""
"488","Dated Brass Preserves (Red)","Head","false","","No collected source","",""
"489","Dated Brass Preserves (Green)","Head","false","","No collected source","",""
"490","Dated Assault Sallet","Head","false","","No collected source","",""
"491","Dated Canvas Hat","Head","false","","No collected source","",""
"492","Dated Canvas Hat (Auburn)","Head","false","","No collected source","",""
"493","Dated Canvas Hat (Pink)","Head","false","","No collected source","",""
"494","Dated Canvas Hat (Brown)","Head","false","","No collected source","",""
"495","Dated Canvas Hat (Blue)","Head","false","","No collected source","",""
"496","Dated Iron Magnifiers (Red)","Head","false","","No collected source","",""
"497","Dated Oak Halfmask","Head","false","","No collected source","",""
"498","Dated Bronze Chain Coif","Head","false","","No collected source","",""
"499","Dated Fishing Hat","Head","false","","No collected source","",""
"500","Dated Fishing Hat (Red)","Head","false","","No collected source","",""
"501","Dated Fishing Hat (Yellow)","Head","false","","No collected source","",""
"502","Dated Fishing Hat (Green)","Head","false","","No collected source","",""
"503","Dated Fishing Hat (Blue)","Head","false","","No collected source","",""
"504","Dated Leather Calot (Black)","Head","false","","No collected source","",""
"505","Dated Leather Calot (Ochre)","Head","false","","No collected source","",""
"506","Dated Leather Calot (Green)","Head","false","","No collected source","",""
"507","Dated Leather Calot (Red)","Head","false","","No collected source","",""
"508","Dated Tracker's Hat","Head","false","","No collected source","",""
"509","Dated Tracker's Hat (Auburn)","Head","false","","No collected source","",""
"510","Dated Tracker's Hat (Pink)","Head","false","","No collected source","",""
"511","Dated Tracker's Hat (Brown)","Head","false","","No collected source","",""
"512","Dated Tracker's Hat (Blue)","Head","false","","No collected source","",""
"513","Dated Brass Elmo","Head","false","","No collected source","",""
"514","Dated Leather Pot Helm (Black)","Head","false","","No collected source","",""
"515","Dated Leather Pot Helm (Ochre)","Head","false","","No collected source","",""
"516","Dated Leather Pot Helm (Green)","Head","false","","No collected source","",""
"517","Dated Leather Pot Helm (Red)","Head","false","","No collected source","",""
"518","Dated Canvas Wedge Cap","Head","false","","No collected source","",""
"519","Dated Canvas Wedge Cap (Auburn)","Head","false","","No collected source","",""
"520","Dated Canvas Wedge Cap (Pink)","Head","false","","No collected source","",""
"521","Dated Canvas Wedge Cap (Brown)","Head","false","","No collected source","",""
"522","Dated Canvas Wedge Cap (Blue)","Head","false","","No collected source","",""
"523","Dated Velveteen Coif","Head","false","","No collected source","",""
"524","Dated Velveteen Coif (Black)","Head","false","","No collected source","",""
"525","Dated Velveteen Coif (Red)","Head","false","","No collected source","",""
"526","Dated Velveteen Coif (Yellow)","Head","false","","No collected source","",""
"527","Dated Velveteen Coif (Green)","Head","false","","No collected source","",""
"528","Dated Silver Spectacles","Head","false","","No collected source","",""
"529","Dated Silver Spectacles (Yellow)","Head","false","","No collected source","",""
"530","Dated Silver Circlet (Garnet)","Head","false","","No collected source","",""
"531","Dated Silver Circlet (Aquamarine)","Head","false","","No collected source","",""
"532","Dated Silver Circlet (Heliodor)","Head","false","","No collected source","",""
"533","Dated Silver Circlet (Peridot)","Head","false","","No collected source","",""
"534","Dated Silver Circlet (Amethyst)","Head","false","","No collected source","",""
"535","Dated Silver Circlet (Goshenite)","Head","false","","No collected source","",""
"536","Dated Iron Barbut","Head","false","","No collected source","",""
"537","Dated Velveteen Scarf","Head","false","","No collected source","",""
"538","Dated Velveteen Scarf (Black)","Head","false","","No collected source","",""
"539","Dated Velveteen Scarf (Red)","Head","false","","No collected source","",""
"540","Dated Velveteen Scarf (Yellow)","Head","false","","No collected source","",""
"541","Dated Velveteen Scarf (Green)","Head","false","","No collected source","",""
"542","Dated Velveteen Beret","Head","false","","No collected source","",""
"543","Dated Velveteen Beret (Black)","Head","false","","No collected source","",""
"544","Dated Velveteen Beret (Red)","Head","false","","No collected source","",""
"545","Dated Velveteen Beret (Yellow)","Head","false","","No collected source","",""
"546","Dated Velveteen Beret (Green)","Head","false","","No collected source","",""
"547","Dated Iron Preserves (Red)","Head","false","","No collected source","",""
"548","Dated Iron Preserves (Green)","Head","false","","No collected source","",""
"549","Dated Iron Sallet","Head","false","","No collected source","",""
"550","Dated Velveteen Hat","Head","false","","No collected source","",""
"551","Dated Velveteen Hat (Black)","Head","false","","No collected source","",""
"552","Dated Velveteen Hat (Red)","Head","false","","No collected source","",""
"553","Dated Velveteen Hat (Yellow)","Head","false","","No collected source","",""
"554","Dated Velveteen Hat (Green)","Head","false","","No collected source","",""
"555","Dated Silver Magnifiers (Green)","Head","false","","No collected source","",""
"556","Dated Yew Halfmask","Head","false","","No collected source","",""
"557","Dated Iron Chain Coif","Head","false","","No collected source","",""
"558","Dated Bronze Celata","Head","false","","No collected source","",""
"559","Dated Velveteen Turban","Head","false","","No collected source","",""
"560","Dated Velveteen Turban (Black)","Head","false","","No collected source","",""
"561","Dated Velveteen Turban (Red)","Head","false","","No collected source","",""
"562","Dated Velveteen Turban (Yellow)","Head","false","","No collected source","",""
"563","Dated Velveteen Turban (Green)","Head","false","","No collected source","",""
"564","Dated Bowman's Hat","Head","false","","No collected source","",""
"565","Dated Bowman's Hat (Black)","Head","false","","No collected source","",""
"566","Dated Bowman's Hat (Red)","Head","false","","No collected source","",""
"567","Dated Bowman's Hat (Yellow)","Head","false","","No collected source","",""
"568","Dated Bowman's Hat (Green)","Head","false","","No collected source","",""
"569","Dated Toadskin Pot Helm (Sunstone)","Head","false","","No collected source","",""
"570","Dated Toadskin Pot Helm (Lapis Lazuli)","Head","false","","No collected source","",""
"571","Dated Toadskin Pot Helm (Sphene)","Head","false","","No collected source","",""
"572","Dated Toadskin Pot Helm (Malachite)","Head","false","","No collected source","",""
"573","Dated Toadskin Pot Helm (Fluorite)","Head","false","","No collected source","",""
"574","Dated Toadskin Pot Helm (Danburite)","Head","false","","No collected source","",""
"575","Dated Velveteen Sugarloaf Hat (Black)","Head","false","","No collected source","",""
"576","Dated Velveteen Sugarloaf Hat (Red)","Head","false","","No collected source","",""
"577","Dated Velveteen Sugarloaf Hat (Green)","Head","false","","No collected source","",""
"578","Dated Velveteen Wedge Cap","Head","false","","No collected source","",""
"579","Dated Velveteen Wedge Cap (Black)","Head","false","","No collected source","",""
"580","Dated Velveteen Wedge Cap (Red)","Head","false","","No collected source","",""
"581","Dated Velveteen Wedge Cap (Yellow)","Head","false","","No collected source","",""
"582","Dated Velveteen Wedge Cap (Green)","Head","false","","No collected source","",""
"583","Dated Darksilver Circlet (Garnet)","Head","false","","No collected source","",""
"584","Dated Darksilver Circlet (Aquamarine)","Head","false","","No collected source","",""
"585","Dated Darksilver Circlet (Heliodor)","Head","false","","No collected source","",""
"586","Dated Darksilver Circlet (Peridot)","Head","false","","No collected source","",""
"587","Dated Darksilver Circlet (Amethyst)","Head","false","","No collected source","",""
"588","Dated Darksilver Circlet (Goshenite)","Head","false","","No collected source","",""
"589","Dated Walnut Mask","Head","false","","No collected source","",""
"590","Dated Visored Barbut","Head","false","","No collected source","",""
"591","Dated Chef's Hat","Head","false","","No collected source","",""
"592","Dated Chef's Hat (Black)","Head","false","","No collected source","",""
"593","Dated Chef's Hat (Red)","Head","false","","No collected source","",""
"594","Dated Chef's Hat (Yellow)","Head","false","","No collected source","",""
"595","Dated Chef's Hat (Green)","Head","false","","No collected source","",""
"596","Dated Iron Assault Sallet","Head","false","","No collected source","",""
"597","Dated Cavalry Chain Coif","Head","false","","No collected source","",""
"598","Dated Cavalry Chain Coif (Red)","Head","false","","No collected source","",""
"599","Dated Cavalry Chain Coif (Black)","Head","false","","No collected source","",""
"600","Dated Cavalry Chain Coif (Ochre)","Head","false","","No collected source","",""
"601","Dated Cavalry Chain Coif (Green)","Head","false","","No collected source","",""
"602","Dated Electrum Circlet (Rubellite)","Head","false","","No collected source","",""
"603","Dated Electrum Circlet (Turquoise)","Head","false","","No collected source","",""
"604","Dated Electrum Circlet (Amber)","Head","false","","No collected source","",""
"605","Dated Electrum Circlet (Tourmaline)","Head","false","","No collected source","",""
"606","Dated Electrum Circlet (Spinel)","Head","false","","No collected source","",""
"607","Dated Electrum Circlet (Zircon)","Head","false","","No collected source","",""
"608","Dated Iron Celata","Head","false","","No collected source","",""
"609","Dated Iron Celata (Green)","Head","false","","No collected source","",""
"610","Dated Iron Celata (Brown)","Head","false","","No collected source","",""
"611","Dated Linen Wedge Cap","Head","false","","No collected source","",""
"612","Dated Linen Wedge Cap (Pink)","Head","false","","No collected source","",""
"613","Dated Linen Wedge Cap (Blue)","Head","false","","No collected source","",""
"614","Dated Linen Wedge Cap (Brown)","Head","false","","No collected source","",""
"615","Dated Linen Wedge Cap (Yellow)","Head","false","","No collected source","",""
"616","Weathered Doublet (Yellow)","Body","false","","No collected source","",""
"617","Weathered Robe","Body","false","","No collected source","",""
"618","Weathered Dalmatica","Body","false","","No collected source","",""
"619","Weathered Dalmatica (Grey)","Body","false","","No collected source","",""
"620","Weathered Gown (Grey)","Body","false","","No collected source","",""
"621","Weathered Gown (Beige)","Body","false","","No collected source","",""
"622","Weathered Hunting Tunic (Brown)","Body","false","","No collected source","",""
"623","Weathered Shirt","Body","false","","No collected source","",""
"624","Weathered Acton (Grey)","Body","false","","No collected source","",""
"625","Weathered Jerkin (Brown)","Body","false","","No collected source","",""
"626","Weathered Tabard","Body","false","","No collected source","",""
"627","Weathered Doublet Vest (Grey)","Body","false","","No collected source","",""
"628","Weathered Halfrobe (Beige)","Body","false","","No collected source","",""
"629","Dated Hempen Dalmatica","Body","false","","No collected source","",""
"630","Dated Hempen Dalmatica (Brown)","Body","false","","No collected source","",""
"631","Dated Hempen Dalmatica (Grey)","Body","false","","No collected source","",""
"632","Dated Hempen Dalmatica (Beige)","Body","false","","No collected source","",""
"633","Dated Hempen Tunic","Body","false","","No collected source","",""
"634","Dated Hempen Tunic (Brown)","Body","false","","No collected source","",""
"635","Dated Hempen Tunic (Beige)","Body","false","","No collected source","",""
"636","Dated Hempen Tunic (Grey)","Body","false","","No collected source","",""
"637","Dated Hempen Halfrobe","Body","false","","No collected source","",""
"638","Dated Hempen Halfrobe (Brown)","Body","false","","No collected source","",""
"639","Dated Hempen Halfrobe (Beige)","Body","false","","No collected source","",""
"640","Dated Hempen Halfrobe (Grey)","Body","false","","No collected source","",""
"641","Dated Hempen Gown","Body","false","","No collected source","",""
"642","Dated Hempen Gown (Brown)","Body","false","","No collected source","",""
"643","Dated Hempen Gown (Grey)","Body","false","","No collected source","",""
"644","Dated Hempen Gown (Beige)","Body","false","","No collected source","",""
"645","Dated Hempen Doublet Vest","Body","false","","No collected source","",""
"646","Dated Hempen Doublet Vest (Brown)","Body","false","","No collected source","",""
"647","Dated Hempen Doublet Vest (Beige)","Body","false","","No collected source","",""
"648","Dated Hempen Doublet Vest (Grey)","Body","false","","No collected source","",""
"649","Dated Hempen Tabard","Body","false","","No collected source","",""
"650","Dated Hempen Tabard (Brown)","Body","false","","No collected source","",""
"651","Dated Hempen Tabard (Beige)","Body","false","","No collected source","",""
"652","Dated Hempen Tabard (Grey)","Body","false","","No collected source","",""
"653","Dated Hempen Doublet","Body","false","","No collected source","",""
"654","Dated Hempen Doublet (Brown)","Body","false","","No collected source","",""
"655","Dated Hempen Doublet (Grey)","Body","false","","No collected source","",""
"656","Dated Hempen Doublet (Beige)","Body","false","","No collected source","",""
"657","Dated Hempen Robe","Body","false","","No collected source","",""
"658","Dated Hempen Robe (Brown)","Body","false","","No collected source","",""
"659","Dated Hempen Robe (Grey)","Body","false","","No collected source","",""
"660","Dated Hempen Robe (Beige)","Body","false","","No collected source","",""
"661","Dated Hempen Shepherd's Tunic","Body","false","","No collected source","",""
"662","Dated Hempen Shepherd's Tunic (Brown)","Body","false","","No collected source","",""
"663","Dated Hempen Shepherd's Tunic (Grey)","Body","false","","No collected source","",""
"664","Dated Hempen Shepherd's Tunic (Beige)","Body","false","","No collected source","",""
"665","Dated Hempen Shirt","Body","false","","No collected source","",""
"666","Dated Hempen Shirt (Brown)","Body","false","","No collected source","",""
"667","Dated Hempen Shirt (Grey)","Body","false","","No collected source","",""
"668","Dated Hempen Shirt (Beige)","Body","false","","No collected source","",""
"669","Dated Hunting Tunic (Brown)","Body","false","","No collected source","",""
"670","Dated Hunting Tunic (Grey)","Body","false","","No collected source","",""
"671","Dated Hunting Tunic (Beige)","Body","false","","No collected source","",""
"672","Dated Hempen Acton (Grey)","Body","false","","No collected source","",""
"673","Dated Hempen Acton (Beige)","Body","false","","No collected source","",""
"674","Dated Hempen Acton (Brown)","Body","false","","No collected source","",""
"675","Dated Cotton Dalmatica","Body","false","","No collected source","",""
"676","Dated Cotton Dalmatica (Red)","Body","false","","No collected source","",""
"677","Dated Cotton Dalmatica (Yellow)","Body","false","","No collected source","",""
"678","Dated Cotton Dalmatica (Green)","Body","false","","No collected source","",""
"679","Dated Cotton Dalmatica (Blue)","Body","false","","No collected source","",""
"680","Dated Cotton Tunic","Body","false","","No collected source","",""
"681","Dated Cotton Tunic (Green)","Body","false","","No collected source","",""
"682","Dated Cotton Tunic (Blue)","Body","false","","No collected source","",""
"683","Dated Cotton Tunic (Red)","Body","false","","No collected source","",""
"684","Dated Cotton Tunic (Yellow)","Body","false","","No collected source","",""
"685","Dated Cotton Halfrobe","Body","false","","No collected source","",""
"686","Dated Cotton Halfrobe (Green)","Body","false","","No collected source","",""
"687","Dated Cotton Halfrobe (Blue)","Body","false","","No collected source","",""
"688","Dated Cotton Halfrobe (Red)","Body","false","","No collected source","",""
"689","Dated Cotton Halfrobe (Yellow)","Body","false","","No collected source","",""
"690","Dated Bronze Chainmail","Body","false","","No collected source","",""
"691","Dated Bronze Chainmail (Brown)","Body","false","","No collected source","",""
"692","Dated Bronze Chainmail (Grey)","Body","false","","No collected source","",""
"693","Dated Bronze Chainmail (Beige)","Body","false","","No collected source","",""
"694","Dated Sheepskin Harness (Taupe)","Body","false","","No collected source","",""
"695","Dated Sheepskin Harness (Grey)","Body","false","","No collected source","",""
"696","Dated Cotton Gown","Body","false","","No collected source","",""
"697","Dated Cotton Gown (Red)","Body","false","","No collected source","",""
"698","Dated Cotton Gown (Yellow)","Body","false","","No collected source","",""
"699","Dated Cotton Gown (Green)","Body","false","","No collected source","",""
"700","Dated Cotton Gown (Blue)","Body","false","","No collected source","",""
"701","Dated Cotton Doublet Vest","Body","false","","No collected source","",""
"702","Dated Cotton Doublet Vest (Green)","Body","false","","No collected source","",""
"703","Dated Cotton Doublet Vest (Blue)","Body","false","","No collected source","",""
"704","Dated Cotton Doublet Vest (Red)","Body","false","","No collected source","",""
"705","Dated Cotton Doublet Vest (Yellow)","Body","false","","No collected source","",""
"706","Dated Bone Scale Mail (Grey)","Body","false","","No collected source","",""
"707","Dated Bone Scale Mail (Taupe)","Body","false","","No collected source","",""
"708","Dated Hempen Cowl","Body","false","","No collected source","",""
"709","Dated Hempen Cowl (Beige)","Body","false","","No collected source","",""
"710","Dated Hempen Cowl (Grey)","Body","false","","No collected source","",""
"711","Dated Hempen Cowl (Brown)","Body","false","","No collected source","",""
"712","Dated Dodoskin Jacket (Rat)","Body","false","","No collected source","",""
"713","Dated Dodoskin Jacket (Squirrel)","Body","false","","No collected source","",""
"714","Dated Dodoskin Jacket (Marmot)","Body","false","","No collected source","",""
"715","Dated Cotton Tabard","Body","false","","No collected source","",""
"716","Dated Cotton Tabard (Green)","Body","false","","No collected source","",""
"717","Dated Cotton Tabard (Blue)","Body","false","","No collected source","",""
"718","Dated Cotton Tabard (Red)","Body","false","","No collected source","",""
"719","Dated Cotton Tabard (Yellow)","Body","false","","No collected source","",""
"720","Dated Cotton Doublet","Body","false","","No collected source","",""
"721","Dated Cotton Doublet (Red)","Body","false","","No collected source","",""
"722","Dated Cotton Doublet (Yellow)","Body","false","","No collected source","",""
"723","Dated Cotton Doublet (Green)","Body","false","","No collected source","",""
"724","Dated Cotton Doublet (Blue)","Body","false","","No collected source","",""
"725","Dated Cotton Robe","Body","false","","No collected source","",""
"726","Dated Cotton Robe (Red)","Body","false","","No collected source","",""
"727","Dated Cotton Robe (Yellow)","Body","false","","No collected source","",""
"728","Dated Cotton Robe (Green)","Body","false","","No collected source","",""
"729","Dated Cotton Robe (Blue)","Body","false","","No collected source","",""
"730","Dated Taupe Sheepskin Jerkin","Body","false","","No collected source","",""
"731","Dated Taupe Sheepskin Jerkin (Grey)","Body","false","","No collected source","",""
"732","Dated Sheepskin Jerkin","Body","false","","No collected source","",""
"733","Dated Slate-grey Sheepskin Jerkin (Brown)","Body","false","","No collected source","",""
"734","Dated Cotton Shepherd's Tunic","Body","false","","No collected source","",""
"735","Dated Cotton Shepherd's Tunic (Red)","Body","false","","No collected source","",""
"736","Dated Cotton Shepherd's Tunic (Yellow)","Body","false","","No collected source","",""
"737","Dated Cotton Shepherd's Tunic (Green)","Body","false","","No collected source","",""
"738","Dated Cotton Shepherd's Tunic (Blue)","Body","false","","No collected source","",""
"739","Dated Cotton Shirt","Body","false","","No collected source","",""
"740","Dated Cotton Shirt (Red)","Body","false","","No collected source","",""
"741","Dated Cotton Shirt (Yellow)","Body","false","","No collected source","",""
"742","Dated Cotton Shirt (Green)","Body","false","","No collected source","",""
"743","Dated Cotton Shirt (Blue)","Body","false","","No collected source","",""
"744","Dated Trapper's Tunic","Body","false","","No collected source","",""
"745","Dated Trapper's Tunic (Red)","Body","false","","No collected source","",""
"746","Dated Trapper's Tunic (Yellow)","Body","false","","No collected source","",""
"747","Dated Trapper's Tunic (Green)","Body","false","","No collected source","",""
"748","Dated Trapper's Tunic (Blue)","Body","false","","No collected source","",""
"749","Dated Cotton Acton (Red)","Body","false","","No collected source","",""
"750","Dated Cotton Acton (Blue)","Body","false","","No collected source","",""
"751","Dated Cotton Acton (Yellow)","Body","false","","No collected source","",""
"752","Dated Cotton Acton (Green)","Body","false","","No collected source","",""
"753","Dated Bronze Scale Mail","Body","false","","No collected source","",""
"754","Dated Canvas Dalmatica","Body","false","","No collected source","",""
"755","Dated Canvas Dalmatica (Auburn)","Body","false","","No collected source","",""
"756","Dated Canvas Dalmatica (Pink)","Body","false","","No collected source","",""
"757","Dated Canvas Dalmatica (Brown)","Body","false","","No collected source","",""
"758","Dated Canvas Dalmatica (Blue)","Body","false","","No collected source","",""
"759","Dated Canvas Tunic","Body","false","","No collected source","",""
"760","Dated Canvas Tunic (Auburn)","Body","false","","No collected source","",""
"761","Dated Canvas Tunic (Pink)","Body","false","","No collected source","",""
"762","Dated Canvas Tunic (Brown)","Body","false","","No collected source","",""
"763","Dated Canvas Tunic (Blue)","Body","false","","No collected source","",""
"764","Dated Canvas Halfrobe","Body","false","","No collected source","",""
"765","Dated Canvas Halfrobe (Auburn)","Body","false","","No collected source","",""
"766","Dated Canvas Halfrobe (Pink)","Body","false","","No collected source","",""
"767","Dated Canvas Halfrobe (Brown)","Body","false","","No collected source","",""
"768","Dated Canvas Halfrobe (Blue)","Body","false","","No collected source","",""
"769","Dated Sentinel's Chainmail","Body","false","","No collected source","",""
"770","Dated Sentinel's Chainmail (Red)","Body","false","","No collected source","",""
"771","Dated Sentinel's Chainmail (Yellow)","Body","false","","No collected source","",""
"772","Dated Sentinel's Chainmail (Green)","Body","false","","No collected source","",""
"773","Dated Sentinel's Chainmail (Blue)","Body","false","","No collected source","",""
"774","Dated Dodoskin Harness (Taupe)","Body","false","","No collected source","",""
"775","Dated Dodoskin Harness (Grey)","Body","false","","No collected source","",""
"776","Dated Canvas Gown","Body","false","","No collected source","",""
"777","Dated Canvas Gown (Auburn)","Body","false","","No collected source","",""
"778","Dated Canvas Gown (Pink)","Body","false","","No collected source","",""
"779","Dated Canvas Gown (Brown)","Body","false","","No collected source","",""
"780","Dated Canvas Gown (Blue)","Body","false","","No collected source","",""
"781","Dated Canvas Doublet Vest","Body","false","","No collected source","",""
"782","Dated Canvas Doublet Vest (Auburn)","Body","false","","No collected source","",""
"783","Dated Canvas Doublet Vest (Pink)","Body","false","","No collected source","",""
"784","Dated Canvas Doublet Vest (Brown)","Body","false","","No collected source","",""
"785","Dated Canvas Doublet Vest (Blue)","Body","false","","No collected source","",""
"786","Dated Cotton Cowl","Body","false","","No collected source","",""
"787","Dated Cotton Cowl (Yellow)","Body","false","","No collected source","",""
"788","Dated Cotton Cowl (Green)","Body","false","","No collected source","",""
"789","Dated Cotton Cowl (Blue)","Body","false","","No collected source","",""
"790","Dated Cotton Cowl (Red)","Body","false","","No collected source","",""
"791","Dated Leather Jacket (Black)","Body","false","","No collected source","",""
"792","Dated Leather Jacket (Ochre)","Body","false","","No collected source","",""
"793","Dated Leather Jacket (Green)","Body","false","","No collected source","",""
"794","Dated Leather Jacket (Red)","Body","false","","No collected source","",""
"795","Dated Canvas Tabard","Body","false","","No collected source","",""
"796","Dated Canvas Tabard (Auburn)","Body","false","","No collected source","",""
"797","Dated Canvas Tabard (Pink)","Body","false","","No collected source","",""
"798","Dated Canvas Tabard (Brown)","Body","false","","No collected source","",""
"799","Dated Canvas Tabard (Blue)","Body","false","","No collected source","",""
"800","Dated Canvas Doublet","Body","false","","No collected source","",""
"801","Dated Canvas Doublet (Auburn)","Body","false","","No collected source","",""
"802","Dated Canvas Doublet (Pink)","Body","false","","No collected source","",""
"803","Dated Canvas Doublet (Brown)","Body","false","","No collected source","",""
"804","Dated Canvas Doublet (Blue)","Body","false","","No collected source","",""
"805","Dated Canvas Robe","Body","false","","No collected source","",""
"806","Dated Canvas Robe (Auburn)","Body","false","","No collected source","",""
"807","Dated Canvas Robe (Pink)","Body","false","","No collected source","",""
"808","Dated Canvas Robe (Brown)","Body","false","","No collected source","",""
"809","Dated Canvas Robe (Blue)","Body","false","","No collected source","",""
"810","Dated Dodoskin Jerkin","Body","false","","No collected source","",""
"811","Dated Dodoskin Jerkin (Red)","Body","false","","No collected source","",""
"812","Dated Dodoskin Jerkin (Yellow)","Body","false","","No collected source","",""
"813","Dated Dodoskin Jerkin (Green)","Body","false","","No collected source","",""
"814","Dated Dodoskin Jerkin (Blue)","Body","false","","No collected source","",""
"815","Dated Bronze Haubergeon","Body","false","","No collected source","",""
"816","Dated Bronze Haubergeon (Red)","Body","false","","No collected source","",""
"817","Dated Bronze Haubergeon (Yellow)","Body","false","","No collected source","",""
"818","Dated Bronze Haubergeon (Green)","Body","false","","No collected source","",""
"819","Dated Bronze Haubergeon (Blue)","Body","false","","No collected source","",""
"820","Dated Canvas Shepherd's Tunic","Body","false","","No collected source","",""
"821","Dated Canvas Shepherd's Tunic (Auburn)","Body","false","","No collected source","",""
"822","Dated Canvas Shepherd's Tunic (Pink)","Body","false","","No collected source","",""
"823","Dated Canvas Shepherd's Tunic (Brown)","Body","false","","No collected source","",""
"824","Dated Canvas Shepherd's Tunic (Blue)","Body","false","","No collected source","",""
"825","Dated Tracker's Tunic","Body","false","","No collected source","",""
"826","Dated Tracker's Tunic (Auburn)","Body","false","","No collected source","",""
"827","Dated Tracker's Tunic (Pink)","Body","false","","No collected source","",""
"828","Dated Tracker's Tunic (Brown)","Body","false","","No collected source","",""
"829","Dated Tracker's Tunic (Blue)","Body","false","","No collected source","",""
"830","Dated Canvas Acton (Auburn)","Body","false","","No collected source","",""
"831","Dated Canvas Acton (Pink)","Body","false","","No collected source","",""
"832","Dated Canvas Acton (Brown)","Body","false","","No collected source","",""
"833","Dated Canvas Acton (Blue)","Body","false","","No collected source","",""
"834","Dated Canvas Coatee","Body","false","","No collected source","",""
"835","Dated Canvas Coatee (Auburn)","Body","false","","No collected source","",""
"836","Dated Canvas Coatee (Pink)","Body","false","","No collected source","",""
"837","Dated Canvas Coatee (Brown)","Body","false","","No collected source","",""
"838","Dated Canvas Coatee (Blue)","Body","false","","No collected source","",""
"839","Dated Mercenary's Chainmail","Body","false","","No collected source","",""
"840","Dated Mercenary's Chainmail (Red)","Body","false","","No collected source","",""
"841","Dated Mercenary's Chainmail (Yellow)","Body","false","","No collected source","",""
"842","Dated Mercenary's Chainmail (Green)","Body","false","","No collected source","",""
"843","Dated Mercenary's Chainmail (Blue)","Body","false","","No collected source","",""
"844","Dated Leather Harness (Black)","Body","false","","No collected source","",""
"845","Dated Leather Harness (Ochre)","Body","false","","No collected source","",""
"846","Dated Leather Harness (Green)","Body","false","","No collected source","",""
"847","Dated Leather Harness (Red)","Body","false","","No collected source","",""
"848","Dated Velveteen Gown","Body","false","","No collected source","",""
"849","Dated Velveteen Gown (Black)","Body","false","","No collected source","",""
"850","Dated Velveteen Gown (Red)","Body","false","","No collected source","",""
"851","Dated Velveteen Gown (Yellow)","Body","false","","No collected source","",""
"852","Dated Velveteen Gown (Green)","Body","false","","No collected source","",""
"853","Dated Velveteen Doublet Vest","Body","false","","No collected source","",""
"854","Dated Velveteen Doublet Vest (Green)","Body","false","","No collected source","",""
"855","Dated Velveteen Doublet Vest (Red)","Body","false","","No collected source","",""
"856","Dated Velveteen Doublet Vest (Black)","Body","false","","No collected source","",""
"857","Dated Velveteen Doublet Vest (Yellow)","Body","false","","No collected source","",""
"858","Dated Canvas Cowl","Body","false","","No collected source","",""
"859","Dated Canvas Cowl (Yellow)","Body","false","","No collected source","",""
"860","Dated Canvas Cowl (Green)","Body","false","","No collected source","",""
"861","Dated Canvas Cowl (Blue)","Body","false","","No collected source","",""
"862","Dated Canvas Cowl (Red)","Body","false","","No collected source","",""
"863","Dated Scouting Jacket (Black)","Body","false","","No collected source","",""
"864","Dated Scouting Jacket (Ochre)","Body","false","","No collected source","",""
"865","Dated Scouting Jacket (Green)","Body","false","","No collected source","",""
"866","Dated Scouting Jacket (Red)","Body","false","","No collected source","",""
"867","Dated Velveteen Tabard","Body","false","","No collected source","",""
"868","Dated Velveteen Tabard (Green)","Body","false","","No collected source","",""
"869","Dated Velveteen Tabard (Red)","Body","false","","No collected source","",""
"870","Dated Velveteen Tabard (Black)","Body","false","","No collected source","",""
"871","Dated Velveteen Tabard (Yellow)","Body","false","","No collected source","",""
"872","Dated Velveteen Robe","Body","false","","No collected source","",""
"873","Dated Velveteen Robe (Black)","Body","false","","No collected source","",""
"874","Dated Velveteen Robe (Red)","Body","false","","No collected source","",""
"875","Dated Velveteen Robe (Yellow)","Body","false","","No collected source","",""
"876","Dated Velveteen Robe (Green)","Body","false","","No collected source","",""
"877","Dated Leather Jerkin","Body","false","","No collected source","",""
"878","Dated Leather Jerkin (Auburn)","Body","false","","No collected source","",""
"879","Dated Leather Jerkin (Pink)","Body","false","","No collected source","",""
"880","Dated Leather Jerkin (Brown)","Body","false","","No collected source","",""
"881","Dated Leather Jerkin (Blue)","Body","false","","No collected source","",""
"882","Dated Iron Haubergeon","Body","false","","No collected source","",""
"883","Dated Iron Haubergeon (Auburn)","Body","false","","No collected source","",""
"884","Dated Iron Haubergeon (Pink)","Body","false","","No collected source","",""
"885","Dated Iron Haubergeon (Brown)","Body","false","","No collected source","",""
"886","Dated Iron Haubergeon (Blue)","Body","false","","No collected source","",""
"887","Dated Bronze Cuirass","Body","false","","No collected source","",""
"888","Dated Bronze Cuirass (Auburn)","Body","false","","No collected source","",""
"889","Dated Bronze Cuirass (Pink)","Body","false","","No collected source","",""
"890","Dated Bronze Cuirass (Brown)","Body","false","","No collected source","",""
"891","Dated Bronze Cuirass (Blue)","Body","false","","No collected source","",""
"892","Dated Velveteen Shirt","Body","false","","No collected source","",""
"893","Dated Velveteen Shirt (Black)","Body","false","","No collected source","",""
"894","Dated Velveteen Shirt (Red)","Body","false","","No collected source","",""
"895","Dated Velveteen Shirt (Yellow)","Body","false","","No collected source","",""
"896","Dated Velveteen Shirt (Green)","Body","false","","No collected source","",""
"897","Dated Bowman's Tunic","Body","false","","No collected source","",""
"898","Dated Bowman's Tunic (Black)","Body","false","","No collected source","",""
"899","Dated Bowman's Tunic (Red)","Body","false","","No collected source","",""
"900","Dated Bowman's Tunic (Yellow)","Body","false","","No collected source","",""
"901","Dated Bowman's Tunic (Green)","Body","false","","No collected source","",""
"902","Dated Velveteen Acton","Body","false","","No collected source","",""
"903","Dated Velveteen Acton (Green)","Body","false","","No collected source","",""
"904","Dated Velveteen Acton (Yellow)","Body","false","","No collected source","",""
"905","Dated Velveteen Acton (Black)","Body","false","","No collected source","",""
"906","Dated Velveteen Coatee","Body","false","","No collected source","",""
"907","Dated Velveteen Coatee (Black)","Body","false","","No collected source","",""
"908","Dated Velveteen Coatee (Red)","Body","false","","No collected source","",""
"909","Dated Velveteen Coatee (Yellow)","Body","false","","No collected source","",""
"910","Dated Velveteen Coatee (Green)","Body","false","","No collected source","",""
"911","Dated Cavalier's Chainmail","Body","false","","No collected source","",""
"912","Dated Cavalier's Chainmail (Auburn)","Body","false","","No collected source","",""
"913","Dated Cavalier's Chainmail (Pink)","Body","false","","No collected source","",""
"914","Dated Cavalier's Chainmail (Brown)","Body","false","","No collected source","",""
"915","Dated Cavalier's Chainmail (Blue)","Body","false","","No collected source","",""
"916","Dated Toadskin Harness (Black)","Body","false","","No collected source","",""
"917","Dated Toadskin Harness (Ochre)","Body","false","","No collected source","",""
"918","Dated Toadskin Harness (Green)","Body","false","","No collected source","",""
"919","Dated Toadskin Harness (Red)","Body","false","","No collected source","",""
"920","Dated Chef's Apron","Body","false","","No collected source","",""
"921","Dated Chef's Apron (Black)","Body","false","","No collected source","",""
"922","Dated Chef's Apron (Red)","Body","false","","No collected source","",""
"923","Dated Chef's Apron (Yellow)","Body","false","","No collected source","",""
"924","Dated Chef's Apron (Green)","Body","false","","No collected source","",""
"925","Dated Velveteen Cowl","Body","false","","No collected source","",""
"926","Dated Velveteen Cowl (Black)","Body","false","","No collected source","",""
"927","Dated Velveteen Cowl (Green)","Body","false","","No collected source","",""
"928","Dated Velveteen Cowl (Red)","Body","false","","No collected source","",""
"929","Dated Velveteen Cowl (Yellow)","Body","false","","No collected source","",""
"930","Dated Harrier's Jacket (Black)","Body","false","","No collected source","",""
"931","Dated Harrier's Jacket (Ochre)","Body","false","","No collected source","",""
"932","Dated Harrier's Jacket (Green)","Body","false","","No collected source","",""
"933","Dated Harrier's Jacket (Red)","Body","false","","No collected source","",""
"934","Dated Tarred Leather Jerkin","Body","false","","No collected source","",""
"935","Dated Tarred Leather Jerkin (Black)","Body","false","","No collected source","",""
"936","Dated Tarred Leather Jerkin (Red)","Body","false","","No collected source","",""
"937","Dated Tarred Leather Jerkin (Yellow)","Body","false","","No collected source","",""
"938","Dated Tarred Leather Jerkin (Green)","Body","false","","No collected source","",""
"939","Dated Cavalry Haubergeon","Body","false","","No collected source","",""
"940","Dated Cavalry Haubergeon (Black)","Body","false","","No collected source","",""
"941","Dated Cavalry Haubergeon (Red)","Body","false","","No collected source","",""
"942","Dated Cavalry Haubergeon (Yellow)","Body","false","","No collected source","",""
"943","Dated Cavalry Haubergeon (Green)","Body","false","","No collected source","",""
"944","Dated Iron Cuirass","Body","false","","No collected source","",""
"945","Dated Iron Cuirass (Green)","Body","false","","No collected source","",""
"946","Dated Iron Cuirass (Brown)","Body","false","","No collected source","",""
"947","Dated Linen Coatee","Body","false","","No collected source","",""
"948","Dated Linen Coatee (Pink)","Body","false","","No collected source","",""
"949","Dated Linen Coatee (Blue)","Body","false","","No collected source","",""
"950","Dated Linen Coatee (Brown)","Body","false","","No collected source","",""
"951","Dated Linen Coatee (Yellow)","Body","false","","No collected source","",""
"952","Weathered Slops (Brown)","Legs","false","","No collected source","",""
"953","Weathered Slops (Grey)","Legs","false","","No collected source","",""
"954","Weathered Slops (Beige)","Legs","false","","No collected source","",""
"955","Weathered Trousers","Legs","false","","No collected source","",""
"956","Weathered Breeches (Grey)","Legs","false","","No collected source","",""
"957","Weathered Chausses","Legs","false","","No collected source","",""
"958","Weathered Chausses (Grey)","Legs","false","","No collected source","",""
"959","Weathered Culottes (Grey)","Legs","false","","No collected source","",""
"960","Weathered Kecks (Brown)","Legs","false","","No collected source","",""
"961","Weathered Kecks (Grey)","Legs","false","","No collected source","",""
"962","Weathered Sarouel (Brown)","Legs","false","","No collected source","",""
"963","Weathered Tights","Legs","false","","No collected source","",""
"964","Dated Hempen Breeches","Legs","false","","No collected source","",""
"965","Dated Hempen Breeches (Brown)","Legs","false","","No collected source","",""
"966","Dated Hempen Breeches (Grey)","Legs","false","","No collected source","",""
"967","Dated Hempen Breeches (Beige)","Legs","false","","No collected source","",""
"968","Dated Hempen Chausses","Legs","false","","No collected source","",""
"969","Dated Hempen Chausses (Brown)","Legs","false","","No collected source","",""
"970","Dated Hempen Chausses (Grey)","Legs","false","","No collected source","",""
"971","Dated Hempen Chausses (Beige)","Legs","false","","No collected source","",""
"972","Dated Hempen Slops","Legs","false","","No collected source","",""
"973","Dated Hempen Slops (Beige)","Legs","false","","No collected source","",""
"974","Dated Hempen Slops (Brown)","Legs","false","","No collected source","",""
"975","Dated Hempen Slops (Grey)","Legs","false","","No collected source","",""
"976","Dated Hempen Tights","Legs","false","","No collected source","",""
"977","Dated Hempen Tights (Beige)","Legs","false","","No collected source","",""
"978","Dated Hempen Tights (Grey)","Legs","false","","No collected source","",""
"979","Dated Hempen Tights (Brown)","Legs","false","","No collected source","",""
"980","Dated Hempen Shepherd's Slops","Legs","false","","No collected source","",""
"981","Dated Hempen Shepherd's Slops (Brown)","Legs","false","","No collected source","",""
"982","Dated Hempen Shepherd's Slops (Grey)","Legs","false","","No collected source","",""
"983","Dated Hempen Shepherd's Slops (Beige)","Legs","false","","No collected source","",""
"984","Dated Hempen Sarouel (Brown)","Legs","false","","No collected source","",""
"985","Dated Hempen Sarouel (Grey)","Legs","false","","No collected source","",""
"986","Dated Hempen Sarouel (Beige)","Legs","false","","No collected source","",""
"987","Dated Hempen Kecks (Brown)","Legs","false","","No collected source","",""
"988","Dated Hempen Kecks (Grey)","Legs","false","","No collected source","",""
"989","Dated Cotton Breeches","Legs","false","","No collected source","",""
"990","Dated Cotton Breeches (Red)","Legs","false","","No collected source","",""
"991","Dated Cotton Breeches (Yellow)","Legs","false","","No collected source","",""
"992","Dated Cotton Breeches (Green)","Legs","false","","No collected source","",""
"993","Dated Cotton Breeches (Blue)","Legs","false","","No collected source","",""
"994","Dated Sheepskin Subligar (Brown)","Legs","false","","No collected source","",""
"995","Dated Sheepskin Subligar (Grey)","Legs","false","","No collected source","",""
"996","Dated Cotton Chausses","Legs","false","","No collected source","",""
"997","Dated Cotton Chausses (Red)","Legs","false","","No collected source","",""
"998","Dated Cotton Chausses (Yellow)","Legs","false","","No collected source","",""
"999","Dated Cotton Chausses (Green)","Legs","false","","No collected source","",""
"1000","Dated Cotton Chausses (Blue)","Legs","false","","No collected source","",""
"1001","Dated Cotton Slops","Legs","false","","No collected source","",""
"1002","Dated Cotton Slops (Yellow)","Legs","false","","No collected source","",""
"1003","Dated Cotton Slops (Green)","Legs","false","","No collected source","",""
"1004","Dated Cotton Slops (Blue)","Legs","false","","No collected source","",""
"1005","Dated Cotton Slops (Red)","Legs","false","","No collected source","",""
"1006","Dated Cotton Tights","Legs","false","","No collected source","",""
"1007","Dated Cotton Tights (Yellow)","Legs","false","","No collected source","",""
"1008","Dated Cotton Tights (Green)","Legs","false","","No collected source","",""
"1009","Dated Cotton Tights (Blue)","Legs","false","","No collected source","",""
"1010","Dated Cotton Tights (Red)","Legs","false","","No collected source","",""
"1011","Dated Sheepskin Culottes","Legs","false","","No collected source","",""
"1012","Dated Sheepskin Culottes (Grey)","Legs","false","","No collected source","",""
"1013","Dated Sheepskin Culottes (Beige)","Legs","false","","No collected source","",""
"1014","Dated Sheepskin Culottes (Brown)","Legs","false","","No collected source","",""
"1015","Dated Sheepskin Skirt","Legs","false","","No collected source","",""
"1016","Dated Cotton Shepherd's Slops","Legs","false","","No collected source","",""
"1017","Dated Cotton Shepherd's Slops (Red)","Legs","false","","No collected source","",""
"1018","Dated Cotton Shepherd's Slops (Yellow)","Legs","false","","No collected source","",""
"1019","Dated Cotton Shepherd's Slops (Blue)","Legs","false","","No collected source","",""
"1020","Dated Cotton Shepherd's Slops (Green)","Legs","false","","No collected source","",""
"1021","Dated Hempen Trousers","Legs","false","","No collected source","",""
"1022","Dated Hempen Trousers (Beige)","Legs","false","","No collected source","",""
"1023","Dated Hempen Trousers (Brown)","Legs","false","","No collected source","",""
"1024","Dated Hempen Trousers (Grey)","Legs","false","","No collected source","",""
"1025","Dated Cotton Sarouel (Red)","Legs","false","","No collected source","",""
"1026","Dated Cotton Sarouel (Yellow)","Legs","false","","No collected source","",""
"1027","Dated Cotton Sarouel (Green)","Legs","false","","No collected source","",""
"1028","Dated Cotton Sarouel (Blue)","Legs","false","","No collected source","",""
"1029","Dated Cotton Kecks","Legs","false","","No collected source","",""
"1030","Dated Cotton Kecks (Blue)","Legs","false","","No collected source","",""
"1031","Dated Canvas Breeches","Legs","false","","No collected source","",""
"1032","Dated Canvas Breeches (Auburn)","Legs","false","","No collected source","",""
"1033","Dated Canvas Breeches (Pink)","Legs","false","","No collected source","",""
"1034","Dated Canvas Breeches (Brown)","Legs","false","","No collected source","",""
"1035","Dated Canvas Breeches (Blue)","Legs","false","","No collected source","",""
"1036","Dated Dodoskin Subligar (Yellow)","Legs","false","","No collected source","",""
"1037","Dated Dodoskin Subligar (Green)","Legs","false","","No collected source","",""
"1038","Dated Canvas Chausses","Legs","false","","No collected source","",""
"1039","Dated Canvas Chausses (Auburn)","Legs","false","","No collected source","",""
"1040","Dated Canvas Chausses (Pink)","Legs","false","","No collected source","",""
"1041","Dated Canvas Chausses (Brown)","Legs","false","","No collected source","",""
"1042","Dated Canvas Chausses (Blue)","Legs","false","","No collected source","",""
"1043","Dated Canvas Slops","Legs","false","","No collected source","",""
"1044","Dated Canvas Slops (Pink)","Legs","false","","No collected source","",""
"1045","Dated Canvas Slops (Brown)","Legs","false","","No collected source","",""
"1046","Dated Canvas Slops (Blue)","Legs","false","","No collected source","",""
"1047","Dated Canvas Slops (Auburn)","Legs","false","","No collected source","",""
"1048","Dated Dodoskin Culottes","Legs","false","","No collected source","",""
"1049","Dated Dodoskin Culottes (Red)","Legs","false","","No collected source","",""
"1050","Dated Dodoskin Culottes (Yellow)","Legs","false","","No collected source","",""
"1051","Dated Dodoskin Culottes (Green)","Legs","false","","No collected source","",""
"1052","Dated Dodoskin Culottes (Blue)","Legs","false","","No collected source","",""
"1053","Dated Dodoskin Skirt","Legs","false","","No collected source","",""
"1054","Dated Canvas Shepherd's Slops","Legs","false","","No collected source","",""
"1055","Dated Canvas Shepherd's Slops (Auburn)","Legs","false","","No collected source","",""
"1056","Dated Canvas Shepherd's Slops (Pink)","Legs","false","","No collected source","",""
"1057","Dated Canvas Shepherd's Slops (Brown)","Legs","false","","No collected source","",""
"1058","Dated Canvas Shepherd's Slops (Blue)","Legs","false","","No collected source","",""
"1059","Dated Cotton Trousers","Legs","false","","No collected source","",""
"1060","Dated Cotton Trousers (Yellow)","Legs","false","","No collected source","",""
"1061","Dated Cotton Trousers (Green)","Legs","false","","No collected source","",""
"1062","Dated Cotton Trousers (Blue)","Legs","false","","No collected source","",""
"1063","Dated Cotton Trousers (Red)","Legs","false","","No collected source","",""
"1064","Dated Canvas Kecks","Legs","false","","No collected source","",""
"1065","Dated Canvas Kecks (Auburn)","Legs","false","","No collected source","",""
"1066","Dated Canvas Bottom","Legs","false","","No collected source","",""
"1067","Dated Canvas Bottom (Auburn)","Legs","false","","No collected source","",""
"1068","Dated Canvas Bottom (Pink)","Legs","false","","No collected source","",""
"1069","Dated Canvas Bottom (Brown)","Legs","false","","No collected source","",""
"1070","Dated Canvas Bottom (Blue)","Legs","false","","No collected source","",""
"1071","Dated Velveteen Hose","Legs","false","","No collected source","",""
"1072","Dated Velveteen Hose (Black)","Legs","false","","No collected source","",""
"1073","Dated Velveteen Hose (Red)","Legs","false","","No collected source","",""
"1074","Dated Velveteen Hose (Yellow)","Legs","false","","No collected source","",""
"1075","Dated Velveteen Hose (Green)","Legs","false","","No collected source","",""
"1076","Dated Leather Subligar (Black)","Legs","false","","No collected source","",""
"1077","Dated Leather Subligar (Green)","Legs","false","","No collected source","",""
"1078","Dated Velveteen Chausses","Legs","false","","No collected source","",""
"1079","Dated Velveteen Chausses (Black)","Legs","false","","No collected source","",""
"1080","Dated Velveteen Chausses (Red)","Legs","false","","No collected source","",""
"1081","Dated Velveteen Chausses (Yellow)","Legs","false","","No collected source","",""
"1082","Dated Velveteen Chausses (Green)","Legs","false","","No collected source","",""
"1083","Dated Velveteen Tights","Legs","false","","No collected source","",""
"1084","Dated Velveteen Tights (Black)","Legs","false","","No collected source","",""
"1085","Dated Velveteen Tights (Green)","Legs","false","","No collected source","",""
"1086","Dated Velveteen Tights (Red)","Legs","false","","No collected source","",""
"1087","Dated Velveteen Tights (Yellow)","Legs","false","","No collected source","",""
"1088","Dated Leather Culottes","Legs","false","","No collected source","",""
"1089","Dated Leather Culottes (Auburn)","Legs","false","","No collected source","",""
"1090","Dated Leather Culottes (Pink)","Legs","false","","No collected source","",""
"1091","Dated Leather Culottes (Brown)","Legs","false","","No collected source","",""
"1092","Dated Leather Culottes (Blue)","Legs","false","","No collected source","",""
"1093","Dated Leather Skirt","Legs","false","","No collected source","",""
"1094","Dated Leather Skirt (Red)","Legs","false","","No collected source","",""
"1095","Dated Leather Skirt (Black)","Legs","false","","No collected source","",""
"1096","Dated Leather Skirt (Ochre)","Legs","false","","No collected source","",""
"1097","Dated Leather Skirt (Green)","Legs","false","","No collected source","",""
"1098","Dated Canvas Trousers","Legs","false","","No collected source","",""
"1099","Dated Canvas Trousers (Pink)","Legs","false","","No collected source","",""
"1100","Dated Canvas Trousers (Brown)","Legs","false","","No collected source","",""
"1101","Dated Canvas Trousers (Blue)","Legs","false","","No collected source","",""
"1102","Dated Canvas Trousers (Auburn)","Legs","false","","No collected source","",""
"1103","Dated Velveteen Sarouel (Black)","Legs","false","","No collected source","",""
"1104","Dated Velveteen Sarouel (Red)","Legs","false","","No collected source","",""
"1105","Dated Velveteen Sarouel (Yellow)","Legs","false","","No collected source","",""
"1106","Dated Velveteen Sarouel (Green)","Legs","false","","No collected source","",""
"1107","Dated Velveteen Kecks","Legs","false","","No collected source","",""
"1108","Dated Velveteen Kecks (Black)","Legs","false","","No collected source","",""
"1109","Dated Velveteen Bottom","Legs","false","","No collected source","",""
"1110","Dated Velveteen Bottom (Black)","Legs","false","","No collected source","",""
"1111","Dated Velveteen Bottom (Red)","Legs","false","","No collected source","",""
"1112","Dated Velveteen Bottom (Yellow)","Legs","false","","No collected source","",""
"1113","Dated Velveteen Bottom (Green)","Legs","false","","No collected source","",""
"1114","Dated Tarred Leather Culottes","Legs","false","","No collected source","",""
"1115","Dated Tarred Leather Culottes (Black)","Legs","false","","No collected source","",""
"1116","Dated Tarred Leather Culottes (Red)","Legs","false","","No collected source","",""
"1117","Dated Tarred Leather Culottes (Yellow)","Legs","false","","No collected source","",""
"1118","Dated Tarred Leather Culottes (Green)","Legs","false","","No collected source","",""
"1119","Dated Tarred Leather Trousers","Legs","false","","No collected source","",""
"1120","Dated Tarred Leather Trousers (Pink)","Legs","false","","No collected source","",""
"1121","Dated Tarred Leather Trousers (Brown)","Legs","false","","No collected source","",""
"1122","Dated Tarred Leather Trousers (Blue)","Legs","false","","No collected source","",""
"1123","Dated Tarred Leather Trousers (Auburn)","Legs","false","","No collected source","",""
"1124","Dated Linen Bottom","Legs","false","","No collected source","",""
"1125","Dated Linen Bottom (Pink)","Legs","false","","No collected source","",""
"1126","Dated Linen Bottom (Blue)","Legs","false","","No collected source","",""
"1127","Dated Linen Bottom (Brown)","Legs","false","","No collected source","",""
"1128","Dated Linen Bottom (Yellow)","Legs","false","","No collected source","",""
"1129","Weathered Smithy's Gloves","Hands","false","","No collected source","",""
"1130","Weathered Halfgloves","Hands","false","","No collected source","",""
"1131","Weathered Work Gloves","Hands","false","","No collected source","",""
"1132","Weathered Fingerless Gloves","Hands","false","","No collected source","",""
"1133","Dated Sheepskin Wristguards","Hands","false","","No collected source","",""
"1134","Dated Sheepskin Wristguards (Taupe)","Hands","false","","No collected source","",""
"1135","Dated Sheepskin Wristguards (Grey)","Hands","false","","No collected source","",""
"1136","Dated Hempen Halfgloves","Hands","false","","No collected source","",""
"1137","Dated Hempen Halfgloves (Brown)","Hands","false","","No collected source","",""
"1138","Dated Hempen Halfgloves (Grey)","Hands","false","","No collected source","",""
"1139","Dated Hempen Halfgloves (Beige)","Hands","false","","No collected source","",""
"1140","Dated Smithy's Gloves","Hands","false","","No collected source","",""
"1141","Dated Smithy's Gloves (Taupe)","Hands","false","","No collected source","",""
"1142","Dated Smithy's Gloves (Grey)","Hands","false","","No collected source","",""
"1143","Dated Hempen Work Gloves","Hands","false","","No collected source","",""
"1144","Dated Hempen Work Gloves (Grey)","Hands","false","","No collected source","",""
"1145","Dated Hempen Work Gloves (Beige)","Hands","false","","No collected source","",""
"1146","Dated Hempen Work Gloves (Brown)","Hands","false","","No collected source","",""
"1147","Dated Fingerless Sheepskin Gloves","Hands","false","","No collected source","",""
"1148","Dated Sheepskin Mitts (Grey)","Hands","false","","No collected source","",""
"1149","Dated Sheepskin Bracers (Brown)","Hands","false","","No collected source","",""
"1150","Dated Sheepskin Bracers (Grey)","Hands","false","","No collected source","",""
"1151","Dated Sheepskin Bracers (Beige)","Hands","false","","No collected source","",""
"1152","Dated Sheepskin Mitts (Taupe)","Hands","false","","No collected source","",""
"1153","Dated Sheepskin Vambraces","Hands","false","","No collected source","",""
"1154","Dated Bronze Mitt Gauntlets","Hands","false","","No collected source","",""
"1155","Dated Dodoskin Wristguards","Hands","false","","No collected source","",""
"1156","Dated Dodoskin Wristguards (Black)","Hands","false","","No collected source","",""
"1157","Dated Cotton Halfgloves","Hands","false","","No collected source","",""
"1158","Dated Cotton Halfgloves (Red)","Hands","false","","No collected source","",""
"1159","Dated Cotton Halfgloves (Yellow)","Hands","false","","No collected source","",""
"1160","Dated Cotton Halfgloves (Green)","Hands","false","","No collected source","",""
"1161","Dated Cotton Halfgloves (Blue)","Hands","false","","No collected source","",""
"1162","Dated Sheepskin Armguards","Hands","false","","No collected source","",""
"1163","Dated Dodoskin Vambraces","Hands","false","","No collected source","",""
"1164","Dated Cotton Work Gloves","Hands","false","","No collected source","",""
"1165","Dated Cotton Work Gloves (Red)","Hands","false","","No collected source","",""
"1166","Dated Cotton Work Gloves (Yellow)","Hands","false","","No collected source","",""
"1167","Dated Cotton Work Gloves (Green)","Hands","false","","No collected source","",""
"1168","Dated Cotton Work Gloves (Blue)","Hands","false","","No collected source","",""
"1169","Dated Fingerless Dodoskin Gloves","Hands","false","","No collected source","",""
"1170","Dated Dodoskin Bracers","Hands","false","","No collected source","",""
"1171","Dated Dodoskin Bracers (Red)","Hands","false","","No collected source","",""
"1172","Dated Dodoskin Bracers (Yellow)","Hands","false","","No collected source","",""
"1173","Dated Dodoskin Bracers (Green)","Hands","false","","No collected source","",""
"1174","Dated Dodoskin Bracers (Blue)","Hands","false","","No collected source","",""
"1175","Dated Dodoskin Mitts (Black)","Hands","false","","No collected source","",""
"1176","Dated Reinforced Bronze Mitt Gauntlets","Hands","false","","No collected source","",""
"1177","Dated Leather Wristguards","Hands","false","","No collected source","",""
"1178","Dated Leather Wristguards (Black)","Hands","false","","No collected source","",""
"1179","Dated Leather Wristguards (Ochre)","Hands","false","","No collected source","",""
"1180","Dated Leather Wristguards (Green)","Hands","false","","No collected source","",""
"1181","Dated Leather Wristguards (Red)","Hands","false","","No collected source","",""
"1182","Dated Canvas Halfgloves","Hands","false","","No collected source","",""
"1183","Dated Canvas Halfgloves (Auburn)","Hands","false","","No collected source","",""
"1184","Dated Canvas Halfgloves (Pink)","Hands","false","","No collected source","",""
"1185","Dated Canvas Halfgloves (Brown)","Hands","false","","No collected source","",""
"1186","Dated Canvas Halfgloves (Blue)","Hands","false","","No collected source","",""
"1187","Dated Dodoskin Armguards","Hands","false","","No collected source","",""
"1188","Dated Leather Smithy's Gloves","Hands","false","","No collected source","",""
"1189","Dated Leather Smithy's Gloves (Black)","Hands","false","","No collected source","",""
"1190","Dated Leather Smithy's Gloves (Ochre)","Hands","false","","No collected source","",""
"1191","Dated Leather Smithy's Gloves (Red)","Hands","false","","No collected source","",""
"1192","Dated Leather Smithy's Gloves (Green)","Hands","false","","No collected source","",""
"1193","Dated Canvas Work Gloves","Hands","false","","No collected source","",""
"1194","Dated Canvas Work Gloves (Auburn)","Hands","false","","No collected source","",""
"1195","Dated Canvas Work Gloves (Pink)","Hands","false","","No collected source","",""
"1196","Dated Canvas Work Gloves (Brown)","Hands","false","","No collected source","",""
"1197","Dated Canvas Work Gloves (Blue)","Hands","false","","No collected source","",""
"1198","Dated Fingerless Leather Gloves (Black)","Hands","false","","No collected source","",""
"1199","Dated Fingerless Leather Gloves (Red)","Hands","false","","No collected source","",""
"1200","Dated Fingerless Leather Gloves (Ochre)","Hands","false","","No collected source","",""
"1201","Dated Fingerless Leather Gloves (Green)","Hands","false","","No collected source","",""
"1202","Dated Leather Bracers","Hands","false","","No collected source","",""
"1203","Dated Leather Bracers (Auburn)","Hands","false","","No collected source","",""
"1204","Dated Leather Bracers (Pink)","Hands","false","","No collected source","",""
"1205","Dated Leather Bracers (Brown)","Hands","false","","No collected source","",""
"1206","Dated Leather Bracers (Blue)","Hands","false","","No collected source","",""
"1207","Dated Leather Mitts","Hands","false","","No collected source","",""
"1208","Dated Canvas Shortgloves","Hands","false","","No collected source","",""
"1209","Dated Canvas Shortgloves (Auburn)","Hands","false","","No collected source","",""
"1210","Dated Canvas Shortgloves (Pink)","Hands","false","","No collected source","",""
"1211","Dated Canvas Shortgloves (Brown)","Hands","false","","No collected source","",""
"1212","Dated Canvas Shortgloves (Blue)","Hands","false","","No collected source","",""
"1213","Dated Leather Vambraces","Hands","false","","No collected source","",""
"1214","Dated Leather Vambraces (Black)","Hands","false","","No collected source","",""
"1215","Dated Leather Vambraces (Ochre)","Hands","false","","No collected source","",""
"1216","Dated Leather Vambraces (Red)","Hands","false","","No collected source","",""
"1217","Dated Leather Vambraces (Green)","Hands","false","","No collected source","",""
"1218","Dated Iron Mitt Gauntlets","Hands","false","","No collected source","",""
"1219","Dated Toadskin Wristguards","Hands","false","","No collected source","",""
"1220","Dated Toadskin Wristguards (Brown)","Hands","false","","No collected source","",""
"1221","Dated Velveteen Halfgloves","Hands","false","","No collected source","",""
"1222","Dated Velveteen Halfgloves (Black)","Hands","false","","No collected source","",""
"1223","Dated Velveteen Halfgloves (Red)","Hands","false","","No collected source","",""
"1224","Dated Velveteen Halfgloves (Yellow)","Hands","false","","No collected source","",""
"1225","Dated Velveteen Halfgloves (Green)","Hands","false","","No collected source","",""
"1226","Dated Leather Armguards (Black)","Hands","false","","No collected source","",""
"1227","Dated Leather Armguards (Ochre)","Hands","false","","No collected source","",""
"1228","Dated Leather Armguards (Green)","Hands","false","","No collected source","",""
"1229","Dated Leather Armguards (Red)","Hands","false","","No collected source","",""
"1230","Dated Thick Smithy's Gloves","Hands","false","","No collected source","",""
"1231","Dated Bronze Gauntlets","Hands","false","","No collected source","",""
"1232","Dated Bronze Gauntlets (Auburn)","Hands","false","","No collected source","",""
"1233","Dated Bronze Gauntlets (Pink)","Hands","false","","No collected source","",""
"1234","Dated Bronze Gauntlets (Brown)","Hands","false","","No collected source","",""
"1235","Dated Bronze Gauntlets (Blue)","Hands","false","","No collected source","",""
"1236","Dated Fingerless Toadskin Gloves (Black)","Hands","false","","No collected source","",""
"1237","Dated Fingerless Toadskin Gloves (Red)","Hands","false","","No collected source","",""
"1238","Dated Fingerless Toadskin Gloves (Ochre)","Hands","false","","No collected source","",""
"1239","Dated Fingerless Toadskin Gloves (Green)","Hands","false","","No collected source","",""
"1240","Dated Bowyer's Bracers","Hands","false","","No collected source","",""
"1241","Dated Bowyer's Bracers (Black)","Hands","false","","No collected source","",""
"1242","Dated Bowyer's Bracers (Red)","Hands","false","","No collected source","",""
"1243","Dated Bowyer's Bracers (Yellow)","Hands","false","","No collected source","",""
"1244","Dated Bowyer's Bracers (Green)","Hands","false","","No collected source","",""
"1245","Dated Toadskin Mitts","Hands","false","","No collected source","",""
"1246","Dated Velveteen Shortgloves","Hands","false","","No collected source","",""
"1247","Dated Velveteen Shortgloves (Black)","Hands","false","","No collected source","",""
"1248","Dated Velveteen Shortgloves (Red)","Hands","false","","No collected source","",""
"1249","Dated Velveteen Shortgloves (Yellow)","Hands","false","","No collected source","",""
"1250","Dated Velveteen Shortgloves (Green)","Hands","false","","No collected source","",""
"1251","Dated Brass Vambraces","Hands","false","","No collected source","",""
"1252","Dated Brass Vambraces (Black)","Hands","false","","No collected source","",""
"1253","Dated Brass Vambraces (Ochre)","Hands","false","","No collected source","",""
"1254","Dated Brass Vambraces (Red)","Hands","false","","No collected source","",""
"1255","Dated Brass Vambraces (Green)","Hands","false","","No collected source","",""
"1256","Dated Reinforced Iron Mitt Gauntlets","Hands","false","","No collected source","",""
"1257","Dated Spiked Leather Armguards (Black)","Hands","false","","No collected source","",""
"1258","Dated Spiked Leather Armguards (Ochre)","Hands","false","","No collected source","",""
"1259","Dated Spiked Leather Armguards (Green)","Hands","false","","No collected source","",""
"1260","Dated Spiked Leather Armguards (Red)","Hands","false","","No collected source","",""
"1261","Dated Iron Gauntlets","Hands","false","","No collected source","",""
"1262","Dated Iron Gauntlets (Green)","Hands","false","","No collected source","",""
"1263","Dated Iron Gauntlets (Brown)","Hands","false","","No collected source","",""
"1264","Dated Linen Shortgloves","Hands","false","","No collected source","",""
"1265","Dated Linen Shortgloves (Pink)","Hands","false","","No collected source","",""
"1266","Dated Linen Shortgloves (Blue)","Hands","false","","No collected source","",""
"1267","Dated Linen Shortgloves (Brown)","Hands","false","","No collected source","",""
"1268","Dated Linen Shortgloves (Yellow)","Hands","false","","No collected source","",""
"1269","Weathered Thighboots","Feet","false","","No collected source","",""
"1270","Weathered Thighboots (Grey)","Feet","false","","No collected source","",""
"1271","Weathered Duckbills","Feet","false","","No collected source","",""
"1272","Weathered Pattens","Feet","false","","No collected source","",""
"1273","Weathered Pattens (Grey)","Feet","false","","No collected source","",""
"1274","Weathered Workboots (Grey)","Feet","false","","No collected source","",""
"1275","Weathered Workboots","Feet","false","","No collected source","",""
"1276","Weathered Crakows","Feet","false","","No collected source","",""
"1277","Weathered Shoes (Taupe)","Feet","false","","No collected source","",""
"1278","Weathered Shoes","Feet","false","","No collected source","",""
"1279","Weathered Moccasins","Feet","false","","No collected source","",""
"1280","Weathered Jackboots (Taupe)","Feet","false","","No collected source","",""
"1281","Dated Sheepskin Duckbills","Feet","false","","No collected source","",""
"1282","Dated Sheepskin Duckbills (Brown)","Feet","false","","No collected source","",""
"1283","Dated Sheepskin Duckbills (Grey)","Feet","false","","No collected source","",""
"1284","Dated Sheepskin Duckbills (Beige)","Feet","false","","No collected source","",""
"1285","Dated Lauan Sandals","Feet","false","","No collected source","",""
"1286","Dated Lauan Sandals (Grey)","Feet","false","","No collected source","",""
"1287","Dated Sheepskin Shoes","Feet","false","","No collected source","",""
"1288","Dated Sheepskin Shoes (Taupe)","Feet","false","","No collected source","",""
"1289","Dated Sheepskin Shoes (Grey)","Feet","false","","No collected source","",""
"1290","Dated Lauan Pattens","Feet","false","","No collected source","",""
"1291","Dated Lauan Pattens (Brown)","Feet","false","","No collected source","",""
"1292","Dated Lauan Pattens (Grey)","Feet","false","","No collected source","",""
"1293","Dated Lauan Pattens (Beige)","Feet","false","","No collected source","",""
"1294","Dated Sheepskin Jackboots","Feet","false","","No collected source","",""
"1295","Dated Sheepskin Jackboots (Taupe)","Feet","false","","No collected source","",""
"1296","Dated Sheepskin Jackboots (Grey)","Feet","false","","No collected source","",""
"1297","Dated Sheepskin Workboots","Feet","false","","No collected source","",""
"1298","Dated Sheepskin Workboots (Grey)","Feet","false","","No collected source","",""
"1299","Dated Sheepskin Workboots (Beige)","Feet","false","","No collected source","",""
"1300","Dated Sheepskin Workboots (Brown)","Feet","false","","No collected source","",""
"1301","Dated Sheepskin Espadrilles","Feet","false","","No collected source","",""
"1302","Dated Sheepskin Espadrilles (Taupe)","Feet","false","","No collected source","",""
"1303","Dated Sheepskin Espadrilles (Grey)","Feet","false","","No collected source","",""
"1304","Dated Sheepskin Crakows","Feet","false","","No collected source","",""
"1305","Dated Lauan Clogs","Feet","false","","No collected source","",""
"1306","Dated Sheepskin Moccasins","Feet","false","","No collected source","",""
"1307","Dated Sheepskin Leggings (Brown)","Feet","false","","No collected source","",""
"1308","Dated Sheepskin Leggings (Beige)","Feet","false","","No collected source","",""
"1309","Dated Sheepskin Leggings","Feet","false","","No collected source","",""
"1310","Dated Sheepskin Leggings (Grey)","Feet","false","","No collected source","",""
"1311","Dated Padded Sheepskin Duckbills","Feet","false","","No collected source","",""
"1312","Dated Padded Sheepskin Duckbills (Red)","Feet","false","","No collected source","",""
"1313","Dated Padded Sheepskin Duckbills (Yellow)","Feet","false","","No collected source","",""
"1314","Dated Padded Sheepskin Duckbills (Green)","Feet","false","","No collected source","",""
"1315","Dated Padded Sheepskin Duckbills (Blue)","Feet","false","","No collected source","",""
"1316","Dated Dodoskin Shoes","Feet","false","","No collected source","",""
"1317","Dated Dodoskin Shoes (Black)","Feet","false","","No collected source","",""
"1318","Dated Sheepskin Caligae","Feet","false","","No collected source","",""
"1319","Dated Sheepskin Caligae (Taupe)","Feet","false","","No collected source","",""
"1320","Dated Sheepskin Caligae (Grey)","Feet","false","","No collected source","",""
"1321","Dated Maple Pattens","Feet","false","","No collected source","",""
"1322","Dated Maple Pattens (Red)","Feet","false","","No collected source","",""
"1323","Dated Maple Pattens (Yellow)","Feet","false","","No collected source","",""
"1324","Dated Maple Pattens (Green)","Feet","false","","No collected source","",""
"1325","Dated Maple Pattens (Blue)","Feet","false","","No collected source","",""
"1326","Dated Dodoskin Jackboots","Feet","false","","No collected source","",""
"1327","Dated Dodoskin Jackboots (Black)","Feet","false","","No collected source","",""
"1328","Dated Dodoskin Thighboots (Black)","Feet","false","","No collected source","",""
"1329","Dated Dodoskin Workboots","Feet","false","","No collected source","",""
"1330","Dated Dodoskin Workboots (Red)","Feet","false","","No collected source","",""
"1331","Dated Dodoskin Workboots (Yellow)","Feet","false","","No collected source","",""
"1332","Dated Dodoskin Workboots (Green)","Feet","false","","No collected source","",""
"1333","Dated Dodoskin Workboots (Blue)","Feet","false","","No collected source","",""
"1334","Dated Dodoskin Espadrilles","Feet","false","","No collected source","",""
"1335","Dated Dodoskin Espadrilles (Black)","Feet","false","","No collected source","",""
"1336","Dated Dodoskin Crakows","Feet","false","","No collected source","",""
"1337","Dated Willow Clogs","Feet","false","","No collected source","",""
"1338","Dated Dodoskin Moccasins","Feet","false","","No collected source","",""
"1339","Dated Dodoskin Leggings (Grey)","Feet","false","","No collected source","",""
"1340","Dated Dodoskin Leggings (Beige)","Feet","false","","No collected source","",""
"1341","Dated Dodoskin Leggings (Brown)","Feet","false","","No collected source","",""
"1342","Dated Walnut Sandals (Black)","Feet","false","","No collected source","",""
"1343","Dated Walnut Sandals","Feet","false","","No collected source","",""
"1344","Dated Walnut Sandals (Green)","Feet","false","","No collected source","",""
"1345","Dated Walnut Sandals (Ochre)","Feet","false","","No collected source","",""
"1346","Dated Walnut Sandals (Red)","Feet","false","","No collected source","",""
"1347","Dated Leather Shoes","Feet","false","","No collected source","",""
"1348","Dated Leather Shoes (Black)","Feet","false","","No collected source","",""
"1349","Dated Leather Shoes (Ochre)","Feet","false","","No collected source","",""
"1350","Dated Leather Shoes (Green)","Feet","false","","No collected source","",""
"1351","Dated Leather Shoes (Red)","Feet","false","","No collected source","",""
"1352","Dated Dodoskin Caligae","Feet","false","","No collected source","",""
"1353","Dated Dodoskin Caligae (Black)","Feet","false","","No collected source","",""
"1354","Dated Elm Pattens","Feet","false","","No collected source","",""
"1355","Dated Elm Pattens (Auburn)","Feet","false","","No collected source","",""
"1356","Dated Elm Pattens (Pink)","Feet","false","","No collected source","",""
"1357","Dated Elm Pattens (Brown)","Feet","false","","No collected source","",""
"1358","Dated Elm Pattens (Blue)","Feet","false","","No collected source","",""
"1359","Dated Leather Jackboots","Feet","false","","No collected source","",""
"1360","Dated Leather Jackboots (Black)","Feet","false","","No collected source","",""
"1361","Dated Leather Jackboots (Ochre)","Feet","false","","No collected source","",""
"1362","Dated Leather Jackboots (Green)","Feet","false","","No collected source","",""
"1363","Dated Leather Jackboots (Red)","Feet","false","","No collected source","",""
"1364","Dated Leather Thighboots","Feet","false","","No collected source","",""
"1365","Dated Leather Thighboots (Ochre)","Feet","false","","No collected source","",""
"1366","Dated Leather Thighboots (Red)","Feet","false","","No collected source","",""
"1367","Dated Leather Thighboots (Green)","Feet","false","","No collected source","",""
"1368","Dated Leather Workboots","Feet","false","","No collected source","",""
"1369","Dated Leather Workboots (Red)","Feet","false","","No collected source","",""
"1370","Dated Leather Workboots (Yellow)","Feet","false","","No collected source","",""
"1371","Dated Leather Workboots (Green)","Feet","false","","No collected source","",""
"1372","Dated Leather Workboots (Blue)","Feet","false","","No collected source","",""
"1373","Dated Bronze Sollerets","Feet","false","","No collected source","",""
"1374","Dated Leather Espadrilles","Feet","false","","No collected source","",""
"1375","Dated Leather Espadrilles (Black)","Feet","false","","No collected source","",""
"1376","Dated Leather Espadrilles (Ochre)","Feet","false","","No collected source","",""
"1377","Dated Leather Espadrilles (Green)","Feet","false","","No collected source","",""
"1378","Dated Leather Espadrilles (Red)","Feet","false","","No collected source","",""
"1379","Dated Leather Crakows (Black)","Feet","false","","No collected source","",""
"1380","Dated Leather Crakows (Red)","Feet","false","","No collected source","",""
"1381","Dated Leather Crakows (Ochre)","Feet","false","","No collected source","",""
"1382","Dated Leather Crakows (Green)","Feet","false","","No collected source","",""
"1383","Dated Elm Clogs","Feet","false","","No collected source","",""
"1384","Dated Leather Moccasins","Feet","false","","No collected source","",""
"1385","Dated Leather Leggings","Feet","false","","No collected source","",""
"1386","Dated Leather Leggings (Red)","Feet","false","","No collected source","",""
"1387","Dated Leather Leggings (Yellow)","Feet","false","","No collected source","",""
"1388","Dated Leather Leggings (Green)","Feet","false","","No collected source","",""
"1389","Dated Leather Leggings (Blue)","Feet","false","","No collected source","",""
"1390","Dated Canvas Gaiters","Feet","false","","No collected source","",""
"1391","Dated Canvas Gaiters (Auburn)","Feet","false","","No collected source","",""
"1392","Dated Canvas Gaiters (Pink)","Feet","false","","No collected source","",""
"1393","Dated Canvas Gaiters (Brown)","Feet","false","","No collected source","",""
"1394","Dated Canvas Gaiters (Blue)","Feet","false","","No collected source","",""
"1395","Dated Leather Duckbills","Feet","false","","No collected source","",""
"1396","Dated Leather Duckbills (Black)","Feet","false","","No collected source","",""
"1397","Dated Leather Duckbills (Ochre)","Feet","false","","No collected source","",""
"1398","Dated Leather Duckbills (Red)","Feet","false","","No collected source","",""
"1399","Dated Leather Duckbills (Green)","Feet","false","","No collected source","",""
"1400","Dated Toadskin Shoes","Feet","false","","No collected source","",""
"1401","Dated Toadskin Shoes (Brown)","Feet","false","","No collected source","",""
"1402","Dated Leather Caligae","Feet","false","","No collected source","",""
"1403","Dated Leather Caligae (Black)","Feet","false","","No collected source","",""
"1404","Dated Leather Caligae (Ochre)","Feet","false","","No collected source","",""
"1405","Dated Leather Caligae (Green)","Feet","false","","No collected source","",""
"1406","Dated Leather Caligae (Red)","Feet","false","","No collected source","",""
"1407","Dated Ash Pattens","Feet","false","","No collected source","",""
"1408","Dated Ash Pattens (Black)","Feet","false","","No collected source","",""
"1409","Dated Ash Pattens (Red)","Feet","false","","No collected source","",""
"1410","Dated Ash Pattens (Yellow)","Feet","false","","No collected source","",""
"1411","Dated Ash Pattens (Green)","Feet","false","","No collected source","",""
"1412","Dated Armored Jackboots","Feet","false","","No collected source","",""
"1413","Dated Armored Jackboots (Black)","Feet","false","","No collected source","",""
"1414","Dated Armored Jackboots (Ochre)","Feet","false","","No collected source","",""
"1415","Dated Armored Jackboots (Green)","Feet","false","","No collected source","",""
"1416","Dated Armored Jackboots (Red)","Feet","false","","No collected source","",""
"1417","Dated Tarred Leather Thighboots","Feet","false","","No collected source","",""
"1418","Dated Padded Leather Workboots","Feet","false","","No collected source","",""
"1419","Dated Padded Leather Workboots (Black)","Feet","false","","No collected source","",""
"1420","Dated Padded Leather Workboots (Ochre)","Feet","false","","No collected source","",""
"1421","Dated Padded Leather Workboots (Green)","Feet","false","","No collected source","",""
"1422","Dated Padded Leather Workboots (Red)","Feet","false","","No collected source","",""
"1423","Dated Iron Sollerets","Feet","false","","No collected source","",""
"1424","Dated Bronze Sabatons","Feet","false","","No collected source","",""
"1425","Dated Bronze Sabatons (Auburn)","Feet","false","","No collected source","",""
"1426","Dated Bronze Sabatons (Pink)","Feet","false","","No collected source","",""
"1427","Dated Bronze Sabatons (Brown)","Feet","false","","No collected source","",""
"1428","Dated Bronze Sabatons (Blue)","Feet","false","","No collected source","",""
"1429","Dated Toadskin Crakows (Black)","Feet","false","","No collected source","",""
"1430","Dated Toadskin Crakows (Red)","Feet","false","","No collected source","",""
"1431","Dated Toadskin Crakows (Ochre)","Feet","false","","No collected source","",""
"1432","Dated Toadskin Crakows (Green)","Feet","false","","No collected source","",""
"1433","Dated Toadskin Moccasins","Feet","false","","No collected source","",""
"1434","Dated Toadskin Moccasins (Red)","Feet","false","","No collected source","",""
"1435","Dated Toadskin Moccasins (Ochre)","Feet","false","","No collected source","",""
"1436","Dated Toadskin Moccasins (Green)","Feet","false","","No collected source","",""
"1437","Dated Toadskin Moccasins (Black)","Feet","false","","No collected source","",""
"1438","Dated Toadskin Leggings (Auburn)","Feet","false","","No collected source","",""
"1439","Dated Toadskin Leggings (Pink)","Feet","false","","No collected source","",""
"1440","Dated Toadskin Leggings (Brown)","Feet","false","","No collected source","",""
"1441","Dated Toadskin Leggings (Blue)","Feet","false","","No collected source","",""
"1442","Dated Velveteen Gaiters","Feet","false","","No collected source","",""
"1443","Dated Velveteen Gaiters (Black)","Feet","false","","No collected source","",""
"1444","Dated Velveteen Gaiters (Red)","Feet","false","","No collected source","",""
"1445","Dated Velveteen Gaiters (Yellow)","Feet","false","","No collected source","",""
"1446","Dated Velveteen Gaiters (Green)","Feet","false","","No collected source","",""
"1447","Dated Padded Leather Duckbills","Feet","false","","No collected source","",""
"1448","Dated Padded Leather Duckbills (Black)","Feet","false","","No collected source","",""
"1449","Dated Padded Leather Duckbills (Ochre)","Feet","false","","No collected source","",""
"1450","Dated Padded Leather Duckbills (Red)","Feet","false","","No collected source","",""
"1451","Dated Padded Leather Duckbills (Green)","Feet","false","","No collected source","",""
"1452","Dated Armored Caligae","Feet","false","","No collected source","",""
"1453","Dated Armored Caligae (Black)","Feet","false","","No collected source","",""
"1454","Dated Armored Caligae (Ochre)","Feet","false","","No collected source","",""
"1455","Dated Armored Caligae (Green)","Feet","false","","No collected source","",""
"1456","Dated Armored Caligae (Red)","Feet","false","","No collected source","",""
"1457","Dated Toadskin Workboots","Feet","false","","No collected source","",""
"1458","Dated Toadskin Workboots (Auburn)","Feet","false","","No collected source","",""
"1459","Dated Toadskin Workboots (Pink)","Feet","false","","No collected source","",""
"1460","Dated Toadskin Workboots (Brown)","Feet","false","","No collected source","",""
"1461","Dated Toadskin Workboots (Blue)","Feet","false","","No collected source","",""
"1462","Dated Cavalry Sollerets","Feet","false","","No collected source","",""
"1463","Dated Cavalry Sollerets (Red)","Feet","false","","No collected source","",""
"1464","Dated Cavalry Sollerets (Black)","Feet","false","","No collected source","",""
"1465","Dated Cavalry Sollerets (Ochre)","Feet","false","","No collected source","",""
"1466","Dated Cavalry Sollerets (Green)","Feet","false","","No collected source","",""
"1467","Dated Iron Sabatons","Feet","false","","No collected source","",""
"1468","Dated Iron Sabatons (Green)","Feet","false","","No collected source","",""
"1469","Dated Iron Sabatons (Brown)","Feet","false","","No collected source","",""
"1470","Dated Linen Gaiters","Feet","false","","No collected source","",""
"1471","Dated Linen Gaiters (Pink)","Feet","false","","No collected source","",""
"1472","Dated Linen Gaiters (Blue)","Feet","false","","No collected source","",""
"1473","Dated Linen Gaiters (Brown)","Feet","false","","No collected source","",""
"1474","Dated Linen Gaiters (Yellow)","Feet","false","","No collected source","",""
"1521","Dated Copper Earrings","Earrings","false","","No collected source","",""
"1522","Dated Fang Earrings","Earrings","false","","No collected source","",""
"1523","Dated Brass Earrings","Earrings","false","","No collected source","",""
"1524","Dated Silver Earrings","Earrings","false","","No collected source","",""
"1525","Dated Sunstone Earrings","Earrings","false","","No collected source","",""
"1526","Dated Lapis Lazuli Earrings","Earrings","false","","No collected source","",""
"1527","Dated Sphene Earrings","Earrings","false","","No collected source","",""
"1528","Dated Malachite Earrings","Earrings","false","","No collected source","",""
"1529","Dated Fluorite Earrings","Earrings","false","","No collected source","",""
"1530","Dated Danburite Earrings","Earrings","false","","No collected source","",""
"1531","Dated Pearl Earrings","Earrings","false","","No collected source","",""
"1532","Dated Black Pearl Earrings","Earrings","false","","No collected source","",""
"1533","Dated Electrum Earrings","Earrings","false","","No collected source","",""
"1534","Dated Garnet Earrings","Earrings","false","","No collected source","",""
"1535","Dated Aquamarine Earrings","Earrings","false","","No collected source","",""
"1536","Dated Heliodor Earrings","Earrings","false","","No collected source","",""
"1537","Dated Peridot Earrings","Earrings","false","","No collected source","",""
"1538","Dated Amethyst Earrings","Earrings","false","","No collected source","",""
"1539","Dated Goshenite Earrings","Earrings","false","","No collected source","",""
"1540","Dated Copper Choker","Necklace","false","","No collected source","",""
"1541","Dated Brass Choker","Necklace","false","","No collected source","",""
"1542","Dated Silver Choker","Necklace","false","","No collected source","",""
"1543","Dated Sunstone Choker","Necklace","false","","No collected source","",""
"1544","Dated Lapis Lazuli Choker","Necklace","false","","No collected source","",""
"1545","Dated Sphene Choker","Necklace","false","","No collected source","",""
"1546","Dated Malachite Choker","Necklace","false","","No collected source","",""
"1547","Dated Fluorite Choker","Necklace","false","","No collected source","",""
"1548","Dated Danburite Choker","Necklace","false","","No collected source","",""
"1549","Dated Electrum Choker","Necklace","false","","No collected source","",""
"1550","Dated Garnet Choker","Necklace","false","","No collected source","",""
"1551","Dated Aquamarine Choker","Necklace","false","","No collected source","",""
"1552","Dated Heliodor Choker","Necklace","false","","No collected source","",""
"1553","Dated Peridot Choker","Necklace","false","","No collected source","",""
"1554","Dated Amethyst Choker","Necklace","false","","No collected source","",""
"1555","Dated Goshenite Choker","Necklace","false","","No collected source","",""
"1556","Dated Mythril Choker","Necklace","false","","No collected source","",""
"1557","Dated Copper Wristlets","Bracelets","false","","No collected source","",""
"1558","Dated Bone Armillae","Bracelets","false","","No collected source","",""
"1559","Dated Brass Wristlets","Bracelets","false","","No collected source","",""
"1560","Dated Silver Wristlets","Bracelets","false","","No collected source","",""
"1561","Dated Sunstone Bracelet","Bracelets","false","","No collected source","",""
"1562","Dated Lapis Lazuli Bracelet","Bracelets","false","","No collected source","",""
"1563","Dated Sphene Bracelet","Bracelets","false","","No collected source","",""
"1564","Dated Malachite Bracelet","Bracelets","false","","No collected source","",""
"1565","Dated Fluorite Bracelet","Bracelets","false","","No collected source","",""
"1566","Dated Danburite Bracelet","Bracelets","false","","No collected source","",""
"1567","Dated Pearl Bracelet","Bracelets","false","","No collected source","",""
"1568","Dated Darksilver Wristlet","Bracelets","false","","No collected source","",""
"1569","Dated White Coral Wristbands","Bracelets","false","","No collected source","",""
"1570","Dated White Coral Wristbands (Black)","Bracelets","false","","No collected source","",""
"1571","Dated White Coral Wristbands (Yellow)","Bracelets","false","","No collected source","",""
"1572","Dated Black Pearl Bracelet","Bracelets","false","","No collected source","",""
"1573","Dated Electrum Wristlets","Bracelets","false","","No collected source","",""
"1574","Dated Blue Coral Wristbands","Bracelets","false","","No collected source","",""
"1575","Dated Blue Coral Wristbands (Black)","Bracelets","false","","No collected source","",""
"1576","Dated Blue Coral Wristbands (Yellow)","Bracelets","false","","No collected source","",""
"1577","Dated Red Coral Wristbands","Bracelets","false","","No collected source","",""
"1578","Dated Red Coral Wristbands (Black)","Bracelets","false","","No collected source","",""
"1579","Dated Red Coral Wristbands (Yellow)","Bracelets","false","","No collected source","",""
"1580","Dated Mythril Wristlets","Bracelets","false","","No collected source","",""
"1581","Dated Bone Ring","Ring","false","","No collected source","",""
"1582","Dated Copper Ring","Ring","false","","No collected source","",""
"1583","Dated Brass Ring","Ring","false","","No collected source","",""
"1584","Dated Silver Ring","Ring","false","","No collected source","",""
"1585","Dated Sunstone Ring","Ring","false","","No collected source","",""
"1586","Dated Lapis Lazuli Ring","Ring","false","","No collected source","",""
"1587","Dated Sphene Ring","Ring","false","","No collected source","",""
"1588","Dated Malachite Ring","Ring","false","","No collected source","",""
"1589","Dated Fluorite Ring","Ring","false","","No collected source","",""
"1590","Dated Danburite Ring","Ring","false","","No collected source","",""
"1591","Dated Pearl Ring","Ring","false","","No collected source","",""
"1592","Dated Black Pearl Ring","Ring","false","","No collected source","",""
"1593","Dated Darksilver Ring","Ring","false","","No collected source","",""
"1594","Dated Garnet Ring","Ring","false","","No collected source","",""
"1595","Dated Aquamarine Ring","Ring","false","","No collected source","",""
"1596","Dated Heliodor Ring","Ring","false","","No collected source","",""
"1597","Dated Peridot Ring","Ring","false","","No collected source","",""
"1598","Dated Amethyst Ring","Ring","false","","No collected source","",""
"1599","Dated Goshenite Ring","Ring","false","","No collected source","",""
"1600","Dated Electrum Ring","Ring","false","","No collected source","",""
"1608","Aetherial Brass Bastard Sword","Gladiator's Arm","false","","No collected source","",""
"1610","Aetherial Brass Viking Sword","Gladiator's Arm","false","","No collected source","",""
"1612","Aetherial Carnage Sword","Gladiator's Arm","false","","No collected source","",""
"1615","Aetherial Iron Shortsword","Gladiator's Arm","false","","No collected source","",""
"1623","Aetherial Iron Spatha","Gladiator's Arm","false","","No collected source","",""
"1626","Aetherial Steel Broadsword","Gladiator's Arm","false","","No collected source","",""
"1628","Aetherial Elm Macuahuitl","Gladiator's Arm","false","","No collected source","",""
"1634","Aetherial Steel Falchion","Gladiator's Arm","false","","No collected source","",""
"1638","Aetherial Walnut Macuahuitl","Gladiator's Arm","false","","No collected source","",""
"1640","Aetherial Steel Longsword","Gladiator's Arm","false","","No collected source","",""
"1644","Aetherial Mythril Broadsword","Gladiator's Arm","false","","No collected source","",""
"1651","Aetherial Plumed Walnut Macuahuitl","Gladiator's Arm","false","","No collected source","",""
"1658","Aetherial Cobalt Katzbalger","Gladiator's Arm","false","","No collected source","",""
"1660","Aetherial Cobalt Shamshir","Gladiator's Arm","false","","No collected source","",""
"1662","Thormoen's Pride","Gladiator's Arm","false","","No collected source","",""
"1664","Aetherial Cobalt Winglet","Gladiator's Arm","false","","No collected source","",""
"1687","Aetherial Brass Knuckles","Pugilist's Arm","false","","No collected source","",""
"1689","Aetherial Hard Leather Cesti","Pugilist's Arm","false","","No collected source","",""
"1695","Aetherial Spiked Knuckles","Pugilist's Arm","false","","No collected source","",""
"1698","Aetherial Toadskin Cesti","Pugilist's Arm","false","","No collected source","",""
"1700","Aetherial Steel Claws","Pugilist's Arm","false","","No collected source","",""
"1707","Aetherial Crabshell Hora","Pugilist's Arm","false","","No collected source","",""
"1709","Aetherial Boarskin Himantes","Pugilist's Arm","false","","No collected source","",""
"1712","Aetherial Mythril Claws","Pugilist's Arm","false","","No collected source","",""
"1717","Aetherial Tortoiseshell Hora","Pugilist's Arm","false","","No collected source","",""
"1724","Aetherial Cobalt Knuckles","Pugilist's Arm","false","","No collected source","",""
"1729","Aetherial Peisteskin Cesti","Pugilist's Arm","false","","No collected source","",""
"1731","Symon's Honeyclaws","Pugilist's Arm","false","","No collected source","",""
"1734","Aetherial Cobalt Claws","Pugilist's Arm","false","","No collected source","",""
"1755","Aetherial Iron War Axe","Marauder's Arm","false","","No collected source","",""
"1757","Aetherial Iron Labrys","Marauder's Arm","false","","No collected source","",""
"1759","Aetherial Inferno Axe","Marauder's Arm","false","","No collected source","",""
"1765","Aetherial Iron Bill","Marauder's Arm","false","","No collected source","",""
"1767","Aetherial Thunderstorm Axe","Marauder's Arm","false","","No collected source","",""
"1770","Aetherial Spiked Steel Labrys","Marauder's Arm","false","","No collected source","",""
"1777","Aetherial Steel Bardiche","Marauder's Arm","false","","No collected source","",""
"1779","Aetherial Steel Bhuj","Marauder's Arm","false","","No collected source","",""
"1782","Aetherial Spiked Mythril Labrys","Marauder's Arm","false","","No collected source","",""
"1787","Aetherial Mythril Bhuj","Marauder's Arm","false","","No collected source","",""
"1797","Aetherial Buccaneer's Bardiche","Marauder's Arm","false","","No collected source","",""
"1799","Sibold's Reach","Marauder's Arm","false","","No collected source","",""
"1802","Aetherial Demilune Bhuj","Marauder's Arm","false","","No collected source","",""
"1804","Aetherial Spiked Cobalt Labrys","Marauder's Arm","false","","No collected source","",""
"1826","Aetherial Iron Spear","Lancer's Arm","false","","No collected source","",""
"1828","Aetherial Iron Lance","Lancer's Arm","false","","No collected source","",""
"1834","Aetherial Iron Guisarme","Lancer's Arm","false","","No collected source","",""
"1837","Aetherial Silver Fork","Lancer's Arm","false","","No collected source","",""
"1839","Aetherial Steel Halberd","Lancer's Arm","false","","No collected source","",""
"1846","Aetherial Steel Spear","Lancer's Arm","false","","No collected source","",""
"1848","Aetherial Heavy Steel Spear","Lancer's Arm","false","","No collected source","",""
"1851","Aetherial Yarzonshell Harpoon","Lancer's Arm","false","","No collected source","",""
"1856","Aetherial Mythril Lance","Lancer's Arm","false","","No collected source","",""
"1863","Aetherial Cobalt Halberd","Lancer's Arm","false","","No collected source","",""
"1868","Aetherial Cobalt Trident","Lancer's Arm","false","","No collected source","",""
"1870","Gerbald's Redspike","Lancer's Arm","false","","No collected source","",""
"1873","Aetherial Hart Guisarme","Lancer's Arm","false","","No collected source","",""
"1890","Judge's Bow","Archer's Arm","false","","No collected source","",""
"1896","Aetherial Ash Shortbow","Archer's Arm","false","","No collected source","",""
"1898","Aetherial Elm Longbow","Archer's Arm","false","","No collected source","",""
"1900","Aetherial Elm Velocity Bow","Archer's Arm","false","","No collected source","",""
"1906","Aetherial Wrapped Elm Longbow","Archer's Arm","false","","No collected source","",""
"1909","Aetherial Ash Composite Bow","Archer's Arm","false","","No collected source","",""
"1916","Aetherial Ash Cavalry Bow","Archer's Arm","false","","No collected source","",""
"1918","Aetherial Oak Longbow","Archer's Arm","false","","No collected source","",""
"1921","Aetherial Mythril Cavalry Bow","Archer's Arm","false","","No collected source","",""
"1926","Aetherial Oak Composite Bow","Archer's Arm","false","","No collected source","",""
"1933","Aetherial Cobalt Cavalry Bow","Archer's Arm","false","","No collected source","",""
"1938","Aetherial Yew Longbow","Archer's Arm","false","","No collected source","",""
"1940","Alesone's Songbow","Archer's Arm","false","","No collected source","",""
"1943","Aetherial Crab Bow","Archer's Arm","false","","No collected source","",""
"1962","Aetherial Ash Wand","One–handed Conjurer's Arm","false","","No collected source","",""
"1964","Aetherial Budding Ash Wand","One–handed Conjurer's Arm","false","","No collected source","",""
"1966","Aetherial Whispering Ash Wand","One–handed Conjurer's Arm","false","","No collected source","",""
"1968","Aetherial Yew Wand","One–handed Conjurer's Arm","false","","No collected source","",""
"1970","Aetherial Budding Yew Wand","One–handed Conjurer's Arm","false","","No collected source","",""
"1972","Aetherial Budding Oak Wand","One–handed Conjurer's Arm","false","","No collected source","",""
"1975","Aetherial Wand of Frost","One–handed Conjurer's Arm","false","","No collected source","",""
"1977","Aetherial Wand of Tremors","One–handed Conjurer's Arm","false","","No collected source","",""
"1979","Aetherial Wand of Tides","One–handed Conjurer's Arm","false","","No collected source","",""
"1982","Aetherial Wand of Flames","One–handed Conjurer's Arm","false","","No collected source","",""
"1984","Aetherial Wand of Gales","One–handed Conjurer's Arm","false","","No collected source","",""
"1986","Aetherial Wand of Storms","One–handed Conjurer's Arm","false","","No collected source","",""
"1988","Aetherial Budding Rosewood Wand","One–handed Conjurer's Arm","false","","No collected source","",""
"1999","Aetherial Ash Radical","Two–handed Conjurer's Arm","false","","No collected source","",""
"2001","Aetherial Elm Cane","Two–handed Conjurer's Arm","false","","No collected source","",""
"2003","Aetherial Elm Crook","Two–handed Conjurer's Arm","false","","No collected source","",""
"2005","Aetherial Yew Radical","Two–handed Conjurer's Arm","false","","No collected source","",""
"2012","Aetherial Yew Crook","Two–handed Conjurer's Arm","false","","No collected source","",""
"2016","Aetherial Walnut Cane","Two–handed Conjurer's Arm","false","","No collected source","",""
"2022","Aetherial Plumed Yew Crook","Two–handed Conjurer's Arm","false","","No collected source","",""
"2024","Aetherial Oak Radical","Two–handed Conjurer's Arm","false","","No collected source","",""
"2027","Aetherial Pastoral Oak Cane","Two–handed Conjurer's Arm","false","","No collected source","",""
"2031","Aetherial Sprouting Rosewood Radical","Two–handed Conjurer's Arm","false","","No collected source","",""
"2040","Aetherial Jade Crook","Two–handed Conjurer's Arm","false","","No collected source","",""
"2043","Chiran Zabran's Tempest","Two–handed Conjurer's Arm","false","","No collected source","",""
"2045","Aetherial Pastoral Mahogany Cane","Two–handed Conjurer's Arm","false","","No collected source","",""
"2060","Aetherial Brass Cudgel","One–handed Thaumaturge's Arm","false","","No collected source","",""
"2062","Aetherial Decorated Copper Scepter","One–handed Thaumaturge's Arm","false","","No collected source","",""
"2064","Aetherial Wind Brand","One–handed Thaumaturge's Arm","false","","No collected source","",""
"2067","Aetherial Ice Brand","One–handed Thaumaturge's Arm","false","","No collected source","",""
"2070","Aetherial Silver Scepter","One–handed Thaumaturge's Arm","false","","No collected source","",""
"2072","Aetherial Earth Brand","One–handed Thaumaturge's Arm","false","","No collected source","",""
"2077","Aetherial Decorated Silver Scepter","One–handed Thaumaturge's Arm","false","","No collected source","",""
"2079","Aetherial Fire Brand","One–handed Thaumaturge's Arm","false","","No collected source","",""
"2084","Aetherial Lightning Brand","One–handed Thaumaturge's Arm","false","","No collected source","",""
"2089","Aetherial Electrum Scepter","One–handed Thaumaturge's Arm","false","","No collected source","",""
"2095","Aetherial Water Brand","One–handed Thaumaturge's Arm","false","","No collected source","",""
"2098","Aetherial Jade Scepter","One–handed Thaumaturge's Arm","false","","No collected source","",""
"2110","Aetherial Toothed Ramhorn Staff","Two–handed Thaumaturge's Arm","false","","No collected source","",""
"2112","Aetherial Staghorn Staff","Two–handed Thaumaturge's Arm","false","","No collected source","",""
"2119","Aetherial Toothed Staghorn Staff","Two–handed Thaumaturge's Arm","false","","No collected source","",""
"2122","Aetherial Goathorn Staff","Two–handed Thaumaturge's Arm","false","","No collected source","",""
"2124","Aetherial Toothed Goathorn Staff","Two–handed Thaumaturge's Arm","false","","No collected source","",""
"2126","Aetherial Horn Staff","Two–handed Thaumaturge's Arm","false","","No collected source","",""
"2131","Aetherial Black Horn Staff","Two–handed Thaumaturge's Arm","false","","No collected source","",""
"2132","Aubriest's Whisper","Two–handed Thaumaturge's Arm","false","","No collected source","",""
"2134","Aetherial Ivory Staff","Two–handed Thaumaturge's Arm","false","","No collected source","",""
"2148","Aetherial Hard Leather Grimoire","Arcanist's Grimoire","false","","No collected source","",""
"2150","Aetherial Engraved Hard Leather Grimoire","Arcanist's Grimoire","false","","No collected source","",""
"2157","Aetherial Goatskin Grimoire","Arcanist's Grimoire","false","","No collected source","",""
"2161","Aetherial Engraved Goatskin Grimoire","Arcanist's Grimoire","false","","No collected source","",""
"2167","Aetherial Book of Silver","Arcanist's Grimoire","false","","No collected source","",""
"2170","Aetherial Embossed Book of Silver","Arcanist's Grimoire","false","","No collected source","",""
"2175","Aetherial Book of Mythril","Arcanist's Grimoire","false","","No collected source","",""
"2186","Aetherial Book of Electrum","Arcanist's Grimoire","false","","No collected source","",""
"2190","Aetherial Embossed Book of Electrum","Arcanist's Grimoire","false","","No collected source","",""
"2240","Aetherial Ironclad Buckler","Shield","false","","No collected source","",""
"2243","Aetherial Iron Scutum","Shield","false","","No collected source","",""
"2247","Aetherial Viper-crested Round Shield","Shield","false","","No collected source","",""
"2249","Aetherial Iron Kite Shield","Shield","false","","No collected source","",""
"2251","Aetherial Goatskin Targe","Shield","false","","No collected source","",""
"2258","Aetherial Bull Hoplon","Shield","false","","No collected source","",""
"2261","Aetherial Decorated Buckler","Shield","false","","No collected source","",""
"2263","Aetherial Decorated Iron Scutum","Shield","false","","No collected source","",""
"2269","Aetherial Bladed Lantern Shield","Shield","false","","No collected source","",""
"2271","Thormoen's Purpose","Shield","false","","No collected source","",""
"2272","Aetherial Raptorskin Targe","Shield","false","","No collected source","",""
"2280","Aetherial Cobalt Scutum","Shield","false","","No collected source","",""
"2288","Aetherial Eagle-crested Round Shield","Shield","false","","No collected source","",""
"2290","Aubriest's Allegory","Shield","false","","No collected source","",""
"2295","Aetherial Kite Shield","Shield","false","","No collected source","",""
"2297","Aetherial Cobalt Bladed Lantern Shield","Shield","false","","No collected source","",""
"2299","Aetherial Oxblood Targe","Shield","false","","No collected source","",""
"2327","Ullikummi","Carpenter's Primary Tool","false","offer","repurchaseShop","Purchase Lv. 50 Arms & Tools","1006004; 1006005; 1006006; 1025913; 1025914; 1025915; 1025916; 1025917; 1025918; 1025919; 1025920; 1025921; 1025922; 1025923; 1025924"
"2330","Recruit's Claw Hammer","Carpenter's Secondary Tool","false","","No collected source","",""
"2333","Novice's Claw Hammer","Carpenter's Secondary Tool","false","","No collected source","",""
"2336","Apprentice's Claw Hammer","Carpenter's Secondary Tool","false","","No collected source","",""
"2354","Vulcan","Blacksmith's Primary Tool","false","offer","repurchaseShop","Purchase Lv. 50 Arms & Tools","1006004; 1006005; 1006006; 1025913; 1025914; 1025915; 1025916; 1025917; 1025918; 1025919; 1025920; 1025921; 1025922; 1025923; 1025924"
"2357","Recruit's File","Blacksmith's Secondary Tool","false","","No collected source","",""
"2360","Novice's File","Blacksmith's Secondary Tool","false","","No collected source","",""
"2362","Apprentice's File","Blacksmith's Secondary Tool","false","","No collected source","",""
"2379","Kurdalegon","Armorer's Primary Tool","false","offer","repurchaseShop","Purchase Lv. 50 Arms & Tools","1006004; 1006005; 1006006; 1025913; 1025914; 1025915; 1025916; 1025917; 1025918; 1025919; 1025920; 1025921; 1025922; 1025923; 1025924"
"2382","Recruit's Pliers","Armorer's Secondary Tool","false","","No collected source","",""
"2385","Novice's Pliers","Armorer's Secondary Tool","false","","No collected source","",""
"2387","Apprentice's Pliers","Armorer's Secondary Tool","false","","No collected source","",""
"2404","Urcaguary","Goldsmith's Primary Tool","false","offer","repurchaseShop","Purchase Lv. 50 Arms & Tools","1006004; 1006005; 1006006; 1025913; 1025914; 1025915; 1025916; 1025917; 1025918; 1025919; 1025920; 1025921; 1025922; 1025923; 1025924"
"2407","Recruit's Grinding Wheel","Goldsmith's Secondary Tool","false","","No collected source","",""
"2410","Novice's Grinding Wheel","Goldsmith's Secondary Tool","false","","No collected source","",""
"2412","Apprentice's Grinding Wheel","Goldsmith's Secondary Tool","false","","No collected source","",""
"2429","Pinga","Leatherworker's Primary Tool","false","offer","repurchaseShop","Purchase Lv. 50 Arms & Tools","1006004; 1006005; 1006006; 1025913; 1025914; 1025915; 1025916; 1025917; 1025918; 1025919; 1025920; 1025921; 1025922; 1025923; 1025924"
"2432","Recruit's Awl","Leatherworker's Secondary Tool","false","","No collected source","",""
"2435","Novice's Awl","Leatherworker's Secondary Tool","false","","No collected source","",""
"2438","Apprentice's Awl","Leatherworker's Secondary Tool","false","","No collected source","",""
"2455","Clotho","Weaver's Primary Tool","false","offer","repurchaseShop","Purchase Lv. 50 Arms & Tools","1006004; 1006005; 1006006; 1025913; 1025914; 1025915; 1025916; 1025917; 1025918; 1025919; 1025920; 1025921; 1025922; 1025923; 1025924"
"2458","Recruit's Spinning Wheel","Weaver's Secondary Tool","false","","No collected source","",""
"2461","Novice's Spinning Wheel","Weaver's Secondary Tool","false","","No collected source","",""
"2463","Apprentice's Spinning Wheel","Weaver's Secondary Tool","false","","No collected source","",""
"2480","Paracelsus","Alchemist's Primary Tool","false","offer","repurchaseShop","Purchase Lv. 50 Arms & Tools","1006004; 1006005; 1006006; 1025913; 1025914; 1025915; 1025916; 1025917; 1025918; 1025919; 1025920; 1025921; 1025922; 1025923; 1025924"
"2483","Recruit's Mortar","Alchemist's Secondary Tool","false","","No collected source","",""
"2486","Novice's Mortar","Alchemist's Secondary Tool","false","","No collected source","",""
"2489","Apprentice's Mortar","Alchemist's Secondary Tool","false","","No collected source","",""
"2506","Chantico","Culinarian's Primary Tool","false","offer","repurchaseShop","Purchase Lv. 50 Arms & Tools","1006004; 1006005; 1006006; 1025913; 1025914; 1025915; 1025916; 1025917; 1025918; 1025919; 1025920; 1025921; 1025922; 1025923; 1025924"
"2509","Recruit's Culinary Knife","Culinarian's Secondary Tool","false","","No collected source","",""
"2512","Novice's Culinary Knife","Culinarian's Secondary Tool","false","","No collected source","",""
"2515","Apprentice's Culinary Knife","Culinarian's Secondary Tool","false","","No collected source","",""
"2532","Mammon","Miner's Primary Tool","false","offer","repurchaseShop","Purchase Lv. 50 Arms & Tools","1006004; 1006005; 1006006; 1025913; 1025914; 1025915; 1025916; 1025917; 1025918; 1025919; 1025920; 1025921; 1025922; 1025923; 1025924"
"2533","Weathered Sledgehammer","Miner's Secondary Tool","false","","No collected source","",""
"2535","Recruit's Sledgehammer","Miner's Secondary Tool","false","","No collected source","",""
"2538","Novice's Sledgehammer","Miner's Secondary Tool","false","","No collected source","",""
"2541","Apprentice's Sledgehammer","Miner's Secondary Tool","false","","No collected source","",""
"2558","Rauni","Botanist's Primary Tool","false","offer","repurchaseShop","Purchase Lv. 50 Arms & Tools","1006004; 1006005; 1006006; 1025913; 1025914; 1025915; 1025916; 1025917; 1025918; 1025919; 1025920; 1025921; 1025922; 1025923; 1025924"
"2559","Weathered Scythe","Botanist's Secondary Tool","false","","No collected source","",""
"2561","Recruit's Scythe","Botanist's Secondary Tool","false","","No collected source","",""
"2564","Novice's Scythe","Botanist's Secondary Tool","false","","No collected source","",""
"2567","Apprentice's Scythe","Botanist's Secondary Tool","false","","No collected source","",""
"2584","Halcyon Rod","Fisher's Primary Tool","false","offer","repurchaseShop","Purchase Lv. 50 Arms & Tools","1006004; 1006005; 1006006; 1025913; 1025914; 1025915; 1025916; 1025917; 1025918; 1025919; 1025920; 1025921; 1025922; 1025923; 1025924"
"2632","Garlond Goggles","Head","false","","No collected source","",""
"2633","Moogle Cap","Head","false","","No collected source","",""
"2634","Helm of Light","Head","false","","No collected source","",""
"2635","Judge's Chain Coif","Head","false","","No collected source","",""
"2636","Judge's Goggles","Head","false","","No collected source","",""
"2637","Onion Helm","Head","false","","No collected source","",""
"2638","Pumpkin Head","Head","false","offer","repurchaseShop; vendorWithoutPosition","262415; Purchase All Saints' Wake Items","1005493; 1005494; 1005495; 1017613; 1017614; 1017615; 1025913; 1025914; 1025915; 1025916; 1025917; 1025918; 1025919; 1025920; 1025921; 1025922; 1025923; 1025924"
"2639","Unripened Pumpkin Head","Head","false","offer","repurchaseShop; vendorWithoutPosition","262415; Purchase All Saints' Wake Items","1005493; 1005494; 1005495; 1017613; 1017614; 1017615; 1025913; 1025914; 1025915; 1025916; 1025917; 1025918; 1025919; 1025920; 1025921; 1025922; 1025923; 1025924"
"2640","White Pumpkin Head","Head","false","offer","repurchaseShop; vendorWithoutPosition","262415; Purchase All Saints' Wake Items","1005493; 1005494; 1005495; 1017613; 1017614; 1017615; 1025913; 1025914; 1025915; 1025916; 1025917; 1025918; 1025919; 1025920; 1025921; 1025922; 1025923; 1025924"
"2641","Ripened Pumpkin Head","Head","false","offer","repurchaseShop; vendorWithoutPosition","262415; Purchase All Saints' Wake Items","1005493; 1005494; 1005495; 1017613; 1017614; 1017615; 1025913; 1025914; 1025915; 1025916; 1025917; 1025918; 1025919; 1025920; 1025921; 1025922; 1025923; 1025924"
"2642","Dream Hat","Head","false","offer","repurchaseShop; seasonalShop","Purchase Starlight Celebration Items; Seasonal Event; 1769485","1017613; 1017614; 1017615; 1025913; 1025914; 1025915; 1025916; 1025917; 1025918; 1025919; 1025920; 1025921; 1025922; 1025923; 1025924; 1005790; 1005792; 1005794"
"2643","Reindeer Antlers","Head","false","offer","repurchaseShop; seasonalShop","Purchase Starlight Celebration Items; 1769485","1017613; 1017614; 1017615; 1025913; 1025914; 1025915; 1025916; 1025917; 1025918; 1025919; 1025920; 1025921; 1025922; 1025923; 1025924; 1005790; 1005792; 1005794"
"2644","Usagi Kabuto","Head","false","offer","repurchaseShop; vendorWithoutPosition","262423; Purchase Heavensturn Items","1005671; 1005672; 1005673; 1017613; 1017614; 1017615; 1025913; 1025914; 1025915; 1025916; 1025917; 1025918; 1025919; 1025920; 1025921; 1025922; 1025923; 1025924"
"2645","Dragon Kabuto","Head","false","offer","repurchaseShop; vendorWithoutPosition","262423; Purchase Heavensturn Items","1005671; 1005672; 1005673; 1017613; 1017614; 1017615; 1025913; 1025914; 1025915; 1025916; 1025917; 1025918; 1025919; 1025920; 1025921; 1025922; 1025923; 1025924"
"2646","Crimson Dragon Kabuto","Head","false","offer","repurchaseShop; vendorWithoutPosition","262423; Purchase Heavensturn Items","1005671; 1005672; 1005673; 1017613; 1017614; 1017615; 1025913; 1025914; 1025915; 1025916; 1025917; 1025918; 1025919; 1025920; 1025921; 1025922; 1025923; 1025924"
"2647","Golden Dragon Kabuto","Head","false","offer","repurchaseShop; vendorWithoutPosition","262423; Purchase Heavensturn Items","1005671; 1005672; 1005673; 1017613; 1017614; 1017615; 1025913; 1025914; 1025915; 1025916; 1025917; 1025918; 1025919; 1025920; 1025921; 1025922; 1025923; 1025924"
"2648","Black Dragon Kabuto","Head","false","offer","repurchaseShop; vendorWithoutPosition","262423; Purchase Heavensturn Items","1005671; 1005672; 1005673; 1017613; 1017614; 1017615; 1025913; 1025914; 1025915; 1025916; 1025917; 1025918; 1025919; 1025920; 1025921; 1025922; 1025923; 1025924"
"2649","Scarf of Wondrous Wit","Head","false","offer","seasonalShop; vendorWithoutPosition","262924; Irregular Tomestone Exchange (Seasonal)","1005970"
"2651","Monoa Mask","Head","false","offer","repurchaseShop","Purchase Quest Rewards I","1006004; 1006005; 1006006; 1025913; 1025914; 1025915; 1025916; 1025917; 1025918; 1025919; 1025920; 1025921; 1025922; 1025923; 1025924"
"2659","Pristine Egg Cap","Head","false","offer","repurchaseShop; vendorWithoutPosition","Purchase Items; Purchase Hatching-tide Items","1007904; 1007905; 1007906; 1017613; 1017614; 1017615; 1025913; 1025914; 1025915; 1025916; 1025917; 1025918; 1025919; 1025920; 1025921; 1025922; 1025923; 1025924"
"2671","Chocobo Egg Cap","Head","false","offer","repurchaseShop; vendorWithoutPosition","Purchase Items; Purchase Hatching-tide Items","1007904; 1007905; 1007906; 1017613; 1017614; 1017615; 1025913; 1025914; 1025915; 1025916; 1025917; 1025918; 1025919; 1025920; 1025921; 1025922; 1025923; 1025924"
"2674","Aetherial Bronze Celata","Head","false","","No collected source","",""
"2676","Aetherial Ash Mask","Head","false","","No collected source","",""
"2678","Aetherial Hunting Hat","Head","false","","No collected source","",""
"2681","Aetherial Decorated Bronze Barbut","Head","false","","No collected source","",""
"2686","Aetherial Brass Circlet (Sunstone)","Head","false","","No collected source","",""
"2688","Aetherial Brass Circlet (Danburite)","Head","false","","No collected source","",""
"2690","Aetherial Brass Circlet (Malachite)","Head","false","","No collected source","",""
"2692","Aetherial Brass Circlet (Sphene)","Head","false","","No collected source","",""
"2694","Aetherial Brass Circlet (Fluorite)","Head","false","","No collected source","",""
"2696","Aetherial Brass Circlet (Lapis Lazuli)","Head","false","","No collected source","",""
"2698","Aetherial Goatskin Pot Helm","Head","false","","No collected source","",""
"2701","Aetherial Cotton Coif","Head","false","","No collected source","",""
"2704","Aetherial Ash Mask (Lapis Lazuli)","Head","false","","No collected source","",""
"2705","Black Usagi Kabuto","Head","false","offer","repurchaseShop; vendorWithoutPosition","262423; Purchase Heavensturn Items; Seasonal Event","1005671; 1005672; 1005673; 1017613; 1017614; 1017615; 1025913; 1025914; 1025915; 1025916; 1025917; 1025918; 1025919; 1025920; 1025921; 1025922; 1025923; 1025924"
"2706","Silver Usagi Kabuto","Head","false","offer","repurchaseShop; vendorWithoutPosition","262423; Purchase Heavensturn Items; Seasonal Event","1005671; 1005672; 1005673; 1017613; 1017614; 1017615; 1025913; 1025914; 1025915; 1025916; 1025917; 1025918; 1025919; 1025920; 1025921; 1025922; 1025923; 1025924"
"2707","Vibrant Egg Cap","Head","false","offer","repurchaseShop; vendorWithoutPosition","Purchase Items; Purchase Hatching-tide Items","1007904; 1007905; 1007906; 1017613; 1017614; 1017615; 1025913; 1025914; 1025915; 1025916; 1025917; 1025918; 1025919; 1025920; 1025921; 1025922; 1025923; 1025924"
"2709","Aetherial Iron Sallet","Head","false","","No collected source","",""
"2711","Aetherial Goatskin Eyepatch","Head","false","","No collected source","",""
"2713","Aetherial Iron Celata","Head","false","","No collected source","",""
"2720","Aetherial Cotton Sugarloaf Hat","Head","false","","No collected source","",""
"2724","Aetherial Iron Elmo","Head","false","","No collected source","",""
"2726","Aetherial Reinforced Iron Sallet","Head","false","","No collected source","",""
"2730","Aetherial Velveteen Turban","Head","false","","No collected source","",""
"2732","Aetherial Silver Spectacles","Head","false","","No collected source","",""
"2736","Aetherial Silver Circlet (Garnet)","Head","false","","No collected source","",""
"2738","Aetherial Silver Circlet (Goshenite)","Head","false","","No collected source","",""
"2740","Aetherial Silver Circlet (Peridot)","Head","false","","No collected source","",""
"2742","Aetherial Silver Circlet (Heliodor)","Head","false","","No collected source","",""
"2744","Aetherial Silver Circlet (Amethyst)","Head","false","","No collected source","",""
"2746","Aetherial Silver Circlet (Aquamarine)","Head","false","","No collected source","",""
"2751","Brilliant Egg Cap","Head","false","offer","repurchaseShop; vendorWithoutPosition","Purchase Items; Purchase Hatching-tide Items","1007904; 1007905; 1007906; 1017613; 1017614; 1017615; 1025913; 1025914; 1025915; 1025916; 1025917; 1025918; 1025919; 1025920; 1025921; 1025922; 1025923; 1025924"
"2752","Peregrine Helm","Head","false","","No collected source","",""
"2754","Aetherial Steel Sallet","Head","false","","No collected source","",""
"2756","Aetherial Steel Celata","Head","false","","No collected source","",""
"2764","Aetherial Velveteen Sugarloaf Hat","Head","false","","No collected source","",""
"2766","Aetherial Steel Elmo","Head","false","","No collected source","",""
"2768","Aetherial Skull Eyepatch","Head","false","","No collected source","",""
"2773","Woolen Sugarloaf Hat (Red)","Head","false","","No collected source","",""
"2784","Chocobo Mask","Head","false","","No collected source","",""
"2787","Aetherial Steel Barbut","Head","false","","No collected source","",""
"2789","Aetherial Boarskin Pot Helm","Head","false","","No collected source","",""
"2791","Aetherial Mythril Circlet (Rubellite)","Head","false","","No collected source","",""
"2793","Aetherial Mythril Circlet (Zircon)","Head","false","","No collected source","",""
"2795","Aetherial Mythril Circlet (Tourmaline)","Head","false","","No collected source","",""
"2797","Aetherial Mythril Circlet (Amber)","Head","false","","No collected source","",""
"2799","Aetherial Mythril Circlet (Spinel)","Head","false","","No collected source","",""
"2801","Aetherial Mythril Circlet (Turquoise)","Head","false","","No collected source","",""
"2803","Aetherial Mythril Elmo","Head","false","","No collected source","",""
"2807","Aetherial Woolen Coif","Head","false","","No collected source","",""
"2809","Midnight Egg Cap","Head","false","offer","repurchaseShop; vendorWithoutPosition","Purchase Items; Purchase Hatching-tide Items","1007904; 1007905; 1007906; 1017613; 1017614; 1017615; 1025913; 1025914; 1025915; 1025916; 1025917; 1025918; 1025919; 1025920; 1025921; 1025922; 1025923; 1025924"
"2811","Aetherial Woolen Turban","Head","false","","No collected source","",""
"2815","Aetherial Woolen Hat","Head","false","","No collected source","",""
"2820","Red Onion Helm","Head","false","","No collected source","",""
"2821","Explorer's Calot","Head","false","","No collected source","",""
"2822","Explorer's Bandana","Head","false","","No collected source","",""
"2823","Veteran's Pot Helm","Head","false","","No collected source","",""
"2828","Aetherial Mythril Chain Coif","Head","false","","No collected source","",""
"2831","Aetherial Reinforced Mythril Elmo","Head","false","","No collected source","",""
"2836","Aetherial Felt Coif","Head","false","","No collected source","",""
"2851","Aetherial Cobalt Elmo","Head","false","","No collected source","",""
"2853","Aetherial Felt Hat","Head","false","","No collected source","",""
"2858","Aetherial Electrum Monocle","Head","false","","No collected source","",""
"2860","Aetherial Cobalt Barbut","Head","false","","No collected source","",""
"2863","Aetherial Raptorskin Pot Helm","Head","false","","No collected source","",""
"2871","Aetherial Electrum Circlet (Rubellite)","Head","false","","No collected source","",""
"2873","Aetherial Electrum Circlet (Zircon)","Head","false","","No collected source","",""
"2875","Aetherial Electrum Circlet (Tourmaline)","Head","false","","No collected source","",""
"2877","Aetherial Electrum Circlet (Amber)","Head","false","","No collected source","",""
"2879","Aetherial Electrum Circlet (Spinel)","Head","false","","No collected source","",""
"2881","Aetherial Electrum Circlet (Turquoise)","Head","false","","No collected source","",""
"2883","Aetherial Rainmaker's Hat","Head","false","","No collected source","",""
"2890","Aetherial Cobalt Celata","Head","false","","No collected source","",""
"2892","Aetherial Felt Cavalier's Hat","Head","false","","No collected source","",""
"2896","Templar's Chain Coif","Head","false","duty","Unresolved duty name","",""
"2897","Gallant Coronet","Head","false","offer","repurchaseShop","Purchase Lv. 50 Gear (DoW)","1006004; 1006005; 1006006; 1025913; 1025914; 1025915; 1025916; 1025917; 1025918; 1025919; 1025920; 1025921; 1025922; 1025923; 1025924"
"2898","Temple Circlet","Head","false","offer","repurchaseShop","Purchase Lv. 50 Gear (DoW)","1006004; 1006005; 1006006; 1025913; 1025914; 1025915; 1025916; 1025917; 1025918; 1025919; 1025920; 1025921; 1025922; 1025923; 1025924"
"2899","Fighter's Burgeonet","Head","false","offer","repurchaseShop","Purchase Lv. 50 Gear (DoW)","1006004; 1006005; 1006006; 1025913; 1025914; 1025915; 1025916; 1025917; 1025918; 1025919; 1025920; 1025921; 1025922; 1025923; 1025924"
"2900","Drachen Armet","Head","false","offer","repurchaseShop","Purchase Lv. 50 Gear (DoW)","1006004; 1006005; 1006006; 1025913; 1025914; 1025915; 1025916; 1025917; 1025918; 1025919; 1025920; 1025921; 1025922; 1025923; 1025924"
"2901","Choral Chapeau","Head","false","offer","repurchaseShop","Purchase Lv. 50 Gear (DoW)","1006004; 1006005; 1006006; 1025913; 1025914; 1025915; 1025916; 1025917; 1025918; 1025919; 1025920; 1025921; 1025922; 1025923; 1025924"
"2902","Healer's Circlet","Head","false","offer","repurchaseShop","Purchase Lv. 50 Gear (DoM)","1006004; 1006005; 1006006; 1025913; 1025914; 1025915; 1025916; 1025917; 1025918; 1025919; 1025920; 1025921; 1025922; 1025923; 1025924"
"2903","Wizard's Petasos","Head","false","offer","repurchaseShop","Purchase Lv. 50 Gear (DoM)","1006004; 1006005; 1006006; 1025913; 1025914; 1025915; 1025916; 1025917; 1025918; 1025919; 1025920; 1025921; 1025922; 1025923; 1025924"
"2904","Evoker's Horn","Head","false","offer","repurchaseShop","Purchase Lv. 50 Gear (DoM)","1006004; 1006005; 1006006; 1025913; 1025914; 1025915; 1025916; 1025917; 1025918; 1025919; 1025920; 1025921; 1025922; 1025923; 1025924"
"2905","Scholar's Mortarboard","Head","false","offer","repurchaseShop","Purchase Lv. 50 Gear (DoM)","1006004; 1006005; 1006006; 1025913; 1025914; 1025915; 1025916; 1025917; 1025918; 1025919; 1025920; 1025921; 1025922; 1025923; 1025924"
"2914","Dalamud Horn","Head","false","","No collected source","",""
"2931","Legionary Visor","Head","false","","No collected source","",""
"2962","Onion Doublet","Body","false","","No collected source","",""
"2963","Judge's Haubergeon","Body","false","","No collected source","",""
"2964","Judge's Shirt","Body","false","","No collected source","",""
"2965","Dream Tunic","Body","false","offer","repurchaseShop; seasonalShop","Purchase Starlight Celebration Items; Seasonal Event; 1769485","1017613; 1017614; 1017615; 1025913; 1025914; 1025915; 1025916; 1025917; 1025918; 1025919; 1025920; 1025921; 1025922; 1025923; 1025924; 1005790; 1005792; 1005794"
"2966","Reindeer Suit","Body","false","offer","repurchaseShop; seasonalShop","Purchase Starlight Celebration Items; 1769485","1017613; 1017614; 1017615; 1025913; 1025914; 1025915; 1025916; 1025917; 1025918; 1025919; 1025920; 1025921; 1025922; 1025923; 1025924; 1005790; 1005792; 1005794"
"2973","Red Summer Top","Body","false","offer","repurchaseShop; seasonalShop; vendorWithoutPosition","Purchase Gender-specific Gear (Male); Purchase Moonfire Faire Items I; Moonfire Faire; Gender-specific Gear Exchange (♀→♂) I; Seasonal Event Prizes (♂)","1009245; 1009246; 1009247; 1009288; 1009289; 1017613; 1017614; 1017615; 1025913; 1025914; 1025915; 1025916; 1025917; 1025918; 1025919; 1025920; 1025921; 1025922; 1025923; 1025924; 1008129; 1008131; 1008133; 1008134; 1008135; 1008136; 1006004; 1006005; 1006006; 1015612"
"2974","Green Summer Top","Body","false","offer","repurchaseShop; seasonalShop; vendorWithoutPosition","Purchase Gender-specific Gear (Male); Purchase Moonfire Faire Items I; Moonfire Faire; Gender-specific Gear Exchange (♀→♂) I; Seasonal Event Prizes (♂)","1009245; 1009246; 1009247; 1009288; 1009289; 1017613; 1017614; 1017615; 1025913; 1025914; 1025915; 1025916; 1025917; 1025918; 1025919; 1025920; 1025921; 1025922; 1025923; 1025924; 1008129; 1008131; 1008133; 1008134; 1008135; 1008136; 1006004; 1006005; 1006006; 1015612"
"2975","Blue Summer Top","Body","false","offer","repurchaseShop; seasonalShop; vendorWithoutPosition","Purchase Gender-specific Gear (Male); Purchase Moonfire Faire Items I; Moonfire Faire; Gender-specific Gear Exchange (♀→♂) I; Seasonal Event Prizes (♂)","1009245; 1009246; 1009247; 1009288; 1009289; 1017613; 1017614; 1017615; 1025913; 1025914; 1025915; 1025916; 1025917; 1025918; 1025919; 1025920; 1025921; 1025922; 1025923; 1025924; 1008129; 1008131; 1008133; 1008134; 1008135; 1008136; 1006004; 1006005; 1006006; 1015612"
"2976","Solar Summer Top","Body","false","offer","repurchaseShop; seasonalShop; vendorWithoutPosition","Purchase Gender-specific Gear (Male); Purchase Moonfire Faire Items I; Moonfire Faire; Gender-specific Gear Exchange (♀→♂) I; Seasonal Event Prizes (♂)","1009245; 1009246; 1009247; 1009288; 1009289; 1017613; 1017614; 1017615; 1025913; 1025914; 1025915; 1025916; 1025917; 1025918; 1025919; 1025920; 1025921; 1025922; 1025923; 1025924; 1008129; 1008131; 1008133; 1008134; 1008135; 1008136; 1006004; 1006005; 1006006; 1015612"
"2977","Lunar Summer Top","Body","false","offer","repurchaseShop; seasonalShop; vendorWithoutPosition","Purchase Gender-specific Gear (Male); Purchase Moonfire Faire Items I; Moonfire Faire; Gender-specific Gear Exchange (♀→♂) I; Seasonal Event Prizes (♂)","1009245; 1009246; 1009247; 1009288; 1009289; 1017613; 1017614; 1017615; 1025913; 1025914; 1025915; 1025916; 1025917; 1025918; 1025919; 1025920; 1025921; 1025922; 1025923; 1025924; 1008129; 1008131; 1008133; 1008134; 1008135; 1008136; 1006004; 1006005; 1006006; 1015612"
"2978","Red Summer Halter","Body","false","offer","repurchaseShop; seasonalShop; vendorWithoutPosition","Purchase Gender-specific Gear (Female); Purchase Moonfire Faire Items I; Moonfire Faire; Gender-specific Gear Exchange (♂→♀) I; Seasonal Event Prizes (♀)","1009245; 1009246; 1009247; 1009288; 1009289; 1017613; 1017614; 1017615; 1025913; 1025914; 1025915; 1025916; 1025917; 1025918; 1025919; 1025920; 1025921; 1025922; 1025923; 1025924; 1008129; 1008131; 1008133; 1008134; 1008135; 1008136; 1006004; 1006005; 1006006; 1015612"
"2979","Green Summer Halter","Body","false","offer","repurchaseShop; seasonalShop; vendorWithoutPosition","Purchase Gender-specific Gear (Female); Purchase Moonfire Faire Items I; Moonfire Faire; Gender-specific Gear Exchange (♂→♀) I; Seasonal Event Prizes (♀)","1009245; 1009246; 1009247; 1009288; 1009289; 1017613; 1017614; 1017615; 1025913; 1025914; 1025915; 1025916; 1025917; 1025918; 1025919; 1025920; 1025921; 1025922; 1025923; 1025924; 1008129; 1008131; 1008133; 1008134; 1008135; 1008136; 1006004; 1006005; 1006006; 1015612"
"2980","Blue Summer Halter","Body","false","offer","repurchaseShop; seasonalShop; vendorWithoutPosition","Purchase Gender-specific Gear (Female); Purchase Moonfire Faire Items I; Moonfire Faire; Gender-specific Gear Exchange (♂→♀) I; Seasonal Event Prizes (♀)","1009245; 1009246; 1009247; 1009288; 1009289; 1017613; 1017614; 1017615; 1025913; 1025914; 1025915; 1025916; 1025917; 1025918; 1025919; 1025920; 1025921; 1025922; 1025923; 1025924; 1008129; 1008131; 1008133; 1008134; 1008135; 1008136; 1006004; 1006005; 1006006; 1015612"
"2981","Solar Summer Halter","Body","false","offer","repurchaseShop; seasonalShop; vendorWithoutPosition","Purchase Gender-specific Gear (Female); Purchase Moonfire Faire Items I; Moonfire Faire; Gender-specific Gear Exchange (♂→♀) I; Seasonal Event Prizes (♀)","1009245; 1009246; 1009247; 1009288; 1009289; 1017613; 1017614; 1017615; 1025913; 1025914; 1025915; 1025916; 1025917; 1025918; 1025919; 1025920; 1025921; 1025922; 1025923; 1025924; 1008129; 1008131; 1008133; 1008134; 1008135; 1008136; 1006004; 1006005; 1006006; 1015612"
"2982","Lunar Summer Halter","Body","false","offer","repurchaseShop; seasonalShop; vendorWithoutPosition","Purchase Gender-specific Gear (Female); Purchase Moonfire Faire Items I; Moonfire Faire; Gender-specific Gear Exchange (♂→♀) I; Seasonal Event Prizes (♀)","1009245; 1009246; 1009247; 1009288; 1009289; 1017613; 1017614; 1017615; 1025913; 1025914; 1025915; 1025916; 1025917; 1025918; 1025919; 1025920; 1025921; 1025922; 1025923; 1025924; 1008129; 1008131; 1008133; 1008134; 1008135; 1008136; 1006004; 1006005; 1006006; 1015612"
"3002","Custom-made Shirt","Body","false","offer","repurchaseShop","Purchase Quest Rewards I","1006004; 1006005; 1006006; 1025913; 1025914; 1025915; 1025916; 1025917; 1025918; 1025919; 1025920; 1025921; 1025922; 1025923; 1025924"
"3003","Custom-made Tunic","Body","false","offer","repurchaseShop","Purchase Quest Rewards I","1006004; 1006005; 1006006; 1025913; 1025914; 1025915; 1025916; 1025917; 1025918; 1025919; 1025920; 1025921; 1025922; 1025923; 1025924"
"3004","Custom-made Robe of Healing","Body","false","offer","repurchaseShop","Purchase Quest Rewards I","1006004; 1006005; 1006006; 1025913; 1025914; 1025915; 1025916; 1025917; 1025918; 1025919; 1025920; 1025921; 1025922; 1025923; 1025924"
"3005","Custom-made Cuirass","Body","false","offer","repurchaseShop","Purchase Quest Rewards I","1006004; 1006005; 1006006; 1025913; 1025914; 1025915; 1025916; 1025917; 1025918; 1025919; 1025920; 1025921; 1025922; 1025923; 1025924"
"3006","Custom-made Scale Mail","Body","false","offer","repurchaseShop","Purchase Quest Rewards I","1006004; 1006005; 1006006; 1025913; 1025914; 1025915; 1025916; 1025917; 1025918; 1025919; 1025920; 1025921; 1025922; 1025923; 1025924"
"3007","Custom-made Robe of Casting","Body","false","offer","repurchaseShop","Purchase Quest Rewards I","1006004; 1006005; 1006006; 1025913; 1025914; 1025915; 1025916; 1025917; 1025918; 1025919; 1025920; 1025921; 1025922; 1025923; 1025924"
"3025","Aetherial Cotton Cowl","Body","false","","No collected source","",""
"3027","Aetherial Bronze Cuirass","Body","false","","No collected source","",""
"3029","Aetherial Cotton Tabard","Body","false","","No collected source","",""
"3037","Aetherial Cotton Dalmatica","Body","false","","No collected source","",""
"3040","Aetherial Cotton Acton","Body","false","","No collected source","",""
"3042","Wood Wailer's Jacket","Body","false","","No collected source","",""
"3044","Aetherial Goatskin Jacket","Body","false","","No collected source","",""
"3046","Aetherial Iron Cuirass","Body","false","","No collected source","",""
"3051","Aetherial Cotton Halfrobe","Body","false","","No collected source","",""
"3058","Aetherial Iron Scale Mail","Body","false","","No collected source","",""
"3061","Aetherial Cotton Trapper's Tunic","Body","false","","No collected source","",""
"3063","Aetherial Cotton Robe","Body","false","","No collected source","",""
"3067","Aetherial Velveteen Shirt","Body","false","","No collected source","",""
"3069","Aetherial Heavy Iron Armor","Body","false","","No collected source","",""
"3091","Aetherial Velveteen Cowl","Body","false","","No collected source","",""
"3097","Aetherial Steel Chainmail","Body","false","","No collected source","",""
"3101","Aetherial Toadskin Jacket","Body","false","","No collected source","",""
"3103","Aetherial Steel Cuirass","Body","false","","No collected source","",""
"3107","Aetherial Velveteen Halfrobe","Body","false","","No collected source","",""
"3119","Aetherial Steel Scale Mail","Body","false","","No collected source","",""
"3130","Apprentice's Smock","Body","false","","No collected source","",""
"3139","Aetherial Boarskin Harness","Body","false","","No collected source","",""
"3143","Aetherial Horn Scale Mail","Body","false","","No collected source","",""
"3161","Aetherial Woolen Robe","Body","false","","No collected source","",""
"3166","Aetherial Peisteskin Harness","Body","false","","No collected source","",""
"3167","Explorer's Tunic","Body","false","","No collected source","",""
"3168","Veteran's Acton","Body","false","","No collected source","",""
"3170","Explorer's Tabard","Body","false","","No collected source","",""
"3171","Mage's Halfrobe","Body","false","","No collected source","",""
"3173","Aetherial Ranger's Tunic","Body","false","","No collected source","",""
"3179","Aetherial Woolen Bliaud","Body","false","","No collected source","",""
"3181","Aetherial High Mythril Armor","Body","false","","No collected source","",""
"3184","Aetherial Tortoiseshell Scale Mail","Body","false","","No collected source","",""
"3186","Aetherial Felt Robe","Body","false","","No collected source","",""
"3192","Aetherial Raptorskin Harness","Body","false","","No collected source","",""
"3194","Aetherial Woolen Cowl","Body","false","","No collected source","",""
"3202","Aetherial Rainmaker's Tunic","Body","false","","No collected source","",""
"3204","Aetherial Cobalt Haubergeon","Body","false","","No collected source","",""
"3210","Aetherial Cobalt Cuirass","Body","false","","No collected source","",""
"3212","Aetherial Felt Bliaud","Body","false","","No collected source","",""
"3214","Aetherial Raptorskin Jacket","Body","false","","No collected source","",""
"3220","Gallant Surcoat","Body","false","offer","repurchaseShop","Purchase Lv. 50 Gear (DoW)","1006004; 1006005; 1006006; 1025913; 1025914; 1025915; 1025916; 1025917; 1025918; 1025919; 1025920; 1025921; 1025922; 1025923; 1025924"
"3221","Temple Cyclas","Body","false","offer","repurchaseShop","Purchase Lv. 50 Gear (DoW)","1006004; 1006005; 1006006; 1025913; 1025914; 1025915; 1025916; 1025917; 1025918; 1025919; 1025920; 1025921; 1025922; 1025923; 1025924"
"3222","Fighter's Cuirass","Body","false","offer","repurchaseShop","Purchase Lv. 50 Gear (DoW)","1006004; 1006005; 1006006; 1025913; 1025914; 1025915; 1025916; 1025917; 1025918; 1025919; 1025920; 1025921; 1025922; 1025923; 1025924"
"3223","Drachen Mail","Body","false","offer","repurchaseShop","Purchase Lv. 50 Gear (DoW)","1006004; 1006005; 1006006; 1025913; 1025914; 1025915; 1025916; 1025917; 1025918; 1025919; 1025920; 1025921; 1025922; 1025923; 1025924"
"3224","Choral Shirt","Body","false","offer","repurchaseShop","Purchase Lv. 50 Gear (DoW)","1006004; 1006005; 1006006; 1025913; 1025914; 1025915; 1025916; 1025917; 1025918; 1025919; 1025920; 1025921; 1025922; 1025923; 1025924"
"3225","Healer's Robe","Body","false","offer","repurchaseShop","Purchase Lv. 50 Gear (DoM)","1006004; 1006005; 1006006; 1025913; 1025914; 1025915; 1025916; 1025917; 1025918; 1025919; 1025920; 1025921; 1025922; 1025923; 1025924"
"3226","Wizard's Coat","Body","false","offer","repurchaseShop","Purchase Lv. 50 Gear (DoM)","1006004; 1006005; 1006006; 1025913; 1025914; 1025915; 1025916; 1025917; 1025918; 1025919; 1025920; 1025921; 1025922; 1025923; 1025924"
"3227","Evoker's Doublet","Body","false","offer","repurchaseShop","Purchase Lv. 50 Gear (DoM)","1006004; 1006005; 1006006; 1025913; 1025914; 1025915; 1025916; 1025917; 1025918; 1025919; 1025920; 1025921; 1025922; 1025923; 1025924"
"3228","Scholar's Gown","Body","false","offer","repurchaseShop","Purchase Lv. 50 Gear (DoM)","1006004; 1006005; 1006006; 1025913; 1025914; 1025915; 1025916; 1025917; 1025918; 1025919; 1025920; 1025921; 1025922; 1025923; 1025924"
"3277","Judge's Skirt","Legs","false","","No collected source","",""
"3278","Judge's Slops","Legs","false","","No collected source","",""
"3279","Onion Gaskins","Legs","false","","No collected source","",""
"3286","Red Summer Trunks","Legs","false","offer","repurchaseShop; seasonalShop; vendorWithoutPosition","Purchase Gender-specific Gear (Male); Purchase Moonfire Faire Items I; Moonfire Faire; Gender-specific Gear Exchange (♀→♂) I; Seasonal Event Prizes (♂)","1009245; 1009246; 1009247; 1009288; 1009289; 1017613; 1017614; 1017615; 1025913; 1025914; 1025915; 1025916; 1025917; 1025918; 1025919; 1025920; 1025921; 1025922; 1025923; 1025924; 1008129; 1008131; 1008133; 1008134; 1008135; 1008136; 1006004; 1006005; 1006006; 1015612"
"3287","Green Summer Trunks","Legs","false","offer","repurchaseShop; seasonalShop; vendorWithoutPosition","Purchase Gender-specific Gear (Male); Purchase Moonfire Faire Items I; Moonfire Faire; Gender-specific Gear Exchange (♀→♂) I; Seasonal Event Prizes (♂)","1009245; 1009246; 1009247; 1009288; 1009289; 1017613; 1017614; 1017615; 1025913; 1025914; 1025915; 1025916; 1025917; 1025918; 1025919; 1025920; 1025921; 1025922; 1025923; 1025924; 1008129; 1008131; 1008133; 1008134; 1008135; 1008136; 1006004; 1006005; 1006006; 1015612"
"3288","Blue Summer Trunks","Legs","false","offer","repurchaseShop; seasonalShop; vendorWithoutPosition","Purchase Gender-specific Gear (Male); Purchase Moonfire Faire Items I; Moonfire Faire; Gender-specific Gear Exchange (♀→♂) I; Seasonal Event Prizes (♂)","1009245; 1009246; 1009247; 1009288; 1009289; 1017613; 1017614; 1017615; 1025913; 1025914; 1025915; 1025916; 1025917; 1025918; 1025919; 1025920; 1025921; 1025922; 1025923; 1025924; 1008129; 1008131; 1008133; 1008134; 1008135; 1008136; 1006004; 1006005; 1006006; 1015612"
"3289","Solar Summer Trunks","Legs","false","offer","repurchaseShop; seasonalShop; vendorWithoutPosition","Purchase Gender-specific Gear (Male); Purchase Moonfire Faire Items I; Moonfire Faire; Gender-specific Gear Exchange (♀→♂) I; Seasonal Event Prizes (♂)","1009245; 1009246; 1009247; 1009288; 1009289; 1017613; 1017614; 1017615; 1025913; 1025914; 1025915; 1025916; 1025917; 1025918; 1025919; 1025920; 1025921; 1025922; 1025923; 1025924; 1008129; 1008131; 1008133; 1008134; 1008135; 1008136; 1006004; 1006005; 1006006; 1015612"
"3290","Lunar Summer Trunks","Legs","false","offer","repurchaseShop; seasonalShop; vendorWithoutPosition","Purchase Gender-specific Gear (Male); Purchase Moonfire Faire Items I; Moonfire Faire; Gender-specific Gear Exchange (♀→♂) I; Seasonal Event Prizes (♂)","1009245; 1009246; 1009247; 1009288; 1009289; 1017613; 1017614; 1017615; 1025913; 1025914; 1025915; 1025916; 1025917; 1025918; 1025919; 1025920; 1025921; 1025922; 1025923; 1025924; 1008129; 1008131; 1008133; 1008134; 1008135; 1008136; 1006004; 1006005; 1006006; 1015612"
"3291","Red Summer Tanga","Legs","false","offer","repurchaseShop; seasonalShop; vendorWithoutPosition","Purchase Gender-specific Gear (Female); Purchase Moonfire Faire Items I; Moonfire Faire; Gender-specific Gear Exchange (♂→♀) I; Seasonal Event Prizes (♀)","1009245; 1009246; 1009247; 1009288; 1009289; 1017613; 1017614; 1017615; 1025913; 1025914; 1025915; 1025916; 1025917; 1025918; 1025919; 1025920; 1025921; 1025922; 1025923; 1025924; 1008129; 1008131; 1008133; 1008134; 1008135; 1008136; 1006004; 1006005; 1006006; 1015612"
"3292","Green Summer Tanga","Legs","false","offer","repurchaseShop; seasonalShop; vendorWithoutPosition","Purchase Gender-specific Gear (Female); Purchase Moonfire Faire Items I; Moonfire Faire; Gender-specific Gear Exchange (♂→♀) I; Seasonal Event Prizes (♀)","1009245; 1009246; 1009247; 1009288; 1009289; 1017613; 1017614; 1017615; 1025913; 1025914; 1025915; 1025916; 1025917; 1025918; 1025919; 1025920; 1025921; 1025922; 1025923; 1025924; 1008129; 1008131; 1008133; 1008134; 1008135; 1008136; 1006004; 1006005; 1006006; 1015612"
"3293","Blue Summer Tanga","Legs","false","offer","repurchaseShop; seasonalShop; vendorWithoutPosition","Purchase Gender-specific Gear (Female); Purchase Moonfire Faire Items I; Moonfire Faire; Gender-specific Gear Exchange (♂→♀) I; Seasonal Event Prizes (♀)","1009245; 1009246; 1009247; 1009288; 1009289; 1017613; 1017614; 1017615; 1025913; 1025914; 1025915; 1025916; 1025917; 1025918; 1025919; 1025920; 1025921; 1025922; 1025923; 1025924; 1008129; 1008131; 1008133; 1008134; 1008135; 1008136; 1006004; 1006005; 1006006; 1015612"
"3294","Solar Summer Tanga","Legs","false","offer","repurchaseShop; seasonalShop; vendorWithoutPosition","Purchase Gender-specific Gear (Female); Purchase Moonfire Faire Items I; Moonfire Faire; Gender-specific Gear Exchange (♂→♀) I; Seasonal Event Prizes (♀)","1009245; 1009246; 1009247; 1009288; 1009289; 1017613; 1017614; 1017615; 1025913; 1025914; 1025915; 1025916; 1025917; 1025918; 1025919; 1025920; 1025921; 1025922; 1025923; 1025924; 1008129; 1008131; 1008133; 1008134; 1008135; 1008136; 1006004; 1006005; 1006006; 1015612"
"3295","Lunar Summer Tanga","Legs","false","offer","repurchaseShop; seasonalShop; vendorWithoutPosition","Purchase Gender-specific Gear (Female); Purchase Moonfire Faire Items I; Moonfire Faire; Gender-specific Gear Exchange (♂→♀) I; Seasonal Event Prizes (♀)","1009245; 1009246; 1009247; 1009288; 1009289; 1017613; 1017614; 1017615; 1025913; 1025914; 1025915; 1025916; 1025917; 1025918; 1025919; 1025920; 1025921; 1025922; 1025923; 1025924; 1008129; 1008131; 1008133; 1008134; 1008135; 1008136; 1006004; 1006005; 1006006; 1015612"
"3323","Star-spangled Subligar","Legs","false","offer","repurchaseShop","Purchase Quest Rewards I","1006004; 1006005; 1006006; 1025913; 1025914; 1025915; 1025916; 1025917; 1025918; 1025919; 1025920; 1025921; 1025922; 1025923; 1025924"
"3326","Aetherial Padded Hempen Trousers","Legs","false","","No collected source","",""
"3328","Aetherial Cotton Tights","Legs","false","","No collected source","",""
"3333","Aetherial Cotton Trousers","Legs","false","","No collected source","",""
"3335","Aetherial Cotton Breeches","Legs","false","","No collected source","",""
"3338","Aetherial Goatskin Brais","Legs","false","","No collected source","",""
"3340","Aetherial Padded Cotton Trousers","Legs","false","","No collected source","",""
"3344","Aetherial Cotton Gaskins","Legs","false","","No collected source","",""
"3346","Aetherial Cotton Kecks","Legs","false","","No collected source","",""
"3350","Aetherial Velveteen Sarouel","Legs","false","","No collected source","",""
"3353","Aetherial Heavy Iron Flanchard","Legs","false","","No collected source","",""
"3356","Aetherial Velveteen Chausses","Legs","false","","No collected source","",""
"3366","Aetherial Velveteen Trousers","Legs","false","","No collected source","",""
"3368","Aetherial Toadskin Brais","Legs","false","","No collected source","",""
"3371","Aetherial Padded Velveteen Trousers","Legs","false","","No collected source","",""
"3373","Aetherial Velveteen Gaskins","Legs","false","","No collected source","",""
"3378","Aetherial Toadskin Breeches","Legs","false","","No collected source","",""
"3403","Aetherial Boarskin Subligar","Legs","false","","No collected source","",""
"3409","Aetherial Woolen Sarouel","Legs","false","","No collected source","",""
"3414","Aetherial Woolen Tights","Legs","false","","No collected source","",""
"3417","Aetherial Peisteskin Subligar","Legs","false","","No collected source","",""
"3418","Thormoen's Subligar","Legs","false","","No collected source","",""
"3419","Mage's Chausses","Legs","false","","No collected source","",""
"3420","Explorer's Breeches","Legs","false","","No collected source","",""
"3428","Aetherial Woolen Trousers","Legs","false","","No collected source","",""
"3430","Aetherial Woolen Gaskins","Legs","false","","No collected source","",""
"3444","Aetherial Raptorskin Subligar","Legs","false","","No collected source","",""
"3455","Aetherial Felt Kecks","Legs","false","","No collected source","",""
"3458","Gallant Cuisses","Legs","false","offer","repurchaseShop","Purchase Lv. 50 Gear (DoW)","1006004; 1006005; 1006006; 1025913; 1025914; 1025915; 1025916; 1025917; 1025918; 1025919; 1025920; 1025921; 1025922; 1025923; 1025924"
"3459","Temple Gaskins","Legs","false","offer","repurchaseShop","Purchase Lv. 50 Gear (DoW)","1006004; 1006005; 1006006; 1025913; 1025914; 1025915; 1025916; 1025917; 1025918; 1025919; 1025920; 1025921; 1025922; 1025923; 1025924"
"3460","Fighter's Breeches","Legs","false","offer","repurchaseShop","Purchase Lv. 50 Gear (DoW)","1006004; 1006005; 1006006; 1025913; 1025914; 1025915; 1025916; 1025917; 1025918; 1025919; 1025920; 1025921; 1025922; 1025923; 1025924"
"3461","Drachen Breeches","Legs","false","offer","repurchaseShop","Purchase Lv. 50 Gear (DoW)","1006004; 1006005; 1006006; 1025913; 1025914; 1025915; 1025916; 1025917; 1025918; 1025919; 1025920; 1025921; 1025922; 1025923; 1025924"
"3462","Choral Tights","Legs","false","offer","repurchaseShop","Purchase Lv. 50 Gear (DoW)","1006004; 1006005; 1006006; 1025913; 1025914; 1025915; 1025916; 1025917; 1025918; 1025919; 1025920; 1025921; 1025922; 1025923; 1025924"
"3463","Healer's Culottes","Legs","false","offer","repurchaseShop","Purchase Lv. 50 Gear (DoM)","1006004; 1006005; 1006006; 1025913; 1025914; 1025915; 1025916; 1025917; 1025918; 1025919; 1025920; 1025921; 1025922; 1025923; 1025924"
"3464","Wizard's Tonban","Legs","false","offer","repurchaseShop","Purchase Lv. 50 Gear (DoM)","1006004; 1006005; 1006006; 1025913; 1025914; 1025915; 1025916; 1025917; 1025918; 1025919; 1025920; 1025921; 1025922; 1025923; 1025924"
"3465","Evoker's Waistclout","Legs","false","offer","repurchaseShop","Purchase Lv. 50 Gear (DoM)","1006004; 1006005; 1006006; 1025913; 1025914; 1025915; 1025916; 1025917; 1025918; 1025919; 1025920; 1025921; 1025922; 1025923; 1025924"
"3466","Scholar's Culottes","Legs","false","offer","repurchaseShop","Purchase Lv. 50 Gear (DoM)","1006004; 1006005; 1006006; 1025913; 1025914; 1025915; 1025916; 1025917; 1025918; 1025919; 1025920; 1025921; 1025922; 1025923; 1025924"
"3468","Aetherial Felt Gaskins","Legs","false","","No collected source","",""
"3470","Aetherial Padded Woolen Trousers","Legs","false","","No collected source","",""
"3472","Aetherial Raptorskin Brais","Legs","false","","No collected source","",""
"3474","Aetherial Felt Trousers","Legs","false","","No collected source","",""
"3517","Judge's Vambraces","Hands","false","","No collected source","",""
"3518","Judge's Ringbands","Hands","false","","No collected source","",""
"3519","Asuran Armguards","Hands","false","","No collected source","",""
"3545","Aetherial Bronze Gauntlets","Hands","false","","No collected source","",""
"3548","Aetherial Hard Leather Ringbands","Hands","false","","No collected source","",""
"3551","Aetherial Reinforced Bronze Mitt Gauntlets","Hands","false","","No collected source","",""
"3553","Aetherial Goatskin Mitts","Hands","false","","No collected source","",""
"3558","Aetherial Iron Vambraces","Hands","false","","No collected source","",""
"3560","Aetherial Goatskin Armguards","Hands","false","","No collected source","",""
"3564","Aetherial Iron Gauntlets","Hands","false","","No collected source","",""
"3569","Aetherial Cotton Dress Gloves","Hands","false","","No collected source","",""
"3571","Aetherial Cotton Bracers","Hands","false","","No collected source","",""
"3573","Aetherial Goatskin Lightmitts","Hands","false","","No collected source","",""
"3577","Aetherial Fingerless Goatskin Gloves","Hands","false","","No collected source","",""
"3580","Aetherial Heavy Iron Gauntlets","Hands","false","","No collected source","",""
"3582","Aetherial Goatskin Ringbands","Hands","false","","No collected source","",""
"3587","Aetherial Steel Vambraces","Hands","false","","No collected source","",""
"3598","Aetherial Toadskin Armguards","Hands","false","","No collected source","",""
"3600","Aetherial Steel Gauntlets","Hands","false","","No collected source","",""
"3604","Aetherial Velveteen Dress Gloves","Hands","false","","No collected source","",""
"3606","Aetherial Steel Scale Fingers","Hands","false","","No collected source","",""
"3620","Aetherial Steel Mitt Gauntlets","Hands","false","","No collected source","",""
"3624","Aetherial Mythril Vambraces","Hands","false","","No collected source","",""
"3626","Aetherial Fingerless Peisteskin Gloves","Hands","false","","No collected source","",""
"3643","Aetherial Mythril Mitt Gauntlets","Hands","false","","No collected source","",""
"3644","Mage's Halfgloves","Hands","false","","No collected source","",""
"3646","Aetherial Woolen Bracers","Hands","false","","No collected source","",""
"3655","Aetherial Cobalt Vambraces","Hands","false","","No collected source","",""
"3657","Aetherial Boarskin Ringbands of Flames","Hands","false","","No collected source","",""
"3659","Aetherial Boarskin Ringbands of Frost","Hands","false","","No collected source","",""
"3661","Aetherial Boarskin Ringbands of Gales","Hands","false","","No collected source","",""
"3663","Aetherial Boarskin Ringbands of Tremors","Hands","false","","No collected source","",""
"3665","Aetherial Boarskin Ringbands of Storms","Hands","false","","No collected source","",""
"3667","Aetherial Boarskin Ringbands of Tides","Hands","false","","No collected source","",""
"3676","Spiked Armguards","Hands","false","","No collected source","",""
"3679","Aetherial Felt Bracers","Hands","false","","No collected source","",""
"3682","Gallant Gauntlets","Hands","false","offer","repurchaseShop","Purchase Lv. 50 Gear (DoW)","1006004; 1006005; 1006006; 1025913; 1025914; 1025915; 1025916; 1025917; 1025918; 1025919; 1025920; 1025921; 1025922; 1025923; 1025924"
"3683","Temple Gloves","Hands","false","offer","repurchaseShop","Purchase Lv. 50 Gear (DoW)","1006004; 1006005; 1006006; 1025913; 1025914; 1025915; 1025916; 1025917; 1025918; 1025919; 1025920; 1025921; 1025922; 1025923; 1025924"
"3684","Fighter's Gauntlets","Hands","false","offer","repurchaseShop","Purchase Lv. 50 Gear (DoW)","1006004; 1006005; 1006006; 1025913; 1025914; 1025915; 1025916; 1025917; 1025918; 1025919; 1025920; 1025921; 1025922; 1025923; 1025924"
"3685","Drachen Gauntlets","Hands","false","offer","repurchaseShop","Purchase Lv. 50 Gear (DoW)","1006004; 1006005; 1006006; 1025913; 1025914; 1025915; 1025916; 1025917; 1025918; 1025919; 1025920; 1025921; 1025922; 1025923; 1025924"
"3686","Choral Ringbands","Hands","false","offer","repurchaseShop","Purchase Lv. 50 Gear (DoW)","1006004; 1006005; 1006006; 1025913; 1025914; 1025915; 1025916; 1025917; 1025918; 1025919; 1025920; 1025921; 1025922; 1025923; 1025924"
"3687","Healer's Gloves","Hands","false","offer","repurchaseShop","Purchase Lv. 50 Gear (DoM)","1006004; 1006005; 1006006; 1025913; 1025914; 1025915; 1025916; 1025917; 1025918; 1025919; 1025920; 1025921; 1025922; 1025923; 1025924"
"3688","Evoker's Ringbands","Hands","false","offer","repurchaseShop","Purchase Lv. 50 Gear (DoM)","1006004; 1006005; 1006006; 1025913; 1025914; 1025915; 1025916; 1025917; 1025918; 1025919; 1025920; 1025921; 1025922; 1025923; 1025924"
"3689","Scholar's Gloves","Hands","false","offer","repurchaseShop","Purchase Lv. 50 Gear (DoM)","1006004; 1006005; 1006006; 1025913; 1025914; 1025915; 1025916; 1025917; 1025918; 1025919; 1025920; 1025921; 1025922; 1025923; 1025924"
"3690","Wizard's Gloves","Hands","false","offer","repurchaseShop","Purchase Lv. 50 Gear (DoM)","1006004; 1006005; 1006006; 1025913; 1025914; 1025915; 1025916; 1025917; 1025918; 1025919; 1025920; 1025921; 1025922; 1025923; 1025924"
"3693","Aetherial Cobalt Gauntlets","Hands","false","","No collected source","",""
"3695","Aetherial Raptorskin Armguards","Hands","false","","No collected source","",""
"3697","Aetherial Felt Dress Gloves","Hands","false","","No collected source","",""
"3743","Onion Pattens","Feet","false","","No collected source","",""
"3744","Hermes' Shoes","Feet","false","","No collected source","",""
"3745","Judge's Sollerets","Feet","false","","No collected source","",""
"3746","Judge's Thighboots","Feet","false","","No collected source","",""
"3747","Dream Boots","Feet","false","offer","repurchaseShop; seasonalShop","Purchase Starlight Celebration Items; Seasonal Event; 1769485","1017613; 1017614; 1017615; 1025913; 1025914; 1025915; 1025916; 1025917; 1025918; 1025919; 1025920; 1025921; 1025922; 1025923; 1025924; 1005790; 1005792; 1005794"
"3760","Dress Shoes","Feet","false","offer","repurchaseShop","Purchase Quest Rewards I","1006004; 1006005; 1006006; 1025913; 1025914; 1025915; 1025916; 1025917; 1025918; 1025919; 1025920; 1025921; 1025922; 1025923; 1025924"
"3776","Aetherial Bronze Sabatons","Feet","false","","No collected source","",""
"3778","Aetherial Hard Leather Boots","Feet","false","","No collected source","",""
"3785","Aetherial Goatskin Leggings","Feet","false","","No collected source","",""
"3789","Aetherial Padded Leather Duckbills","Feet","false","","No collected source","",""
"3792","Aetherial Goatskin Leg Guards","Feet","false","","No collected source","",""
"3794","Aetherial Iron Sabatons","Feet","false","","No collected source","",""
"3801","Aetherial Cotton Dress Shoes","Feet","false","","No collected source","",""
"3803","Aetherial Ironclad Boots","Feet","false","","No collected source","",""
"3807","Aetherial Goatskin Duckbills","Feet","false","","No collected source","",""
"3809","Aetherial Goatskin Crakows","Feet","false","","No collected source","",""
"3822","Aetherial Goatskin Boots","Feet","false","","No collected source","",""
"3826","Aetherial Steel Sabatons","Feet","false","","No collected source","",""
"3828","Aetherial Toadskin Leg Guards","Feet","false","","No collected source","",""
"3832","Aetherial Velveteen Dress Shoes","Feet","false","","No collected source","",""
"3834","Aetherial Steel-clad Boots","Feet","false","","No collected source","",""
"3836","Aetherial Steel Scale Greaves","Feet","false","","No collected source","",""
"3859","Aetherial Mythril-plated Jackboots","Feet","false","","No collected source","",""
"3862","Aetherial Mythril-plated Caligae","Feet","false","","No collected source","",""
"3863","Mage's Pattens","Feet","false","","No collected source","",""
"3864","Explorer's Sabatons","Feet","false","","No collected source","",""
"3865","Explorer's Moccasins","Feet","false","","No collected source","",""
"3869","Aetherial Mythril Sollerets","Feet","false","","No collected source","",""
"3884","Aetherial Cobalt-plated Jackboots","Feet","false","","No collected source","",""
"3888","Aetherial Cobalt-plated Caligae","Feet","false","","No collected source","",""
"3889","Gallant Sollerets","Feet","false","offer","repurchaseShop","Purchase Lv. 50 Gear (DoW)","1006004; 1006005; 1006006; 1025913; 1025914; 1025915; 1025916; 1025917; 1025918; 1025919; 1025920; 1025921; 1025922; 1025923; 1025924"
"3890","Temple Boots","Feet","false","offer","repurchaseShop","Purchase Lv. 50 Gear (DoW)","1006004; 1006005; 1006006; 1025913; 1025914; 1025915; 1025916; 1025917; 1025918; 1025919; 1025920; 1025921; 1025922; 1025923; 1025924"
"3891","Fighter's Jackboots","Feet","false","offer","repurchaseShop","Purchase Lv. 50 Gear (DoW)","1006004; 1006005; 1006006; 1025913; 1025914; 1025915; 1025916; 1025917; 1025918; 1025919; 1025920; 1025921; 1025922; 1025923; 1025924"
"3892","Drachen Greaves","Feet","false","offer","repurchaseShop","Purchase Lv. 50 Gear (DoW)","1006004; 1006005; 1006006; 1025913; 1025914; 1025915; 1025916; 1025917; 1025918; 1025919; 1025920; 1025921; 1025922; 1025923; 1025924"
"3893","Choral Sandals","Feet","false","offer","repurchaseShop","Purchase Lv. 50 Gear (DoW)","1006004; 1006005; 1006006; 1025913; 1025914; 1025915; 1025916; 1025917; 1025918; 1025919; 1025920; 1025921; 1025922; 1025923; 1025924"
"3894","Healer's Boots","Feet","false","offer","repurchaseShop","Purchase Lv. 50 Gear (DoM)","1006004; 1006005; 1006006; 1025913; 1025914; 1025915; 1025916; 1025917; 1025918; 1025919; 1025920; 1025921; 1025922; 1025923; 1025924"
"3895","Wizard's Crakows","Feet","false","offer","repurchaseShop","Purchase Lv. 50 Gear (DoM)","1006004; 1006005; 1006006; 1025913; 1025914; 1025915; 1025916; 1025917; 1025918; 1025919; 1025920; 1025921; 1025922; 1025923; 1025924"
"3896","Evoker's Thighboots","Feet","false","offer","repurchaseShop","Purchase Lv. 50 Gear (DoM)","1006004; 1006005; 1006006; 1025913; 1025914; 1025915; 1025916; 1025917; 1025918; 1025919; 1025920; 1025921; 1025922; 1025923; 1025924"
"3897","Scholar's Boots","Feet","false","offer","repurchaseShop","Purchase Lv. 50 Gear (DoM)","1006004; 1006005; 1006006; 1025913; 1025914; 1025915; 1025916; 1025917; 1025918; 1025919; 1025920; 1025921; 1025922; 1025923; 1025924"
"3905","Aetherial Hunting Moccasins","Feet","false","","No collected source","",""
"3907","Aetherial Cobalt Sollerets","Feet","false","","No collected source","",""
"3915","Aetherial Felt Dress Shoes","Feet","false","","No collected source","",""
"4098","Aetherial Hard Leather Wristbands","Bracelets","false","","No collected source","",""
"4102","Dawn Wristguards","Bracelets","false","offer","repurchaseShop","Purchase Quest Rewards I","1006004; 1006005; 1006006; 1025913; 1025914; 1025915; 1025916; 1025917; 1025918; 1025919; 1025920; 1025921; 1025922; 1025923; 1025924"
"4104","Aetherial Silver Wristlets","Bracelets","false","","No collected source","",""
"4107","Aetherial Goatskin Wristbands","Bracelets","false","","No collected source","",""
"4125","Aetherial Mythril Wristlets","Bracelets","false","","No collected source","",""
"4154","Aetherial Raptorskin Wristbands","Bracelets","false","","No collected source","",""
"4157","Aetherial Rubellite Bracelet","Bracelets","false","","No collected source","",""
"4159","Aetherial Zircon Bracelet","Bracelets","false","","No collected source","",""
"4161","Aetherial Tourmaline Bracelet","Bracelets","false","","No collected source","",""
"4163","Aetherial Amber Bracelet","Bracelets","false","","No collected source","",""
"4165","Aetherial Spinel Bracelet","Bracelets","false","","No collected source","",""
"4167","Aetherial Turquoise Bracelet","Bracelets","false","","No collected source","",""
"4169","Aetherial Black Pearl Bracelet","Bracelets","false","","No collected source","",""
"4196","Voice of the Just","Earrings","false","offer","repurchaseShop","Purchase Quest Rewards I","1006004; 1006005; 1006006; 1025913; 1025914; 1025915; 1025916; 1025917; 1025918; 1025919; 1025920; 1025921; 1025922; 1025923; 1025924"
"4200","Peach Blossoms","Earrings","false","offer","repurchaseShop; vendorWithoutPosition","262425; Purchase Little Ladies' Day Items","1005896; 1005898; 1005900; 1017613; 1017614; 1017615; 1025913; 1025914; 1025915; 1025916; 1025917; 1025918; 1025919; 1025920; 1025921; 1025922; 1025923; 1025924"
"4201","Moogle Earrings","Earrings","false","","No collected source","",""
"4202","Cactuar Earring","Earrings","false","offer","seasonalShop; vendorWithoutPosition","262414; 262924; Irregular Tomestone Exchange (Seasonal)","1005970"
"4203","Bomb Earrings","Earrings","false","offer","seasonalShop; vendorWithoutPosition","262414; 262924; Irregular Tomestone Exchange (Seasonal)","1005970"
"4208","Manderville Earrings","Earrings","false","offer","seasonalShop","Seasonal Event Prizes","1023956; 1023957; 1023958"
"4248","Aetherial Mythril Ear Cuffs","Earrings","false","","No collected source","",""
"4249","Explorer's Earrings","Earrings","false","","No collected source","",""
"4250","Mage's Earrings","Earrings","false","","No collected source","",""
"4256","Stonewall Earrings","Earrings","false","","No collected source","",""
"4257","Blessed Earrings","Earrings","false","","No collected source","",""
"4271","Aetherial Black Pearl Earrings","Earrings","false","","No collected source","",""
"4273","Aetherial Electrum Ear Cuffs","Earrings","false","","No collected source","",""
"4287","White Ravens","Earrings","false","offer","seasonalShop","Seasonal Event Prizes","1023956; 1023957; 1023958"
"4301","Paramour's Pendant","Necklace","false","offer","repurchaseShop; vendorWithoutPosition","262424; Purchase Valentione's Day Items","1005608; 1005611; 1005614; 1017613; 1017614; 1017615; 1025913; 1025914; 1025915; 1025916; 1025917; 1025918; 1025919; 1025920; 1025921; 1025922; 1025923; 1025924"
"4302","Platinum Paramour's Pendant","Necklace","false","offer","repurchaseShop; vendorWithoutPosition","262424; Purchase Valentione's Day Items","1005608; 1005611; 1005614; 1017613; 1017614; 1017615; 1025913; 1025914; 1025915; 1025916; 1025917; 1025918; 1025919; 1025920; 1025921; 1025922; 1025923; 1025924"
"4303","Band of Eternal Passion","Necklace","false","offer","repurchaseShop; vendorWithoutPosition","262424; Purchase Valentione's Day Items","1005608; 1005611; 1005614; 1017613; 1017614; 1017615; 1025913; 1025914; 1025915; 1025916; 1025917; 1025918; 1025919; 1025920; 1025921; 1025922; 1025923; 1025924"
"4312","Aetherial Fang Necklace","Necklace","false","","No collected source","",""
"4316","Aetherial Silver Gorget","Necklace","false","","No collected source","",""
"4318","Aetherial Horn Necklace","Necklace","false","","No collected source","",""
"4336","Aetherial Mythril Gorget","Necklace","false","","No collected source","",""
"4357","Explorer's Choker","Necklace","false","","No collected source","",""
"4358","Mage's Choker","Necklace","false","","No collected source","",""
"4359","Stonewall Choker","Necklace","false","","No collected source","",""
"4362","Aetherial Electrum Gorget","Necklace","false","","No collected source","",""
"4366","Aetherial Rubellite Choker","Necklace","false","","No collected source","",""
"4368","Aetherial Zircon Choker","Necklace","false","","No collected source","",""
"4370","Aetherial Tourmaline Choker","Necklace","false","","No collected source","",""
"4372","Aetherial Amber Choker","Necklace","false","","No collected source","",""
"4374","Aetherial Spinel Choker","Necklace","false","","No collected source","",""
"4376","Aetherial Turquoise Choker","Necklace","false","","No collected source","",""
"4378","Aetherial Black Pearl Choker","Necklace","false","","No collected source","",""
"4404","Pristine Egg Ring","Ring","false","offer","repurchaseShop; vendorWithoutPosition","Purchase Items; Purchase Hatching-tide Items","1007904; 1007905; 1007906; 1017613; 1017614; 1017615; 1025913; 1025914; 1025915; 1025916; 1025917; 1025918; 1025919; 1025920; 1025921; 1025922; 1025923; 1025924"
"4405","Midnight Egg Ring","Ring","false","offer","repurchaseShop; vendorWithoutPosition","Purchase Items; Purchase Hatching-tide Items","1007904; 1007905; 1007906; 1017613; 1017614; 1017615; 1025913; 1025914; 1025915; 1025916; 1025917; 1025918; 1025919; 1025920; 1025921; 1025922; 1025923; 1025924"
"4406","Brilliant Egg Ring","Ring","false","offer","repurchaseShop; vendorWithoutPosition","Purchase Items; Purchase Hatching-tide Items","1007904; 1007905; 1007906; 1017613; 1017614; 1017615; 1025913; 1025914; 1025915; 1025916; 1025917; 1025918; 1025919; 1025920; 1025921; 1025922; 1025923; 1025924"
"4407","Vibrant Egg Ring","Ring","false","offer","repurchaseShop; vendorWithoutPosition","Purchase Items; Purchase Hatching-tide Items","1007904; 1007905; 1007906; 1017613; 1017614; 1017615; 1025913; 1025914; 1025915; 1025916; 1025917; 1025918; 1025919; 1025920; 1025921; 1025922; 1025923; 1025924"
"4408","Chocobo Egg Ring","Ring","false","offer","repurchaseShop; vendorWithoutPosition","Purchase Items; Purchase Hatching-tide Items","1007904; 1007905; 1007906; 1017613; 1017614; 1017615; 1025913; 1025914; 1025915; 1025916; 1025917; 1025918; 1025919; 1025920; 1025921; 1025922; 1025923; 1025924"
"4409","Byregot's Ring","Ring","false","","No collected source","",""
"4410","Rhalgr's Ring","Ring","false","","No collected source","",""
"4411","Llymlaen's Ring","Ring","false","","No collected source","",""
"4412","Azeyma's Ring","Ring","false","","No collected source","",""
"4413","Althyk's Ring","Ring","false","","No collected source","",""
"4414","Menphina's Ring","Ring","false","","No collected source","",""
"4415","Nophica's Ring","Ring","false","","No collected source","",""
"4416","Nald'thal's Ring","Ring","false","","No collected source","",""
"4417","Nymeia's Ring","Ring","false","","No collected source","",""
"4418","Oschon's Ring","Ring","false","","No collected source","",""
"4419","Thaliak's Ring","Ring","false","","No collected source","",""
"4420","Halone's Ring","Ring","false","","No collected source","",""
"4427","Lominsan Ring","Ring","false","offer","repurchaseShop","Purchase Quest Rewards I","1006004; 1006005; 1006006; 1025913; 1025914; 1025915; 1025916; 1025917; 1025918; 1025919; 1025920; 1025921; 1025922; 1025923; 1025924"
"4428","Gridanian Ring","Ring","false","offer","repurchaseShop","Purchase Quest Rewards I","1006004; 1006005; 1006006; 1025913; 1025914; 1025915; 1025916; 1025917; 1025918; 1025919; 1025920; 1025921; 1025922; 1025923; 1025924"
"4429","Ul'dahn Ring","Ring","false","offer","repurchaseShop","Purchase Quest Rewards I","1006004; 1006005; 1006006; 1025913; 1025914; 1025915; 1025916; 1025917; 1025918; 1025919; 1025920; 1025921; 1025922; 1025923; 1025924"
"4432","Aetherial Brass Ring","Ring","false","","No collected source","",""
"4441","Aetherial Silver Ring","Ring","false","","No collected source","",""
"4483","Explorer's Ring","Ring","false","","No collected source","",""
"4484","Mage's Ring","Ring","false","","No collected source","",""
"4498","Stonewall Ring","Ring","false","","No collected source","",""
"4499","Blessed Ring","Ring","false","","No collected source","",""
"4500","Aetherial Electrum Ring","Ring","false","","No collected source","",""
"4542","Soul of the Paladin","Soul Crystal","false","","No collected source","",""
"4543","Soul of the Monk","Soul Crystal","false","","No collected source","",""
"4544","Soul of the Warrior","Soul Crystal","false","","No collected source","",""
"4545","Soul of the Dragoon","Soul Crystal","false","","No collected source","",""
"4546","Soul of the Bard","Soul Crystal","false","","No collected source","",""
"4547","Soul of the White Mage","Soul Crystal","false","","No collected source","",""
"4548","Soul of the Black Mage","Soul Crystal","false","","No collected source","",""
"4549","Soul of the Summoner","Soul Crystal","false","","No collected source","",""
"4550","Soul of the Scholar","Soul Crystal","false","","No collected source","",""
"6033","Blazefire Saber","Gladiator's Arm","false","offer","seasonalShop","Lightning Returns","1008263"
"6034","l'Cie Bardiche","Marauder's Arm","false","offer","seasonalShop","Lightning Returns","1008263"
"6035","Vega Knuckles","Pugilist's Arm","false","offer","seasonalShop","Lightning Returns","1008263"
"6036","Bladed Lance","Lancer's Arm","false","offer","seasonalShop","Lightning Returns","1008263"
"6037","Starseeker","Archer's Arm","false","offer","seasonalShop","Lightning Returns","1008263"
"6038","Binding Rod","One–handed Conjurer's Arm","false","offer","seasonalShop","Lightning Returns","1008263"
"6039","Mog's Staff","One–handed Thaumaturge's Arm","false","offer","seasonalShop","Lightning Returns","1008263"
"6040","Grimoire Wing","Arcanist's Grimoire","false","offer","seasonalShop","Lightning Returns","1008263"
"6041","Guardian Corps Coat","Body","false","offer","repurchaseShop","Gender-specific Gear Exchange (♂→♀) I","1006004; 1006005; 1006006"
"6042","Guardian Corps Gauntlets","Hands","false","offer","repurchaseShop","Gender-specific Gear Exchange (♂→♀) I","1006004; 1006005; 1006006"
"6043","Guardian Corps Skirt","Legs","false","offer","repurchaseShop","Gender-specific Gear Exchange (♂→♀) I","1006004; 1006005; 1006006"
"6044","Guardian Corps Boots","Feet","false","offer","repurchaseShop","Gender-specific Gear Exchange (♂→♀) I","1006004; 1006005; 1006006"
"6045","Bohemian's Coat","Body","false","offer","repurchaseShop","Gender-specific Gear Exchange (♀→♂) I","1006004; 1006005; 1006006"
"6046","Bohemian's Gloves","Hands","false","offer","repurchaseShop","Gender-specific Gear Exchange (♀→♂) I","1006004; 1006005; 1006006"
"6047","Bohemian's Trousers","Legs","false","offer","repurchaseShop","Gender-specific Gear Exchange (♀→♂) I","1006004; 1006005; 1006006"
"6048","Bohemian's Boots","Feet","false","offer","repurchaseShop","Gender-specific Gear Exchange (♀→♂) I","1006004; 1006005; 1006006"
"6094","Summer Evening Top","Body","false","offer","repurchaseShop; seasonalShop; vendorWithoutPosition","Purchase Gender-specific Gear (Male); Purchase Moonfire Faire Items I; Moonfire Faire; Gender-specific Gear Exchange (♀→♂) I; Seasonal Event Prizes (♂)","1009245; 1009246; 1009247; 1009288; 1009289; 1017613; 1017614; 1017615; 1025913; 1025914; 1025915; 1025916; 1025917; 1025918; 1025919; 1025920; 1025921; 1025922; 1025923; 1025924; 1008129; 1008131; 1008133; 1008134; 1008135; 1008136; 1006004; 1006005; 1006006; 1015612"
"6095","Summer Evening Trunks","Legs","false","offer","repurchaseShop; seasonalShop; vendorWithoutPosition","Purchase Gender-specific Gear (Male); Purchase Moonfire Faire Items I; Moonfire Faire; Gender-specific Gear Exchange (♀→♂) I; Seasonal Event Prizes (♂)","1009245; 1009246; 1009247; 1009288; 1009289; 1017613; 1017614; 1017615; 1025913; 1025914; 1025915; 1025916; 1025917; 1025918; 1025919; 1025920; 1025921; 1025922; 1025923; 1025924; 1008129; 1008131; 1008133; 1008134; 1008135; 1008136; 1006004; 1006005; 1006006; 1015612"
"6096","Striped Summer Top","Body","false","offer","repurchaseShop; seasonalShop; vendorWithoutPosition","Purchase Gender-specific Gear (Male); Purchase Moonfire Faire Items I; Moonfire Faire; Gender-specific Gear Exchange (♀→♂) I; Seasonal Event Prizes (♂)","1009245; 1009246; 1009247; 1009288; 1009289; 1017613; 1017614; 1017615; 1025913; 1025914; 1025915; 1025916; 1025917; 1025918; 1025919; 1025920; 1025921; 1025922; 1025923; 1025924; 1008129; 1008131; 1008133; 1008134; 1008135; 1008136; 1006004; 1006005; 1006006; 1015612"
"6097","Striped Summer Trunks","Legs","false","offer","repurchaseShop; seasonalShop; vendorWithoutPosition","Purchase Gender-specific Gear (Male); Purchase Moonfire Faire Items I; Moonfire Faire; Gender-specific Gear Exchange (♀→♂) I; Seasonal Event Prizes (♂)","1009245; 1009246; 1009247; 1009288; 1009289; 1017613; 1017614; 1017615; 1025913; 1025914; 1025915; 1025916; 1025917; 1025918; 1025919; 1025920; 1025921; 1025922; 1025923; 1025924; 1008129; 1008131; 1008133; 1008134; 1008135; 1008136; 1006004; 1006005; 1006006; 1015612"
"6098","Summer Morning Halter","Body","false","offer","repurchaseShop; seasonalShop; vendorWithoutPosition","Purchase Gender-specific Gear (Female); Purchase Moonfire Faire Items I; Moonfire Faire; Gender-specific Gear Exchange (♂→♀) I; Seasonal Event Prizes (♀)","1009245; 1009246; 1009247; 1009288; 1009289; 1017613; 1017614; 1017615; 1025913; 1025914; 1025915; 1025916; 1025917; 1025918; 1025919; 1025920; 1025921; 1025922; 1025923; 1025924; 1008129; 1008131; 1008133; 1008134; 1008135; 1008136; 1006004; 1006005; 1006006; 1015612"
"6099","Summer Morning Tanga","Legs","false","offer","repurchaseShop; seasonalShop; vendorWithoutPosition","Purchase Gender-specific Gear (Female); Purchase Moonfire Faire Items I; Moonfire Faire; Gender-specific Gear Exchange (♂→♀) I; Seasonal Event Prizes (♀)","1009245; 1009246; 1009247; 1009288; 1009289; 1017613; 1017614; 1017615; 1025913; 1025914; 1025915; 1025916; 1025917; 1025918; 1025919; 1025920; 1025921; 1025922; 1025923; 1025924; 1008129; 1008131; 1008133; 1008134; 1008135; 1008136; 1006004; 1006005; 1006006; 1015612"
"6100","Striped Summer Halter","Body","false","offer","repurchaseShop; seasonalShop; vendorWithoutPosition","Purchase Gender-specific Gear (Female); Purchase Moonfire Faire Items I; Moonfire Faire; Gender-specific Gear Exchange (♂→♀) I; Seasonal Event Prizes (♀)","1009245; 1009246; 1009247; 1009288; 1009289; 1017613; 1017614; 1017615; 1025913; 1025914; 1025915; 1025916; 1025917; 1025918; 1025919; 1025920; 1025921; 1025922; 1025923; 1025924; 1008129; 1008131; 1008133; 1008134; 1008135; 1008136; 1006004; 1006005; 1006006; 1015612"
"6101","Striped Summer Tanga","Legs","false","offer","repurchaseShop; seasonalShop; vendorWithoutPosition","Purchase Gender-specific Gear (Female); Purchase Moonfire Faire Items I; Moonfire Faire; Gender-specific Gear Exchange (♂→♀) I; Seasonal Event Prizes (♀)","1009245; 1009246; 1009247; 1009288; 1009289; 1017613; 1017614; 1017615; 1025913; 1025914; 1025915; 1025916; 1025917; 1025918; 1025919; 1025920; 1025921; 1025922; 1025923; 1025924; 1008129; 1008131; 1008133; 1008134; 1008135; 1008136; 1006004; 1006005; 1006006; 1015612"
"6106","Silver Snake Kabuto","Head","false","offer","repurchaseShop; vendorWithoutPosition","262423; Purchase Heavensturn Items","1005671; 1005672; 1005673; 1017613; 1017614; 1017615; 1025913; 1025914; 1025915; 1025916; 1025917; 1025918; 1025919; 1025920; 1025921; 1025922; 1025923; 1025924"
"6107","The Howling Spirit","Body","false","offer","repurchaseShop","Purchase All Saints' Wake Items","1017613; 1017614; 1017615; 1025913; 1025914; 1025915; 1025916; 1025917; 1025918; 1025919; 1025920; 1025921; 1025922; 1025923; 1025924"
"6108","The Wailing Spirit","Body","false","offer","repurchaseShop; vendorWithoutPosition","262415; Purchase All Saints' Wake Items","1005493; 1005494; 1005495; 1017613; 1017614; 1017615; 1025913; 1025914; 1025915; 1025916; 1025917; 1025918; 1025919; 1025920; 1025921; 1025922; 1025923; 1025924"
"6112","Thug's Mug","Head","false","offer","repurchaseShop","Purchase Other Seasonal Event Items","1017613; 1017614; 1017615; 1025913; 1025914; 1025915; 1025916; 1025917; 1025918; 1025919; 1025920; 1025921; 1025922; 1025923; 1025924"
"6113","Slime Earrings","Earrings","false","","No collected source","",""
"6114","Mandragora Choker","Necklace","false","","No collected source","",""
"6115","Ahriman Choker","Necklace","false","","No collected source","",""
"6138","Meteor Survivor Ring","Ring","false","offer","repurchaseShop","Purchase Quest Rewards I","1006004; 1006005; 1006006; 1025913; 1025914; 1025915; 1025916; 1025917; 1025918; 1025919; 1025920; 1025921; 1025922; 1025923; 1025924"
"6140","Gysahl Ring","Ring","false","","No collected source","",""
"6223","Mended Imperial Pot Helm","Head","false","offer","repurchaseShop","Purchase Quest Rewards I","1006004; 1006005; 1006006; 1025913; 1025914; 1025915; 1025916; 1025917; 1025918; 1025919; 1025920; 1025921; 1025922; 1025923; 1025924"
"6224","Mended Imperial Short Robe","Body","false","offer","repurchaseShop","Purchase Quest Rewards I","1006004; 1006005; 1006006; 1025913; 1025914; 1025915; 1025916; 1025917; 1025918; 1025919; 1025920; 1025921; 1025922; 1025923; 1025924"
"6964","Uma Kabuto","Head","false","offer","repurchaseShop","Purchase Heavensturn Items","1017613; 1017614; 1017615; 1025913; 1025914; 1025915; 1025916; 1025917; 1025918; 1025919; 1025920; 1025921; 1025922; 1025923; 1025924"
"6965","Crimson Uma Kabuto","Head","false","offer","repurchaseShop","Purchase Heavensturn Items","1017613; 1017614; 1017615; 1025913; 1025914; 1025915; 1025916; 1025917; 1025918; 1025919; 1025920; 1025921; 1025922; 1025923; 1025924"
"6966","Golden Uma Kabuto","Head","false","offer","repurchaseShop","Purchase Heavensturn Items","1017613; 1017614; 1017615; 1025913; 1025914; 1025915; 1025916; 1025917; 1025918; 1025919; 1025920; 1025921; 1025922; 1025923; 1025924"
"6967","Black Uma Kabuto","Head","false","offer","repurchaseShop","Purchase Heavensturn Items","1017613; 1017614; 1017615; 1025913; 1025914; 1025915; 1025916; 1025917; 1025918; 1025919; 1025920; 1025921; 1025922; 1025923; 1025924"
"6968","Snowman Head","Head","false","offer","repurchaseShop; seasonalShop","Purchase Starlight Celebration Items; 1769485","1017613; 1017614; 1017615; 1025913; 1025914; 1025915; 1025916; 1025917; 1025918; 1025919; 1025920; 1025921; 1025922; 1025923; 1025924; 1005790; 1005792; 1005794"
"6969","Snowman Suit","Body","false","offer","repurchaseShop; seasonalShop","Purchase Starlight Celebration Items; 1769485","1017613; 1017614; 1017615; 1025913; 1025914; 1025915; 1025916; 1025917; 1025918; 1025919; 1025920; 1025921; 1025922; 1025923; 1025924; 1005790; 1005792; 1005794"
"6970","Snowman Mitts","Hands","false","offer","repurchaseShop; seasonalShop","Purchase Starlight Celebration Items; 1769485","1017613; 1017614; 1017615; 1025913; 1025914; 1025915; 1025916; 1025917; 1025918; 1025919; 1025920; 1025921; 1025922; 1025923; 1025924; 1005790; 1005792; 1005794"
"6971","Valentione Hat","Head","false","offer","repurchaseShop; seasonalShop","Purchase Valentione's Day Items; Bitter Heart Chocolate; Pure Heart Chocolate","1017613; 1017614; 1017615; 1025913; 1025914; 1025915; 1025916; 1025917; 1025918; 1025919; 1025920; 1025921; 1025922; 1025923; 1025924; 1005607; 1005610; 1005613"
"6972","Valentione Apron","Body","false","offer","repurchaseShop","Purchase Valentione's Day Items; Gender-specific Gear Exchange (♀→♂) I","1017613; 1017614; 1017615; 1025913; 1025914; 1025915; 1025916; 1025917; 1025918; 1025919; 1025920; 1025921; 1025922; 1025923; 1025924; 1006004; 1006005; 1006006"
"6973","Valentione Apron Dress","Body","false","offer","repurchaseShop","Purchase Valentione's Day Items; Gender-specific Gear Exchange (♂→♀) I","1017613; 1017614; 1017615; 1025913; 1025914; 1025915; 1025916; 1025917; 1025918; 1025919; 1025920; 1025921; 1025922; 1025923; 1025924; 1006004; 1006005; 1006006"
"6974","Valentione Mitts","Hands","false","offer","repurchaseShop; seasonalShop","Purchase Valentione's Day Items; Bitter Heart Chocolate; Pure Heart Chocolate","1017613; 1017614; 1017615; 1025913; 1025914; 1025915; 1025916; 1025917; 1025918; 1025919; 1025920; 1025921; 1025922; 1025923; 1025924; 1005607; 1005610; 1005613"
"6975","Valentione Trousers","Legs","false","offer","repurchaseShop","Purchase Valentione's Day Items; Gender-specific Gear Exchange (♀→♂) I","1017613; 1017614; 1017615; 1025913; 1025914; 1025915; 1025916; 1025917; 1025918; 1025919; 1025920; 1025921; 1025922; 1025923; 1025924; 1006004; 1006005; 1006006"
"6977","Valentione Pattens","Feet","false","offer","repurchaseShop; seasonalShop","Purchase Valentione's Day Items; Bitter Heart Chocolate; Pure Heart Chocolate","1017613; 1017614; 1017615; 1025913; 1025914; 1025915; 1025916; 1025917; 1025918; 1025919; 1025920; 1025921; 1025922; 1025923; 1025924; 1005607; 1005610; 1005613"
"7228","Weathered Noct Circlet","Head","false","","No collected source","",""
"7229","Weathered Noct Lorica","Body","false","","No collected source","",""
"7230","Weathered Noct Gauntlets","Hands","false","","No collected source","",""
"7231","Weathered Noct Breeches","Legs","false","","No collected source","",""
"7232","Weathered Noct Greaves","Feet","false","","No collected source","",""
"7234","Weathered Noct Wristlets","Bracelets","false","","No collected source","",""
"7235","Weathered Noct Earrings","Earrings","false","","No collected source","",""
"7236","Weathered Noct Choker","Necklace","false","","No collected source","",""
"7237","Weathered Noct Ring","Ring","false","","No collected source","",""
"7238","Weathered Astrum Helm","Head","false","","No collected source","",""
"7239","Weathered Suit of Astrum Mail","Body","false","","No collected source","",""
"7240","Weathered Astrum Armguards","Hands","false","","No collected source","",""
"7241","Weathered Astrum Hose","Legs","false","","No collected source","",""
"7242","Weathered Astrum Sabatons","Feet","false","","No collected source","",""
"7244","Weathered Gloam Coif","Head","false","","No collected source","",""
"7245","Weathered Gloam Tabard","Body","false","","No collected source","",""
"7246","Weathered Gloam Bracers","Hands","false","","No collected source","",""
"7247","Weathered Gloam Brais","Legs","false","","No collected source","",""
"7248","Weathered Gloam Boots","Feet","false","","No collected source","",""
"7250","Weathered Gloam Wristlets","Bracelets","false","","No collected source","",""
"7251","Weathered Gloam Earrings","Earrings","false","","No collected source","",""
"7252","Weathered Gloam Choker","Necklace","false","","No collected source","",""
"7253","Weathered Gloam Ring","Ring","false","","No collected source","",""
"7254","Weathered Auroral Coif","Head","false","","No collected source","",""
"7255","Weathered Auroral Tabard","Body","false","","No collected source","",""
"7256","Weathered Auroral Bracers","Hands","false","","No collected source","",""
"7257","Weathered Auroral Brais","Legs","false","","No collected source","",""
"7258","Weathered Auroral Boots","Feet","false","","No collected source","",""
"7260","Weathered Auroral Wristlets","Bracelets","false","","No collected source","",""
"7261","Weathered Auroral Earrings","Earrings","false","","No collected source","",""
"7262","Weathered Auroral Choker","Necklace","false","","No collected source","",""
"7263","Weathered Auroral Ring","Ring","false","","No collected source","",""
"7264","Weathered Daystar Circlet","Head","false","","No collected source","",""
"7265","Weathered Daystar Robe","Body","false","","No collected source","",""
"7266","Weathered Daystar Gloves","Hands","false","","No collected source","",""
"7267","Weathered Daystar Breeches","Legs","false","","No collected source","",""
"7268","Weathered Daystar Sollerets","Feet","false","","No collected source","",""
"7270","Weathered Daystar Armillae","Bracelets","false","","No collected source","",""
"7271","Weathered Daystar Earrings","Earrings","false","","No collected source","",""
"7272","Weathered Daystar Necklace","Necklace","false","","No collected source","",""
"7273","Weathered Daystar Ring","Ring","false","","No collected source","",""
"7274","Weathered Evenstar Hat","Head","false","","No collected source","",""
"7275","Weathered Evenstar Coat","Body","false","","No collected source","",""
"7276","Weathered Evenstar Gloves","Hands","false","","No collected source","",""
"7277","Weathered Evenstar Tights","Legs","false","","No collected source","",""
"7278","Weathered Evenstar Bootees","Feet","false","","No collected source","",""
"7280","Weathered Evenstar Armillae","Bracelets","false","","No collected source","",""
"7281","Weathered Evenstar Earrings","Earrings","false","","No collected source","",""
"7282","Weathered Evenstar Necklace","Necklace","false","","No collected source","",""
"7283","Weathered Evenstar Ring","Ring","false","","No collected source","",""
"7284","Weathered Noct Hoplon","Shield","false","","No collected source","",""
"7285","Weathered Burtgang","Gladiator's Arm","false","","No collected source","",""
"7286","Weathered Glanzfaust","Pugilist's Arm","false","","No collected source","",""
"7287","Weathered Conquerer","Marauder's Arm","false","","No collected source","",""
"7288","Weathered Liberator","Lancer's Arm","false","","No collected source","",""
"7289","Weathered Rosenbogen","Archer's Arm","false","","No collected source","",""
"7290","Weathered Yagrush","Two–handed Conjurer's Arm","false","","No collected source","",""
"7291","Weathered Laevateinn","Two–handed Thaumaturge's Arm","false","","No collected source","",""
"7292","Weathered Book of Spades","Arcanist's Grimoire","false","","No collected source","",""
"7293","Weathered Book of Diamonds","Scholar's Arm","false","","No collected source","",""
"7886","Soul of the Ninja","Soul Crystal","false","","No collected source","",""
"7889","Ninja Hatsuburi","Head","false","offer","repurchaseShop","Purchase Lv. 50 Gear (DoW)","1006004; 1006005; 1006006; 1025913; 1025914; 1025915; 1025916; 1025917; 1025918; 1025919; 1025920; 1025921; 1025922; 1025923; 1025924"
"7890","Ninja Chainmail","Body","false","offer","repurchaseShop","Purchase Lv. 50 Gear (DoW)","1006004; 1006005; 1006006; 1025913; 1025914; 1025915; 1025916; 1025917; 1025918; 1025919; 1025920; 1025921; 1025922; 1025923; 1025924"
"7891","Ninja Hakama","Legs","false","offer","repurchaseShop","Purchase Lv. 50 Gear (DoW)","1006004; 1006005; 1006006; 1025913; 1025914; 1025915; 1025916; 1025917; 1025918; 1025919; 1025920; 1025921; 1025922; 1025923; 1025924"
"7892","Ninja Tekko","Hands","false","offer","repurchaseShop","Purchase Lv. 50 Gear (DoW)","1006004; 1006005; 1006006; 1025913; 1025914; 1025915; 1025916; 1025917; 1025918; 1025919; 1025920; 1025921; 1025922; 1025923; 1025924"
"7893","Ninja Kyahan","Feet","false","offer","repurchaseShop","Purchase Lv. 50 Gear (DoW)","1006004; 1006005; 1006006; 1025913; 1025914; 1025915; 1025916; 1025917; 1025918; 1025919; 1025920; 1025921; 1025922; 1025923; 1025924"
"8562","Sable Death Mask","Head","false","offer","repurchaseShop","Purchase Quest Rewards I","1006004; 1006005; 1006006; 1025913; 1025914; 1025915; 1025916; 1025917; 1025918; 1025919; 1025920; 1025921; 1025922; 1025923; 1025924"
"8565","Goobbue Earring","Earrings","false","offer","seasonalShop; vendorWithoutPosition","262414; 262924; Irregular Tomestone Exchange (Seasonal)","1005970"
"8566","Dodo Earring","Earrings","false","offer","seasonalShop; vendorWithoutPosition","262414; 262924; Irregular Tomestone Exchange (Seasonal)","1005970"
"8567","Friendship Circlet","Head","false","","No collected source","",""
"8573","Antiquated Ferdinand","Machinist's Arm","false","","No collected source","",""
"8574","Soul of the Machinist","Soul Crystal","false","","No collected source","",""
"8582","Ironworks Helm of Fending","Head","false","","No collected source","",""
"8583","Ironworks Armor of Fending","Body","false","","No collected source","",""
"8584","Ironworks Gauntlets of Fending","Hands","false","","No collected source","",""
"8585","Ironworks Trousers of Fending","Legs","false","","No collected source","",""
"8586","Ironworks Sabatons of Fending","Feet","false","","No collected source","",""
"8588","Ironworks Bracelet of Fending","Bracelets","false","","No collected source","",""
"8589","Ironworks Earrings of Fending","Earrings","false","","No collected source","",""
"8590","Ironworks Choker of Fending","Necklace","false","","No collected source","",""
"8591","Ironworks Ring of Fending","Ring","false","","No collected source","",""
"8592","Ironworks Visor of Maiming","Head","false","","No collected source","",""
"8593","Ironworks Cuirass of Maiming","Body","false","","No collected source","",""
"8594","Ironworks Armguards of Maiming","Hands","false","","No collected source","",""
"8595","Ironworks Hose of Maiming","Legs","false","","No collected source","",""
"8596","Ironworks Sollerets of Maiming","Feet","false","","No collected source","",""
"8598","Ironworks Visor of Striking","Head","false","","No collected source","",""
"8599","Ironworks Cuirass of Striking","Body","false","","No collected source","",""
"8600","Ironworks Armguards of Striking","Hands","false","","No collected source","",""
"8601","Ironworks Hose of Striking","Legs","false","","No collected source","",""
"8602","Ironworks Sollerets of Striking","Feet","false","","No collected source","",""
"8604","Ironworks Bracelet of Slaying","Bracelets","false","","No collected source","",""
"8605","Ironworks Earrings of Slaying","Earrings","false","","No collected source","",""
"8606","Ironworks Choker of Slaying","Necklace","false","","No collected source","",""
"8607","Ironworks Ring of Slaying","Ring","false","","No collected source","",""
"8608","Ironworks Mask of Aiming","Head","false","","No collected source","",""
"8609","Ironworks Corselet of Aiming","Body","false","","No collected source","",""
"8610","Ironworks Vambraces of Aiming","Hands","false","","No collected source","",""
"8611","Ironworks Brais of Aiming","Legs","false","","No collected source","",""
"8612","Ironworks Leg Guards of Aiming","Feet","false","","No collected source","",""
"8614","Ironworks Bracelet of Aiming","Bracelets","false","","No collected source","",""
"8615","Ironworks Earrings of Aiming","Earrings","false","","No collected source","",""
"8616","Ironworks Choker of Aiming","Necklace","false","","No collected source","",""
"8617","Ironworks Ring of Aiming","Ring","false","","No collected source","",""
"8618","Ironworks Optics of Healing","Head","false","","No collected source","",""
"8619","Ironworks Robe of Healing","Body","false","","No collected source","",""
"8620","Ironworks Gloves of Healing","Hands","false","","No collected source","",""
"8621","Ironworks Slops of Healing","Legs","false","","No collected source","",""
"8622","Ironworks Thighboots of Healing","Feet","false","","No collected source","",""
"8624","Ironworks Bracelet of Healing","Bracelets","false","","No collected source","",""
"8625","Ironworks Earrings of Healing","Earrings","false","","No collected source","",""
"8626","Ironworks Choker of Healing","Necklace","false","","No collected source","",""
"8627","Ironworks Ring of Healing","Ring","false","","No collected source","",""
"8628","Ironworks Hood of Casting","Head","false","","No collected source","",""
"8629","Ironworks Doublet of Casting","Body","false","","No collected source","",""
"8630","Ironworks Gloves of Casting","Hands","false","","No collected source","",""
"8631","Ironworks Breeches of Casting","Legs","false","","No collected source","",""
"8632","Ironworks Boots of Casting","Feet","false","","No collected source","",""
"8634","Ironworks Bracelet of Casting","Bracelets","false","","No collected source","",""
"8635","Ironworks Earrings of Casting","Earrings","false","","No collected source","",""
"8636","Ironworks Choker of Casting","Necklace","false","","No collected source","",""
"8637","Ironworks Ring of Casting","Ring","false","","No collected source","",""
"8638","Ironworks Magitek Shield","Shield","false","","No collected source","",""
"8639","Ironworks Magitek Sword","Gladiator's Arm","false","","No collected source","",""
"8640","Ironworks Magitek Jamadhars","Pugilist's Arm","false","","No collected source","",""
"8641","Ironworks Magitek Axe","Marauder's Arm","false","","No collected source","",""
"8642","Ironworks Magitek Spear","Lancer's Arm","false","","No collected source","",""
"8643","Ironworks Magitek Bow","Archer's Arm","false","","No collected source","",""
"8644","Ironworks Magitek Daggers","Rogue's Arm","false","","No collected source","",""
"8645","Ironworks Magitek Cane","Two–handed Conjurer's Arm","false","","No collected source","",""
"8646","Ironworks Magitek Rod","Two–handed Thaumaturge's Arm","false","","No collected source","",""
"8647","Ironworks Magitek Grimoire","Arcanist's Grimoire","false","","No collected source","",""
"8648","Ironworks Magitek Codex","Scholar's Arm","false","","No collected source","",""
"8669","Tailcoat of Eternal Innocence","Body","false","offer","repurchaseShop","Ceremony Attire Exchange","1006004; 1006005; 1006006"
"8670","Tailcoat of Eternal Passion","Body","false","offer","repurchaseShop","Ceremony Attire Exchange","1006004; 1006005; 1006006"
"8671","Tailcoat of Eternal Devotion","Body","false","offer","repurchaseShop","Ceremony Attire Exchange","1006004; 1006005; 1006006"
"8672","Gloves of Eternal Innocence","Hands","false","offer","repurchaseShop","Ceremony Attire Exchange","1006004; 1006005; 1006006"
"8673","Gloves of Eternal Passion","Hands","false","offer","repurchaseShop","Ceremony Attire Exchange","1006004; 1006005; 1006006"
"8674","Gloves of Eternal Devotion","Hands","false","offer","repurchaseShop","Ceremony Attire Exchange","1006004; 1006005; 1006006"
"8675","Slacks of Eternal Innocence","Legs","false","offer","repurchaseShop","Ceremony Attire Exchange","1006004; 1006005; 1006006"
"8676","Slacks of Eternal Passion","Legs","false","offer","repurchaseShop","Ceremony Attire Exchange","1006004; 1006005; 1006006"
"8677","Slacks of Eternal Devotion","Legs","false","offer","repurchaseShop","Ceremony Attire Exchange","1006004; 1006005; 1006006"
"8678","Boots of Eternal Innocence","Feet","false","offer","repurchaseShop","Ceremony Attire Exchange","1006004; 1006005; 1006006"
"8679","Boots of Eternal Passion","Feet","false","offer","repurchaseShop","Ceremony Attire Exchange","1006004; 1006005; 1006006"
"8680","Boots of Eternal Devotion","Feet","false","offer","repurchaseShop","Ceremony Attire Exchange","1006004; 1006005; 1006006"
"8681","Veil of Eternal Innocence","Head","false","offer","repurchaseShop","Ceremony Attire Exchange","1006004; 1006005; 1006006"
"8682","Veil of Eternal Passion","Head","false","offer","repurchaseShop","Ceremony Attire Exchange","1006004; 1006005; 1006006"
"8683","Veil of Eternal Devotion","Head","false","offer","repurchaseShop","Ceremony Attire Exchange","1006004; 1006005; 1006006"
"8684","Gown of Eternal Innocence","Body","false","offer","repurchaseShop","Ceremony Attire Exchange","1006004; 1006005; 1006006"
"8685","Gown of Eternal Passion","Body","false","offer","repurchaseShop","Ceremony Attire Exchange","1006004; 1006005; 1006006"
"8686","Gown of Eternal Devotion","Body","false","offer","repurchaseShop","Ceremony Attire Exchange","1006004; 1006005; 1006006"
"8687","Tights of Eternal Innocence","Legs","false","offer","repurchaseShop","Ceremony Attire Exchange","1006004; 1006005; 1006006"
"8688","Tights of Eternal Passion","Legs","false","offer","repurchaseShop","Ceremony Attire Exchange","1006004; 1006005; 1006006"
"8689","Tights of Eternal Devotion","Legs","false","offer","repurchaseShop","Ceremony Attire Exchange","1006004; 1006005; 1006006"
"8690","Bootlets of Eternal Innocence","Feet","false","offer","repurchaseShop","Ceremony Attire Exchange","1006004; 1006005; 1006006"
"8691","Bootlets of Eternal Passion","Feet","false","offer","repurchaseShop","Ceremony Attire Exchange","1006004; 1006005; 1006006"
"8692","Bootlets of Eternal Devotion","Feet","false","offer","repurchaseShop","Ceremony Attire Exchange","1006004; 1006005; 1006006"
"8693","Promise of Innocence","Bracelets","false","","No collected source","",""
"8694","Promise of Passion","Bracelets","false","","No collected source","",""
"8695","Promise of Devotion","Bracelets","false","","No collected source","",""
"8711","Eerie Hat","Head","false","offer","repurchaseShop","Purchase All Saints' Wake Items","1017613; 1017614; 1017615; 1025913; 1025914; 1025915; 1025916; 1025917; 1025918; 1025919; 1025920; 1025921; 1025922; 1025923; 1025924"
"8712","Eerie Robe","Body","false","offer","repurchaseShop","Purchase All Saints' Wake Items","1017613; 1017614; 1017615; 1025913; 1025914; 1025915; 1025916; 1025917; 1025918; 1025919; 1025920; 1025921; 1025922; 1025923; 1025924"
"8713","Eerie Tights","Legs","false","offer","repurchaseShop","Purchase All Saints' Wake Items","1017613; 1017614; 1017615; 1025913; 1025914; 1025915; 1025916; 1025917; 1025918; 1025919; 1025920; 1025921; 1025922; 1025923; 1025924"
"8714","Eerie Crakows","Feet","false","offer","repurchaseShop","Purchase All Saints' Wake Items","1017613; 1017614; 1017615; 1025913; 1025914; 1025915; 1025916; 1025917; 1025918; 1025919; 1025920; 1025921; 1025922; 1025923; 1025924"
"8715","Pumpkin Earrings","Earrings","false","offer","repurchaseShop; seasonalShop","Purchase All Saints' Wake Items; Demonic Cookies","1017613; 1017614; 1017615; 1025913; 1025914; 1025915; 1025916; 1025917; 1025918; 1025919; 1025920; 1025921; 1025922; 1025923; 1025924; 1010175"
"8839","Soul of the Dark Knight","Soul Crystal","false","","No collected source","",""
"8840","Soul of the Astrologian","Soul Crystal","false","","No collected source","",""
"8842","Antiquated Deathbringer","Dark Knight's Arm","false","","No collected source","",""
"8843","Antiquated Atlas","Astrologian's Arm","false","","No collected source","",""
"9187","Aetherial Brass Knives","Rogue's Arm","false","","No collected source","",""
"9188","Aetherial Iron Daggers","Rogue's Arm","false","","No collected source","",""
"9194","Aetherial Steel Daggers","Rogue's Arm","false","","No collected source","",""
"9197","Aetherial Steel Knives","Rogue's Arm","false","","No collected source","",""
"9202","Aetherial Steel Baselards","Rogue's Arm","false","","No collected source","",""
"9204","Aetherial Mythril Knives","Rogue's Arm","false","","No collected source","",""
"9210","Aetherial Mythril Baselards","Rogue's Arm","false","","No collected source","",""
"9215","Aetherial Mythril Pugiones","Rogue's Arm","false","","No collected source","",""
"9246","Weathered Vajras","Rogue's Arm","false","","No collected source","",""
"9268","Hitsuji Kabuto","Head","false","offer","repurchaseShop; vendorWithoutPosition","Purchase Items; Purchase Heavensturn Items","1010729; 1010730; 1010731; 1017613; 1017614; 1017615; 1025913; 1025914; 1025915; 1025916; 1025917; 1025918; 1025919; 1025920; 1025921; 1025922; 1025923; 1025924"
"9269","Black Hitsuji Kabuto","Head","false","offer","repurchaseShop; vendorWithoutPosition","Purchase Items; Purchase Heavensturn Items","1010729; 1010730; 1010731; 1017613; 1017614; 1017615; 1025913; 1025914; 1025915; 1025916; 1025917; 1025918; 1025919; 1025920; 1025921; 1025922; 1025923; 1025924"
"9270","Crimson Hitsuji Kabuto","Head","false","offer","repurchaseShop; vendorWithoutPosition","Purchase Items; Purchase Heavensturn Items","1010729; 1010730; 1010731; 1017613; 1017614; 1017615; 1025913; 1025914; 1025915; 1025916; 1025917; 1025918; 1025919; 1025920; 1025921; 1025922; 1025923; 1025924"
"9271","White Hitsuji Kabuto","Head","false","offer","repurchaseShop; vendorWithoutPosition","Purchase Items; Purchase Heavensturn Items","1010729; 1010730; 1010731; 1017613; 1017614; 1017615; 1025913; 1025914; 1025915; 1025916; 1025917; 1025918; 1025919; 1025920; 1025921; 1025922; 1025923; 1025924"
"9272","Starlight Sugarloaf Hat","Head","false","offer","repurchaseShop","Purchase Starlight Celebration Items","1017613; 1017614; 1017615; 1025913; 1025914; 1025915; 1025916; 1025917; 1025918; 1025919; 1025920; 1025921; 1025922; 1025923; 1025924"
"9273","Starlight Tunic","Body","false","offer","repurchaseShop","Purchase Starlight Celebration Items","1017613; 1017614; 1017615; 1025913; 1025914; 1025915; 1025916; 1025917; 1025918; 1025919; 1025920; 1025921; 1025922; 1025923; 1025924"
"9274","Starlight Tights","Legs","false","offer","repurchaseShop; seasonalShop","Purchase Starlight Celebration Items; Fallen Star Exchange","1017613; 1017614; 1017615; 1025913; 1025914; 1025915; 1025916; 1025917; 1025918; 1025919; 1025920; 1025921; 1025922; 1025923; 1025924; 1010753; 1010757; 1010761; 1010780; 1010781; 1010782; 1010790; 1010791; 1010792; 1010793; 1010794; 1010795"
"9275","Starlight Boots","Feet","false","offer","repurchaseShop; seasonalShop","Purchase Starlight Celebration Items; Fallen Star Exchange","1017613; 1017614; 1017615; 1025913; 1025914; 1025915; 1025916; 1025917; 1025918; 1025919; 1025920; 1025921; 1025922; 1025923; 1025924; 1010753; 1010757; 1010761; 1010780; 1010781; 1010782; 1010790; 1010791; 1010792; 1010793; 1010794; 1010795"
"9290","False Mustache","Head","false","offer","repurchaseShop; seasonalShop","Purchase Starlight Celebration Items; Fallen Star Exchange","1017613; 1017614; 1017615; 1025913; 1025914; 1025915; 1025916; 1025917; 1025918; 1025919; 1025920; 1025921; 1025922; 1025923; 1025924; 1010753; 1010757; 1010761; 1010780; 1010781; 1010782; 1010790; 1010791; 1010792; 1010793; 1010794; 1010795"
"9318","Bluebird Earring","Earrings","false","","No collected source","",""
"9319","Coblyn Earring","Earrings","false","offer","seasonalShop; vendorWithoutPosition","262414; 262924; Irregular Tomestone Exchange (Seasonal)","1005970"
"9467","Ironworks Mask of Scouting","Head","false","","No collected source","",""
"9468","Ironworks Corselet of Scouting","Body","false","","No collected source","",""
"9469","Ironworks Vambraces of Scouting","Hands","false","","No collected source","",""
"9470","Ironworks Brais of Scouting","Legs","false","","No collected source","",""
"9471","Ironworks Leg Guards of Scouting","Feet","false","","No collected source","",""
"9630","Antiquated Chaos Burgeonet","Head","false","","No collected source","",""
"9631","Antiquated Chaos Cuirass","Body","false","","No collected source","",""
"9632","Antiquated Chaos Gauntlets","Hands","false","","No collected source","",""
"9633","Antiquated Chaos Flanchard","Legs","false","","No collected source","",""
"9634","Antiquated Chaos Sollerets","Feet","false","","No collected source","",""
"9635","Antiquated Machinist's Goggles","Head","false","","No collected source","",""
"9636","Antiquated Machinist's Shirt","Body","false","","No collected source","",""
"9637","Antiquated Machinist's Gloves","Hands","false","","No collected source","",""
"9638","Antiquated Machinist's Brais","Legs","false","","No collected source","",""
"9639","Antiquated Machinist's Boots","Feet","false","","No collected source","",""
"9640","Antiquated Welkin Hat","Head","false","","No collected source","",""
"9641","Antiquated Welkin Robe","Body","false","","No collected source","",""
"9642","Antiquated Welkin Half Sleeves","Hands","false","","No collected source","",""
"9643","Antiquated Welkin Breeches","Legs","false","","No collected source","",""
"9644","Antiquated Welkin Shoes","Feet","false","","No collected source","",""
"10042","Strife Vest","Body","false","","No collected source","",""
"10043","Strife Gloves","Hands","false","","No collected source","",""
"10044","Strife Bags","Legs","false","","No collected source","",""
"10045","Strife Boots","Feet","false","","No collected source","",""
"10066","Peach Blossom Choker","Necklace","false","offer","repurchaseShop","Purchase Little Ladies' Day Items","1017613; 1017614; 1017615; 1025913; 1025914; 1025915; 1025916; 1025917; 1025918; 1025919; 1025920; 1025921; 1025922; 1025923; 1025924"
"10067","Egg Earrings","Earrings","false","offer","repurchaseShop","Purchase Hatching-tide Items","1017613; 1017614; 1017615; 1025913; 1025914; 1025915; 1025916; 1025917; 1025918; 1025919; 1025920; 1025921; 1025922; 1025923; 1025924"
"10068","Midnight Egg Earrings","Earrings","false","offer","repurchaseShop; seasonalShop","Purchase Hatching-tide Items; Lucky Egg Exchange","1017613; 1017614; 1017615; 1025913; 1025914; 1025915; 1025916; 1025917; 1025918; 1025919; 1025920; 1025921; 1025922; 1025923; 1025924; 1011806; 1011807; 1011808"
"10069","Brilliant Egg Earrings","Earrings","false","offer","repurchaseShop; seasonalShop","Purchase Hatching-tide Items; Lucky Egg Exchange","1017613; 1017614; 1017615; 1025913; 1025914; 1025915; 1025916; 1025917; 1025918; 1025919; 1025920; 1025921; 1025922; 1025923; 1025924; 1011806; 1011807; 1011808"
"10070","Vibrant Egg Earrings","Earrings","false","offer","repurchaseShop; seasonalShop","Purchase Hatching-tide Items; Lucky Egg Exchange","1017613; 1017614; 1017615; 1025913; 1025914; 1025915; 1025916; 1025917; 1025918; 1025919; 1025920; 1025921; 1025922; 1025923; 1025924; 1011806; 1011807; 1011808"
"10111","Postmoogle Cap","Head","false","offer","repurchaseShop","Purchase Quest Rewards I","1006004; 1006005; 1006006; 1025913; 1025914; 1025915; 1025916; 1025917; 1025918; 1025919; 1025920; 1025921; 1025922; 1025923; 1025924"
"10125","Mad Bird Ring","Ring","false","","No collected source","",""
"10143","Manderville Coatee","Body","false","offer","repurchaseShop","Purchase Quest Rewards I","1006004; 1006005; 1006006; 1025913; 1025914; 1025915; 1025916; 1025917; 1025918; 1025919; 1025920; 1025921; 1025922; 1025923; 1025924"
"10144","Manderville Bottoms","Legs","false","offer","repurchaseShop","Purchase Quest Rewards I","1006004; 1006005; 1006006; 1025913; 1025914; 1025915; 1025916; 1025917; 1025918; 1025919; 1025920; 1025921; 1025922; 1025923; 1025924"
"10180","Antiquated Creed Wings","Head","false","","No collected source","",""
"10181","Antiquated Creed Cuirass","Body","false","","No collected source","",""
"10182","Antiquated Creed Gauntlets","Hands","false","","No collected source","",""
"10183","Antiquated Creed Cuisses","Legs","false","","No collected source","",""
"10184","Antiquated Creed Sabatons","Feet","false","","No collected source","",""
"10185","Antiquated Tantra Tantour","Head","false","","No collected source","",""
"10186","Antiquated Tantra Chestwrap","Body","false","","No collected source","",""
"10187","Antiquated Tantra Wristwraps","Hands","false","","No collected source","",""
"10188","Antiquated Tantra Galligaskins","Legs","false","","No collected source","",""
"10189","Antiquated Tantra Gaiters","Feet","false","","No collected source","",""
"10190","Antiquated Ravager's Helm","Head","false","","No collected source","",""
"10191","Antiquated Ravager's Cuirass","Body","false","","No collected source","",""
"10192","Antiquated Ravager's Chains","Hands","false","","No collected source","",""
"10193","Antiquated Ravager's Breeches","Legs","false","","No collected source","",""
"10194","Antiquated Ravager's Warboots","Feet","false","","No collected source","",""
"10195","Antiquated Dragonlancer's Mesail","Head","false","","No collected source","",""
"10196","Antiquated Dragonlancer's Plackart","Body","false","","No collected source","",""
"10197","Antiquated Dragonlancer's Vambraces","Hands","false","","No collected source","",""
"10198","Antiquated Dragonlancer's Cuissots","Legs","false","","No collected source","",""
"10199","Antiquated Dragonlancer's Schynbalds","Feet","false","","No collected source","",""
"10200","Antiquated Aoidos' Turban","Head","false","","No collected source","",""
"10201","Antiquated Aoidos' Cloak","Body","false","","No collected source","",""
"10202","Antiquated Aoidos' Shoulder Gloves","Hands","false","","No collected source","",""
"10203","Antiquated Aoidos' Tights","Legs","false","","No collected source","",""
"10204","Antiquated Aoidos' Thighboots","Feet","false","","No collected source","",""
"10205","Antiquated Orison Hood","Head","false","","No collected source","",""
"10206","Antiquated Orison Robe","Body","false","","No collected source","",""
"10207","Antiquated Orison Fingerless Gloves","Hands","false","","No collected source","",""
"10208","Antiquated Orison Skirt","Legs","false","","No collected source","",""
"10209","Antiquated Orison Thighboots","Feet","false","","No collected source","",""
"10210","Antiquated Goetia Tricorne","Head","false","","No collected source","",""
"10211","Antiquated Goetia Coat","Body","false","","No collected source","",""
"10212","Antiquated Goetia Gloves","Hands","false","","No collected source","",""
"10213","Antiquated Goetia Chausses","Legs","false","","No collected source","",""
"10214","Antiquated Goetia Thighboots","Feet","false","","No collected source","",""
"10215","Antiquated Caller's Horn","Head","false","","No collected source","",""
"10216","Antiquated Caller's Himation","Body","false","","No collected source","",""
"10217","Antiquated Caller's Armlets","Hands","false","","No collected source","",""
"10218","Antiquated Caller's Loincloth","Legs","false","","No collected source","",""
"10219","Antiquated Caller's Sandals","Feet","false","","No collected source","",""
"10220","Antiquated Savant's Top Hat","Head","false","","No collected source","",""
"10221","Antiquated Savant's Overcoat","Body","false","","No collected source","",""
"10222","Antiquated Savant's Aethercell Gloves","Hands","false","","No collected source","",""
"10223","Antiquated Savant's Culottes","Legs","false","","No collected source","",""
"10224","Antiquated Savant's Boots","Feet","false","","No collected source","",""
"10225","Antiquated Iga Zukin","Head","false","","No collected source","",""
"10226","Antiquated Iga Ningi","Body","false","","No collected source","",""
"10227","Antiquated Iga Tekko","Hands","false","","No collected source","",""
"10228","Antiquated Iga Hakama","Legs","false","","No collected source","",""
"10229","Antiquated Iga Kyahan","Feet","false","","No collected source","",""
"10230","Millkeep's Cap","Head","false","","No collected source","",""
"10231","Millkeep's Apron","Body","false","","No collected source","",""
"10232","Millkeep's Gloves","Hands","false","","No collected source","",""
"10233","Millkeep's Slops","Legs","false","","No collected source","",""
"10234","Millkeep's Workboots","Feet","false","","No collected source","",""
"10235","Forgekeep's Goggles","Head","false","","No collected source","",""
"10236","Forgekeep's Redingote","Body","false","","No collected source","",""
"10237","Forgekeep's Gloves","Hands","false","","No collected source","",""
"10238","Forgekeep's Slops","Legs","false","","No collected source","",""
"10239","Forgekeep's Sandals","Feet","false","","No collected source","",""
"10240","Hammerkeep's Visor","Head","false","","No collected source","",""
"10241","Hammerkeep's Waist Apron","Body","false","","No collected source","",""
"10242","Hammerkeep's Work Gloves","Hands","false","","No collected source","",""
"10243","Hammerkeep's Slops","Legs","false","","No collected source","",""
"10244","Hammerkeep's Workboots","Feet","false","","No collected source","",""
"10245","Gemkeep's Coronal","Head","false","","No collected source","",""
"10246","Gemkeep's Gown","Body","false","","No collected source","",""
"10247","Gemkeep's Chaplets","Hands","false","","No collected source","",""
"10248","Gemkeep's Trousers","Legs","false","","No collected source","",""
"10249","Gemkeep's Sandals","Feet","false","","No collected source","",""
"10250","Hidekeep's Cap","Head","false","","No collected source","",""
"10251","Hidekeep's Apron","Body","false","","No collected source","",""
"10252","Hidekeep's Gloves","Hands","false","","No collected source","",""
"10253","Hidekeep's Trousers","Legs","false","","No collected source","",""
"10254","Hidekeep's Workboots","Feet","false","","No collected source","",""
"10255","Boltkeep's Gibus","Head","false","","No collected source","",""
"10256","Boltkeep's Dreadnought","Body","false","","No collected source","",""
"10257","Boltkeep's Gloves","Hands","false","","No collected source","",""
"10258","Boltkeep's Slacks","Legs","false","","No collected source","",""
"10259","Boltkeep's Top Boots","Feet","false","","No collected source","",""
"10260","Cauldronkeep's Spectacles","Head","false","","No collected source","",""
"10261","Cauldronkeep's Overcoat","Body","false","","No collected source","",""
"10262","Cauldronkeep's Gloves","Hands","false","","No collected source","",""
"10263","Cauldronkeep's Longkilt","Legs","false","","No collected source","",""
"10264","Cauldronkeep's Jackboots","Feet","false","","No collected source","",""
"10265","Galleykeep's Toque","Head","false","","No collected source","",""
"10266","Galleykeep's Whites","Body","false","","No collected source","",""
"10267","Galleykeep's Gloves","Hands","false","","No collected source","",""
"10268","Galleykeep's Trousers","Legs","false","","No collected source","",""
"10269","Galleykeep's Top Boots","Feet","false","","No collected source","",""
"10270","Minekeep's Helmet","Head","false","","No collected source","",""
"10271","Minekeep's Overalls","Body","false","","No collected source","",""
"10272","Minekeep's Work Gloves","Hands","false","","No collected source","",""
"10273","Minekeep's Slops","Legs","false","","No collected source","",""
"10274","Minekeep's Workboots","Feet","false","","No collected source","",""
"10275","Fieldkeep's Canotier","Head","false","","No collected source","",""
"10276","Fieldkeep's Shirt","Body","false","","No collected source","",""
"10277","Fieldkeep's Corsage","Hands","false","","No collected source","",""
"10278","Fieldkeep's Slops","Legs","false","","No collected source","",""
"10279","Fieldkeep's Jackboots","Feet","false","","No collected source","",""
"10280","Tacklekeep's Cap","Head","false","","No collected source","",""
"10281","Tacklekeep's Vest","Body","false","","No collected source","",""
"10282","Tacklekeep's Gloves","Hands","false","","No collected source","",""
"10283","Tacklekeep's Gaskins","Legs","false","","No collected source","",""
"10284","Tacklekeep's Waders","Feet","false","","No collected source","",""
"10285","Antiquated Hauteclaire","Gladiator's Arm","false","","No collected source","",""
"10286","Antiquated Prytwen","Shield","false","","No collected source","",""
"10287","Antiquated Rising Suns","Pugilist's Arm","false","","No collected source","",""
"10288","Antiquated Parashu","Marauder's Arm","false","","No collected source","",""
"10289","Antiquated Brionac","Lancer's Arm","false","","No collected source","",""
"10290","Antiquated Berimbau","Archer's Arm","false","","No collected source","",""
"10291","Antiquated Yukimitsu","Rogue's Arm","false","","No collected source","",""
"10292","Antiquated Seraph Cane","Two–handed Conjurer's Arm","false","","No collected source","",""
"10293","Antiquated Lunaris Rod","Two–handed Thaumaturge's Arm","false","","No collected source","",""
"10294","Antiquated Almandal","Arcanist's Grimoire","false","","No collected source","",""
"10295","Antiquated Elements","Scholar's Arm","false","","No collected source","",""
"10296","Millkeep's Saw","Carpenter's Primary Tool","false","","No collected source","",""
"10297","Forgekeep's Hammer","Blacksmith's Primary Tool","false","","No collected source","",""
"10298","Hammerkeep's Beetle","Armorer's Primary Tool","false","","No collected source","",""
"10299","Gemkeep's Mallet","Goldsmith's Primary Tool","false","","No collected source","",""
"10300","Hidekeep's Knife","Leatherworker's Primary Tool","false","","No collected source","",""
"10301","Boltkeep's Needle","Weaver's Primary Tool","false","","No collected source","",""
"10302","Cauldronkeep's Alembic","Alchemist's Primary Tool","false","","No collected source","",""
"10303","Galleykeep's Frypan","Culinarian's Primary Tool","false","","No collected source","",""
"10304","Minekeep's Pickaxe","Miner's Primary Tool","false","","No collected source","",""
"10305","Fieldkeep's Hatchet","Botanist's Primary Tool","false","","No collected source","",""
"10306","Tacklekeep's Rod","Fisher's Primary Tool","false","","No collected source","",""
"10329","Baron Helm","Head","false","","No collected source","",""
"10330","Baron Circlet","Head","false","","No collected source","",""
"10331","Baron Earrings","Earrings","false","","No collected source","",""
"10440","Aetherial Steel Zweihander","Dark Knight's Arm","false","","No collected source","",""
"10441","Aetherial Mythril Claymore","Dark Knight's Arm","false","","No collected source","",""
"10442","Aetherial Mythril Zweihander","Dark Knight's Arm","false","","No collected source","",""
"10443","Aetherial Cobalt Claymore","Dark Knight's Arm","false","","No collected source","",""
"10458","Weathered Arondight","Dark Knight's Arm","false","","No collected source","",""
"10460","Ironworks Magitek Claymore","Dark Knight's Arm","false","","No collected source","",""
"10502","Aetherial Steel-barreled Musketoon","Machinist's Arm","false","","No collected source","",""
"10503","Aetherial Mythril-barreled Carbine","Machinist's Arm","false","","No collected source","",""
"10504","Aetherial Mythril-barreled Musketoon","Machinist's Arm","false","","No collected source","",""
"10505","Aetherial Cobalt-barreled Carbine","Machinist's Arm","false","","No collected source","",""
"10520","Weathered Quick Silver","Machinist's Arm","false","","No collected source","",""
"10522","Ironworks Magitek Repeater","Machinist's Arm","false","","No collected source","",""
"10564","Aetherial Silver Star Globe","Astrologian's Arm","false","","No collected source","",""
"10565","Aetherial Mythril Star Globe","Astrologian's Arm","false","","No collected source","",""
"10566","Aetherial Mythril Planisphere","Astrologian's Arm","false","","No collected source","",""
"10567","Aetherial Electrum Star Globe","Astrologian's Arm","false","","No collected source","",""
"10582","Weathered Sirius","Astrologian's Arm","false","","No collected source","",""
"10584","Ironworks Magitek Orrery","Astrologian's Arm","false","","No collected source","",""
"11586","Onikiri","Gladiator's Arm","false","","No collected source","",""
"11587","Senju","Pugilist's Arm","false","","No collected source","",""
"11588","Kintoki","Marauder's Arm","false","","No collected source","",""
"11589","Iwa-toshi","Lancer's Arm","false","","No collected source","",""
"11590","Raijodo","Archer's Arm","false","","No collected source","",""
"11591","Ohojo","Rogue's Arm","false","","No collected source","",""
"11592","Kumokirimaru","Dark Knight's Arm","false","","No collected source","",""
"11593","Kunitomo","Machinist's Arm","false","","No collected source","",""
"11594","Masakaki","Two–handed Conjurer's Arm","false","","No collected source","",""
"11595","Kujo","Two–handed Thaumaturge's Arm","false","","No collected source","",""
"11596","Gogyo Sokoku","Arcanist's Grimoire","false","","No collected source","",""
"11597","Gogyo Sosei","Scholar's Arm","false","","No collected source","",""
"11598","Tenkan Chishi","Astrologian's Arm","false","","No collected source","",""
"11599","Yasha Greatshield","Shield","false","","No collected source","",""
"11600","Yasha Hachigane of Fending","Head","false","","No collected source","",""
"11601","Yasha Hachigane of Maiming","Head","false","","No collected source","",""
"11602","Yasha Hachigane of Striking","Head","false","","No collected source","",""
"11603","Yasha Hachigane of Aiming","Head","false","","No collected source","",""
"11604","Yasha Hachigane of Scouting","Head","false","","No collected source","",""
"11605","Yasha Hachigane of Healing","Head","false","","No collected source","",""
"11606","Yasha Hachigane of Casting","Head","false","","No collected source","",""
"11607","Yasha Hara-ate of Fending","Body","false","","No collected source","",""
"11608","Yasha Togi of Maiming","Body","false","","No collected source","",""
"11609","Yasha Togi of Striking","Body","false","","No collected source","",""
"11610","Yasha Dogi of Aiming","Body","false","","No collected source","",""
"11611","Yasha Togi of Scouting","Body","false","","No collected source","",""
"11612","Yasha Dogi of Healing","Body","false","","No collected source","",""
"11613","Yasha Dogi of Casting","Body","false","","No collected source","",""
"11614","Yasha Kote of Fending","Hands","false","","No collected source","",""
"11615","Yasha Tekko of Maiming","Hands","false","","No collected source","",""
"11616","Yasha Tekko of Striking","Hands","false","","No collected source","",""
"11617","Yasha Yugake of Aiming","Hands","false","","No collected source","",""
"11618","Yasha Tekko of Scouting","Hands","false","","No collected source","",""
"11619","Yasha Tekko of Healing","Hands","false","","No collected source","",""
"11620","Yasha Tekko of Casting","Hands","false","","No collected source","",""
"11628","Yasha Haidate of Fending","Legs","false","","No collected source","",""
"11629","Yasha Haidate of Maiming","Legs","false","","No collected source","",""
"11630","Yasha Haidate of Striking","Legs","false","","No collected source","",""
"11631","Yasha Haidate of Aiming","Legs","false","","No collected source","",""
"11632","Yasha Haidate of Scouting","Legs","false","","No collected source","",""
"11633","Yasha Hakama of Healing","Legs","false","","No collected source","",""
"11634","Yasha Hakama of Casting","Legs","false","","No collected source","",""
"11635","Yasha Sune-ate of Fending","Feet","false","","No collected source","",""
"11636","Yasha Sune-ate of Maiming","Feet","false","","No collected source","",""
"11637","Yasha Sune-ate of Striking","Feet","false","","No collected source","",""
"11638","Yasha Sune-ate of Aiming","Feet","false","","No collected source","",""
"11639","Yasha Sune-ate of Scouting","Feet","false","","No collected source","",""
"11640","Yasha Kyahan of Healing","Feet","false","","No collected source","",""
"11641","Yasha Kyahan of Casting","Feet","false","","No collected source","",""
"11642","Yasha Earring of Fending","Earrings","false","","No collected source","",""
"11643","Yasha Earring of Slaying","Earrings","false","","No collected source","",""
"11644","Yasha Earring of Aiming","Earrings","false","","No collected source","",""
"11645","Yasha Earring of Healing","Earrings","false","","No collected source","",""
"11646","Yasha Earring of Casting","Earrings","false","","No collected source","",""
"11647","Yasha Necklace of Fending","Necklace","false","","No collected source","",""
"11648","Yasha Necklace of Slaying","Necklace","false","","No collected source","",""
"11649","Yasha Necklace of Aiming","Necklace","false","","No collected source","",""
"11650","Yasha Necklace of Healing","Necklace","false","","No collected source","",""
"11651","Yasha Necklace of Casting","Necklace","false","","No collected source","",""
"11652","Yasha Bracelets of Fending","Bracelets","false","","No collected source","",""
"11653","Yasha Bracelets of Slaying","Bracelets","false","","No collected source","",""
"11654","Yasha Bracelets of Aiming","Bracelets","false","","No collected source","",""
"11655","Yasha Bracelets of Healing","Bracelets","false","","No collected source","",""
"11656","Yasha Bracelets of Casting","Bracelets","false","","No collected source","",""
"11657","Yasha Ring of Fending","Ring","false","","No collected source","",""
"11658","Yasha Ring of Slaying","Ring","false","","No collected source","",""
"11659","Yasha Ring of Aiming","Ring","false","","No collected source","",""
"11660","Yasha Ring of Healing","Ring","false","","No collected source","",""
"11661","Yasha Ring of Casting","Ring","false","","No collected source","",""
"11745","Ardent Earrings of Fending","Earrings","false","","No collected source","",""
"11746","Ardent Earrings of Slaying","Earrings","false","","No collected source","",""
"11747","Ardent Earrings of Aiming","Earrings","false","","No collected source","",""
"11748","Ardent Earrings of Healing","Earrings","false","","No collected source","",""
"11749","Ardent Earrings of Casting","Earrings","false","","No collected source","",""
"11750","Ardent Necklace of Fending","Necklace","false","","No collected source","",""
"11751","Ardent Necklace of Slaying","Necklace","false","","No collected source","",""
"11752","Ardent Necklace of Aiming","Necklace","false","","No collected source","",""
"11753","Ardent Necklace of Healing","Necklace","false","","No collected source","",""
"11754","Ardent Necklace of Casting","Necklace","false","","No collected source","",""
"11755","Ardent Bracelet of Fending","Bracelets","false","","No collected source","",""
"11756","Ardent Bracelet of Slaying","Bracelets","false","","No collected source","",""
"11757","Ardent Bracelet of Aiming","Bracelets","false","","No collected source","",""
"11758","Ardent Bracelet of Healing","Bracelets","false","","No collected source","",""
"11759","Ardent Bracelet of Casting","Bracelets","false","","No collected source","",""
"11760","Ardent Ring of Fending","Ring","false","","No collected source","",""
"11761","Ardent Ring of Slaying","Ring","false","","No collected source","",""
"11762","Ardent Ring of Aiming","Ring","false","","No collected source","",""
"11763","Ardent Ring of Healing","Ring","false","","No collected source","",""
"11764","Ardent Ring of Casting","Ring","false","","No collected source","",""
"12035","Wild Rose Bandana","Head","false","","No collected source","",""
"12036","Wild Rose Cuirass","Body","false","","No collected source","",""
"12037","Wild Rose Armguards","Hands","false","","No collected source","",""
"12038","Wild Rose Breeches","Legs","false","","No collected source","",""
"12039","Wild Rose Boots","Feet","false","","No collected source","",""
"13099","Witch's Hat","Head","false","offer","repurchaseShop; vendorWithoutPosition","262575; Purchase All Saints' Wake Items","1015813; 1017613; 1017614; 1017615; 1025913; 1025914; 1025915; 1025916; 1025917; 1025918; 1025919; 1025920; 1025921; 1025922; 1025923; 1025924"
"13100","Witch's Coatee","Body","false","offer","repurchaseShop; vendorWithoutPosition","262575; Purchase All Saints' Wake Items","1015813; 1017613; 1017614; 1017615; 1025913; 1025914; 1025915; 1025916; 1025917; 1025918; 1025919; 1025920; 1025921; 1025922; 1025923; 1025924"
"13101","Witch's Gloves","Hands","false","offer","repurchaseShop; vendorWithoutPosition","262575; Purchase All Saints' Wake Items","1015813; 1017613; 1017614; 1017615; 1025913; 1025914; 1025915; 1025916; 1025917; 1025918; 1025919; 1025920; 1025921; 1025922; 1025923; 1025924"
"13102","Witch's Thighboots","Feet","false","offer","repurchaseShop; vendorWithoutPosition","262575; Purchase All Saints' Wake Items","1015813; 1017613; 1017614; 1017615; 1025913; 1025914; 1025915; 1025916; 1025917; 1025918; 1025919; 1025920; 1025921; 1025922; 1025923; 1025924"
"13118","House Fortemps Kite Shield","Shield","false","offer","repurchaseShop","Purchase Quest Rewards I","1006004; 1006005; 1006006; 1025913; 1025914; 1025915; 1025916; 1025917; 1025918; 1025919; 1025920; 1025921; 1025922; 1025923; 1025924"
"13290","Reindeer Antler Headband","Head","false","offer","repurchaseShop","Purchase Starlight Celebration Items","1017613; 1017614; 1017615; 1025913; 1025914; 1025915; 1025916; 1025917; 1025918; 1025919; 1025920; 1025921; 1025922; 1025923; 1025924"
"13291","Reindeer Gloves","Hands","false","offer","repurchaseShop","Purchase Starlight Celebration Items","1017613; 1017614; 1017615; 1025913; 1025914; 1025915; 1025916; 1025917; 1025918; 1025919; 1025920; 1025921; 1025922; 1025923; 1025924"
"13292","Reindeer Hooves","Feet","false","offer","repurchaseShop","Purchase Starlight Celebration Items","1017613; 1017614; 1017615; 1025913; 1025914; 1025915; 1025916; 1025917; 1025918; 1025919; 1025920; 1025921; 1025922; 1025923; 1025924"
"13293","Saint's Beard","Head","false","offer","repurchaseShop; vendorWithoutPosition","Purchase Items; Purchase Starlight Celebration Items","1016451; 1016452; 1016453; 1017613; 1017614; 1017615; 1025913; 1025914; 1025915; 1025916; 1025917; 1025918; 1025919; 1025920; 1025921; 1025922; 1025923; 1025924"
"13294","Saint's Cap","Head","false","offer","repurchaseShop; vendorWithoutPosition","Purchase Items; Purchase Starlight Celebration Items","1016451; 1016452; 1016453; 1017613; 1017614; 1017615; 1025913; 1025914; 1025915; 1025916; 1025917; 1025918; 1025919; 1025920; 1025921; 1025922; 1025923; 1025924"
"13295","See No Helm","Head","false","offer","repurchaseShop","Purchase Heavensturn Items","1017613; 1017614; 1017615; 1025913; 1025914; 1025915; 1025916; 1025917; 1025918; 1025919; 1025920; 1025921; 1025922; 1025923; 1025924"
"13296","Speak No Helm","Head","false","offer","repurchaseShop","Purchase Heavensturn Items","1017613; 1017614; 1017615; 1025913; 1025914; 1025915; 1025916; 1025917; 1025918; 1025919; 1025920; 1025921; 1025922; 1025923; 1025924"
"13297","Hear No Helm","Head","false","offer","repurchaseShop","Purchase Heavensturn Items","1017613; 1017614; 1017615; 1025913; 1025914; 1025915; 1025916; 1025917; 1025918; 1025919; 1025920; 1025921; 1025922; 1025923; 1025924"
"13299","Platinum Paramour's Earrings","Earrings","false","offer","repurchaseShop; vendorWithoutPosition","Purchase Items; Purchase Valentione's Day Items","1016440; 1016441; 1016442; 1017613; 1017614; 1017615; 1025913; 1025914; 1025915; 1025916; 1025917; 1025918; 1025919; 1025920; 1025921; 1025922; 1025923; 1025924"
"13300","Lord's Suikan","Body","false","offer","repurchaseShop; seasonalShop","Purchase Little Ladies' Day Items; Seasonal Event Prizes; Gender-specific Gear Exchange (♀→♂) II","1017613; 1017614; 1017615; 1025913; 1025914; 1025915; 1025916; 1025917; 1025918; 1025919; 1025920; 1025921; 1025922; 1025923; 1025924; 1016357; 1016522; 1016524; 1006004; 1006005; 1006006"
"13328","Gaelicap","Head","false","","No collected source","",""
"13329","Demon Brick Earring","Earrings","false","","No collected source","",""
"13330","Amatsu Hachigane","Head","false","offer","repurchaseShop","Purchase Other Seasonal Event Items","1017613; 1017614; 1017615; 1025913; 1025914; 1025915; 1025916; 1025917; 1025918; 1025919; 1025920; 1025921; 1025922; 1025923; 1025924"
"13331","Amatsu Togi","Body","false","offer","repurchaseShop","Purchase Other Seasonal Event Items","1017613; 1017614; 1017615; 1025913; 1025914; 1025915; 1025916; 1025917; 1025918; 1025919; 1025920; 1025921; 1025922; 1025923; 1025924"
"13332","Amatsu Tekko","Hands","false","offer","repurchaseShop","Purchase Other Seasonal Event Items","1017613; 1017614; 1017615; 1025913; 1025914; 1025915; 1025916; 1025917; 1025918; 1025919; 1025920; 1025921; 1025922; 1025923; 1025924"
"13333","Amatsu Haidate","Legs","false","offer","repurchaseShop","Purchase Other Seasonal Event Items","1017613; 1017614; 1017615; 1025913; 1025914; 1025915; 1025916; 1025917; 1025918; 1025919; 1025920; 1025921; 1025922; 1025923; 1025924"
"13334","Amatsu Sune-ate","Feet","false","offer","repurchaseShop","Purchase Other Seasonal Event Items","1017613; 1017614; 1017615; 1025913; 1025914; 1025915; 1025916; 1025917; 1025918; 1025919; 1025920; 1025921; 1025922; 1025923; 1025924"
"13381","Mistfall Sallet of Fending","Head","false","","No collected source","",""
"13382","Mistfall Hauberk of Fending","Body","false","","No collected source","",""
"13383","Mistfall Gauntlets of Fending","Hands","false","","No collected source","",""
"13385","Mistfall Breeches of Fending","Legs","false","","No collected source","",""
"13386","Mistfall Sabatons of Fending","Feet","false","","No collected source","",""
"13387","Mistfall Sallet of Maiming","Head","false","","No collected source","",""
"13388","Mistfall Hauberk of Maiming","Body","false","","No collected source","",""
"13389","Mistfall Gauntlets of Maiming","Hands","false","","No collected source","",""
"13391","Mistfall Breeches of Maiming","Legs","false","","No collected source","",""
"13392","Mistfall Sabatons of Maiming","Feet","false","","No collected source","",""
"13393","Mistfall Circlet of Striking","Head","false","","No collected source","",""
"13394","Mistfall Bolero of Striking","Body","false","","No collected source","",""
"13395","Mistfall Gloves of Striking","Hands","false","","No collected source","",""
"13397","Mistfall Culottes of Striking","Legs","false","","No collected source","",""
"13398","Mistfall Boots of Striking","Feet","false","","No collected source","",""
"13399","Mistfall Cap of Aiming","Head","false","","No collected source","",""
"13400","Mistfall Robe of Aiming","Body","false","","No collected source","",""
"13401","Mistfall Gloves of Aiming","Hands","false","","No collected source","",""
"13403","Mistfall Slops of Aiming","Legs","false","","No collected source","",""
"13404","Mistfall Shoes of Aiming","Feet","false","","No collected source","",""
"13405","Mistfall Coif of Scouting","Head","false","","No collected source","",""
"13406","Mistfall Shirt of Scouting","Body","false","","No collected source","",""
"13407","Mistfall Halfgloves of Scouting","Hands","false","","No collected source","",""
"13409","Mistfall Sarouel of Scouting","Legs","false","","No collected source","",""
"13410","Mistfall Boots of Scouting","Feet","false","","No collected source","",""
"13411","Mistfall Monocle of Healing","Head","false","","No collected source","",""
"13412","Mistfall Robe of Healing","Body","false","","No collected source","",""
"13413","Mistfall Halfgloves of Healing","Hands","false","","No collected source","",""
"13415","Mistfall Tonban of Healing","Legs","false","","No collected source","",""
"13416","Mistfall Crakows of Healing","Feet","false","","No collected source","",""
"13417","Mistfall Magnifiers of Casting","Head","false","","No collected source","",""
"13418","Mistfall Robe of Casting","Body","false","","No collected source","",""
"13419","Mistfall Halfgloves of Casting","Hands","false","","No collected source","",""
"13421","Mistfall Tonban of Casting","Legs","false","","No collected source","",""
"13422","Mistfall Crakows of Casting","Feet","false","","No collected source","",""
"13423","Mistfall Necklace of Fending","Necklace","false","","No collected source","",""
"13424","Mistfall Armillae of Fending","Bracelets","false","","No collected source","",""
"13425","Mistfall Earrings of Fending","Earrings","false","","No collected source","",""
"13426","Mistfall Ring of Fending","Ring","false","","No collected source","",""
"13427","Mistfall Necklace of Slaying","Necklace","false","","No collected source","",""
"13428","Mistfall Armillae of Slaying","Bracelets","false","","No collected source","",""
"13429","Mistfall Earrings of Slaying","Earrings","false","","No collected source","",""
"13430","Mistfall Ring of Slaying","Ring","false","","No collected source","",""
"13431","Mistfall Necklace of Aiming","Necklace","false","","No collected source","",""
"13432","Mistfall Armillae of Aiming","Bracelets","false","","No collected source","",""
"13433","Mistfall Earrings of Aiming","Earrings","false","","No collected source","",""
"13434","Mistfall Ring of Aiming","Ring","false","","No collected source","",""
"13435","Mistfall Necklace of Healing","Necklace","false","","No collected source","",""
"13436","Mistfall Armillae of Healing","Bracelets","false","","No collected source","",""
"13437","Mistfall Earrings of Healing","Earrings","false","","No collected source","",""
"13438","Mistfall Ring of Healing","Ring","false","","No collected source","",""
"13439","Mistfall Necklace of Casting","Necklace","false","","No collected source","",""
"13440","Mistfall Armillae of Casting","Bracelets","false","","No collected source","",""
"13441","Mistfall Earrings of Casting","Earrings","false","","No collected source","",""
"13442","Mistfall Ring of Casting","Ring","false","","No collected source","",""
"13443","Deepmist Helm of Fending","Head","false","","No collected source","",""
"13444","Deepmist Cuirass of Fending","Body","false","","No collected source","",""
"13445","Deepmist Vambraces of Fending","Hands","false","","No collected source","",""
"13447","Deepmist Breeches of Fending","Legs","false","","No collected source","",""
"13448","Deepmist Sabatons of Fending","Feet","false","","No collected source","",""
"13449","Deepmist Mask of Maiming","Head","false","","No collected source","",""
"13450","Deepmist Mail of Maiming","Body","false","","No collected source","",""
"13451","Deepmist Vambraces of Maiming","Hands","false","","No collected source","",""
"13453","Deepmist Breeches of Maiming","Legs","false","","No collected source","",""
"13454","Deepmist Sollerets of Maiming","Feet","false","","No collected source","",""
"13455","Deepmist Mask of Striking","Head","false","","No collected source","",""
"13456","Deepmist Jacket of Striking","Body","false","","No collected source","",""
"13457","Deepmist Armguards of Striking","Hands","false","","No collected source","",""
"13459","Deepmist Trousers of Striking","Legs","false","","No collected source","",""
"13460","Deepmist Leggings of Striking","Feet","false","","No collected source","",""
"13461","Deepmist Mask of Aiming","Head","false","","No collected source","",""
"13462","Deepmist Jacket of Aiming","Body","false","","No collected source","",""
"13463","Deepmist Armguards of Aiming","Hands","false","","No collected source","",""
"13465","Deepmist Trousers of Aiming","Legs","false","","No collected source","",""
"13466","Deepmist Leggings of Aiming","Feet","false","","No collected source","",""
"13467","Deepmist Mask of Scouting","Head","false","","No collected source","",""
"13468","Deepmist Jacket of Scouting","Body","false","","No collected source","",""
"13469","Deepmist Armguards of Scouting","Hands","false","","No collected source","",""
"13471","Deepmist Trousers of Scouting","Legs","false","","No collected source","",""
"13472","Deepmist Leggings of Scouting","Feet","false","","No collected source","",""
"13473","Deepmist Mask of Healing","Head","false","","No collected source","",""
"13474","Deepmist Doublet of Healing","Body","false","","No collected source","",""
"13475","Deepmist Gloves of Healing","Hands","false","","No collected source","",""
"13477","Deepmist Gaskins of Healing","Legs","false","","No collected source","",""
"13478","Deepmist Boots of Healing","Feet","false","","No collected source","",""
"13479","Deepmist Mask of Casting","Head","false","","No collected source","",""
"13480","Deepmist Doublet of Casting","Body","false","","No collected source","",""
"13481","Deepmist Gloves of Casting","Hands","false","","No collected source","",""
"13483","Deepmist Gaskins of Casting","Legs","false","","No collected source","",""
"13484","Deepmist Boots of Casting","Feet","false","","No collected source","",""
"13485","Deepmist Necklace of Fending","Necklace","false","","No collected source","",""
"13486","Deepmist Armillae of Fending","Bracelets","false","","No collected source","",""
"13487","Deepmist Earrings of Fending","Earrings","false","","No collected source","",""
"13488","Deepmist Ring of Fending","Ring","false","","No collected source","",""
"13489","Deepmist Necklace of Slaying","Necklace","false","","No collected source","",""
"13490","Deepmist Armillae of Slaying","Bracelets","false","","No collected source","",""
"13491","Deepmist Earrings of Slaying","Earrings","false","","No collected source","",""
"13492","Deepmist Ring of Slaying","Ring","false","","No collected source","",""
"13493","Deepmist Necklace of Aiming","Necklace","false","","No collected source","",""
"13494","Deepmist Armillae of Aiming","Bracelets","false","","No collected source","",""
"13495","Deepmist Earrings of Aiming","Earrings","false","","No collected source","",""
"13496","Deepmist Ring of Aiming","Ring","false","","No collected source","",""
"13497","Deepmist Necklace of Healing","Necklace","false","","No collected source","",""
"13498","Deepmist Armillae of Healing","Bracelets","false","","No collected source","",""
"13499","Deepmist Earrings of Healing","Earrings","false","","No collected source","",""
"13500","Deepmist Ring of Healing","Ring","false","","No collected source","",""
"13501","Deepmist Necklace of Casting","Necklace","false","","No collected source","",""
"13502","Deepmist Armillae of Casting","Bracelets","false","","No collected source","",""
"13503","Deepmist Earrings of Casting","Earrings","false","","No collected source","",""
"13504","Deepmist Ring of Casting","Ring","false","","No collected source","",""
"13505","Mistbreak Helm of Fending","Head","false","","No collected source","",""
"13506","Mistbreak Armor of Fending","Body","false","","No collected source","",""
"13507","Mistbreak Gauntlets of Fending","Hands","false","","No collected source","",""
"13509","Mistbreak Chain Hose of Fending","Legs","false","","No collected source","",""
"13510","Mistbreak Sabatons of Fending","Feet","false","","No collected source","",""
"13511","Mistbreak Helm of Maiming","Head","false","","No collected source","",""
"13512","Mistbreak Armor of Maiming","Body","false","","No collected source","",""
"13513","Mistbreak Gauntlets of Maiming","Hands","false","","No collected source","",""
"13515","Mistbreak Chain Hose of Maiming","Legs","false","","No collected source","",""
"13516","Mistbreak Sabatons of Maiming","Feet","false","","No collected source","",""
"13517","Mistbreak Cap of Striking","Head","false","","No collected source","",""
"13518","Mistbreak Cyclas of Striking","Body","false","","No collected source","",""
"13519","Mistbreak Armguards of Striking","Hands","false","","No collected source","",""
"13521","Mistbreak Hose of Striking","Legs","false","","No collected source","",""
"13522","Mistbreak Boots of Striking","Feet","false","","No collected source","",""
"13523","Mistbreak Cap of Aiming","Head","false","","No collected source","",""
"13524","Mistbreak Cyclas of Aiming","Body","false","","No collected source","",""
"13525","Mistbreak Armguards of Aiming","Hands","false","","No collected source","",""
"13527","Mistbreak Hose of Aiming","Legs","false","","No collected source","",""
"13528","Mistbreak Boots of Aiming","Feet","false","","No collected source","",""
"13529","Mistbreak Cap of Scouting","Head","false","","No collected source","",""
"13530","Mistbreak Cyclas of Scouting","Body","false","","No collected source","",""
"13531","Mistbreak Armguards of Scouting","Hands","false","","No collected source","",""
"13533","Mistbreak Hose of Scouting","Legs","false","","No collected source","",""
"13534","Mistbreak Boots of Scouting","Feet","false","","No collected source","",""
"13535","Mistbreak Klobuk of Healing","Head","false","","No collected source","",""
"13536","Mistbreak Alb of Healing","Body","false","","No collected source","",""
"13537","Mistbreak Gloves of Healing","Hands","false","","No collected source","",""
"13539","Mistbreak Chausses of Healing","Legs","false","","No collected source","",""
"13540","Mistbreak Thighboots of Healing","Feet","false","","No collected source","",""
"13541","Mistbreak Hat of Casting","Head","false","","No collected source","",""
"13542","Mistbreak Robe of Casting","Body","false","","No collected source","",""
"13543","Mistbreak Dress Gloves of Casting","Hands","false","","No collected source","",""
"13545","Mistbreak Breeches of Casting","Legs","false","","No collected source","",""
"13546","Mistbreak Thighboots of Casting","Feet","false","","No collected source","",""
"13547","Mistbreak Necklace of Fending","Necklace","false","","No collected source","",""
"13548","Mistbreak Armillae of Fending","Bracelets","false","","No collected source","",""
"13549","Mistbreak Earrings of Fending","Earrings","false","","No collected source","",""
"13550","Mistbreak Ring of Fending","Ring","false","","No collected source","",""
"13551","Mistbreak Necklace of Slaying","Necklace","false","","No collected source","",""
"13552","Mistbreak Armillae of Slaying","Bracelets","false","","No collected source","",""
"13553","Mistbreak Earrings of Slaying","Earrings","false","","No collected source","",""
"13554","Mistbreak Ring of Slaying","Ring","false","","No collected source","",""
"13555","Mistbreak Necklace of Aiming","Necklace","false","","No collected source","",""
"13556","Mistbreak Armillae of Aiming","Bracelets","false","","No collected source","",""
"13557","Mistbreak Earrings of Aiming","Earrings","false","","No collected source","",""
"13558","Mistbreak Ring of Aiming","Ring","false","","No collected source","",""
"13559","Mistbreak Necklace of Healing","Necklace","false","","No collected source","",""
"13560","Mistbreak Armillae of Healing","Bracelets","false","","No collected source","",""
"13561","Mistbreak Earrings of Healing","Earrings","false","","No collected source","",""
"13562","Mistbreak Ring of Healing","Ring","false","","No collected source","",""
"13563","Mistbreak Necklace of Casting","Necklace","false","","No collected source","",""
"13564","Mistbreak Armillae of Casting","Bracelets","false","","No collected source","",""
"13565","Mistbreak Earrings of Casting","Earrings","false","","No collected source","",""
"13566","Mistbreak Ring of Casting","Ring","false","","No collected source","",""
"13568","Paramour's Earrings","Earrings","false","offer","repurchaseShop; vendorWithoutPosition","Purchase Items; Purchase Valentione's Day Items","1016440; 1016441; 1016442; 1017613; 1017614; 1017615; 1025913; 1025914; 1025915; 1025916; 1025917; 1025918; 1025919; 1025920; 1025921; 1025922; 1025923; 1025924"
"13639","Lady's Suikan","Body","false","offer","repurchaseShop; seasonalShop","Purchase Little Ladies' Day Items; Seasonal Event Prizes; Gender-specific Gear Exchange (♂→♀) II","1017613; 1017614; 1017615; 1025913; 1025914; 1025915; 1025916; 1025917; 1025918; 1025919; 1025920; 1025921; 1025922; 1025923; 1025924; 1016357; 1016522; 1016524; 1006004; 1006005; 1006006"
"13724","Little Lord's Clogs","Feet","false","offer","repurchaseShop; seasonalShop","Purchase Little Ladies' Day Items; Seasonal Event Prizes; Gender-specific Gear Exchange (♀→♂) II","1017613; 1017614; 1017615; 1025913; 1025914; 1025915; 1025916; 1025917; 1025918; 1025919; 1025920; 1025921; 1025922; 1025923; 1025924; 1016357; 1016522; 1016524; 1006004; 1006005; 1006006"
"13725","Little Lady's Clogs","Feet","false","offer","repurchaseShop; seasonalShop","Purchase Little Ladies' Day Items; Seasonal Event Prizes; Gender-specific Gear Exchange (♂→♀) II","1017613; 1017614; 1017615; 1025913; 1025914; 1025915; 1025916; 1025917; 1025918; 1025919; 1025920; 1025921; 1025922; 1025923; 1025924; 1016357; 1016522; 1016524; 1006004; 1006005; 1006006"
"13878","Coven Shield","Shield","false","","No collected source","",""
"13879","Coven Blade","Gladiator's Arm","false","","No collected source","",""
"13880","Coven Maws","Pugilist's Arm","false","","No collected source","",""
"13881","Coven Battleaxe","Marauder's Arm","false","","No collected source","",""
"13882","Coven Spear","Lancer's Arm","false","","No collected source","",""
"13883","Coven Longbow","Archer's Arm","false","","No collected source","",""
"13884","Coven Claws","Rogue's Arm","false","","No collected source","",""
"13885","Coven Cane","Two–handed Conjurer's Arm","false","","No collected source","",""
"13886","Coven Rod","Two–handed Thaumaturge's Arm","false","","No collected source","",""
"13887","Coven Grimoire","Arcanist's Grimoire","false","","No collected source","",""
"13888","Coven Codex","Scholar's Arm","false","","No collected source","",""
"13889","Coven Greatsword","Dark Knight's Arm","false","","No collected source","",""
"13890","Coven Musketoon","Machinist's Arm","false","","No collected source","",""
"13891","Coven Astrometer","Astrologian's Arm","false","","No collected source","",""
"13987","Tantalus Vest","Body","false","","No collected source","",""
"13988","Tantalus Cuffs","Hands","false","","No collected source","",""
"13989","Tantalus Breeches","Legs","false","","No collected source","",""
"13990","Tantalus Boots","Feet","false","","No collected source","",""
"14031","Brand-new Cuirass","Body","false","","No collected source","",""
"14032","Brand-new Gauntlets","Hands","false","","No collected source","",""
"14033","Brand-new Trousers","Legs","false","","No collected source","",""
"14034","Brand-new Sabatons","Feet","false","","No collected source","",""
"14035","Brand-new Tabard","Body","false","","No collected source","",""
"14036","Brand-new Gloves","Hands","false","","No collected source","",""
"14037","Brand-new Skirt","Legs","false","","No collected source","",""
"14038","Brand-new Boots","Feet","false","","No collected source","",""
"14039","Brand-new Robe","Body","false","","No collected source","",""
"14040","Brand-new Halfgloves","Hands","false","","No collected source","",""
"14041","Brand-new Waistwrap","Legs","false","","No collected source","",""
"14042","Brand-new Thighboots","Feet","false","","No collected source","",""
"14043","Brand-new Ring","Ring","false","","No collected source","",""
"14106","Millkeep's Claw Hammer","Carpenter's Secondary Tool","false","","No collected source","",""
"14107","Forgekeep's File","Blacksmith's Secondary Tool","false","","No collected source","",""
"14108","Hammerkeep's Pliers","Armorer's Secondary Tool","false","","No collected source","",""
"14109","Gemkeep's Grinding Wheel","Goldsmith's Secondary Tool","false","","No collected source","",""
"14110","Hidekeep's Awl","Leatherworker's Secondary Tool","false","","No collected source","",""
"14111","Boltkeep's Spinning Wheel","Weaver's Secondary Tool","false","","No collected source","",""
"14112","Cauldronkeep's Mortar","Alchemist's Secondary Tool","false","","No collected source","",""
"14113","Galleykeep's Culinary Knife","Culinarian's Secondary Tool","false","","No collected source","",""
"14114","Minekeep's Sledgehammer","Miner's Secondary Tool","false","","No collected source","",""
"14115","Fieldkeep's Scythe","Botanist's Secondary Tool","false","","No collected source","",""
"14117","Handmaster's Earrings","Earrings","false","","No collected source","",""
"14118","Handmaster's Necklace","Necklace","false","","No collected source","",""
"14119","Handmaster's Armillae","Bracelets","false","","No collected source","",""
"14120","Handmaster's Ring","Ring","false","","No collected source","",""
"14122","Landmaster's Earrings","Earrings","false","","No collected source","",""
"14123","Landmaster's Choker","Necklace","false","","No collected source","",""
"14124","Landmaster's Wristbands","Bracelets","false","","No collected source","",""
"14125","Landmaster's Ring","Ring","false","","No collected source","",""
"14312","Hellfire Blade","Gladiator's Arm","false","","No collected source","",""
"14313","Hellfire Claws","Pugilist's Arm","false","","No collected source","",""
"14314","Hellfire Battleaxe","Marauder's Arm","false","","No collected source","",""
"14315","Slipstream Partisan","Lancer's Arm","false","","No collected source","",""
"14316","Torrent Longbow","Archer's Arm","false","","No collected source","",""
"14317","Torrent Kris","Rogue's Arm","false","","No collected source","",""
"14318","Hellfire Guillotine","Dark Knight's Arm","false","","No collected source","",""
"14319","Torrent Musketoon","Machinist's Arm","false","","No collected source","",""
"14320","Hailstorm Cane","Two–handed Conjurer's Arm","false","","No collected source","",""
"14321","Hailstorm Rod","Two–handed Thaumaturge's Arm","false","","No collected source","",""
"14322","Hailstorm Grimoire","Arcanist's Grimoire","false","","No collected source","",""
"14323","Hailstorm Codex","Scholar's Arm","false","","No collected source","",""
"14324","Hailstorm Astrometer","Astrologian's Arm","false","","No collected source","",""
"14325","Hellfire Shield","Shield","false","","No collected source","",""
"14326","Hellfire Mask of Fending","Head","false","","No collected source","",""
"14327","Slipstream Helm of Maiming","Head","false","","No collected source","",""
"14328","Hellfire Mask of Striking","Head","false","","No collected source","",""
"14329","Torrent Mask of Aiming","Head","false","","No collected source","",""
"14330","Torrent Halfmask of Scouting","Head","false","","No collected source","",""
"14331","Hailstorm Crown of Healing","Head","false","","No collected source","",""
"14332","Hailstorm Crown of Casting","Head","false","","No collected source","",""
"14333","Hellfire Armor of Fending","Body","false","","No collected source","",""
"14334","Slipstream Mail of Maiming","Body","false","","No collected source","",""
"14335","Hellfire Mail of Striking","Body","false","","No collected source","",""
"14336","Torrent Tabard of Aiming","Body","false","","No collected source","",""
"14337","Torrent Tabard of Scouting","Body","false","","No collected source","",""
"14338","Hailstorm Coat of Healing","Body","false","","No collected source","",""
"14339","Hailstorm Coat of Casting","Body","false","","No collected source","",""
"14340","Hellfire Gauntlets of Fending","Hands","false","","No collected source","",""
"14341","Slipstream Gauntlets of Maiming","Hands","false","","No collected source","",""
"14342","Hellfire Gauntlets of Striking","Hands","false","","No collected source","",""
"14343","Torrent Armguards of Aiming","Hands","false","","No collected source","",""
"14344","Torrent Armguards of Scouting","Hands","false","","No collected source","",""
"14345","Hailstorm Gloves of Healing","Hands","false","","No collected source","",""
"14346","Hailstorm Gloves of Casting","Hands","false","","No collected source","",""
"14354","Hellfire Breeches of Fending","Legs","false","","No collected source","",""
"14355","Slipstream Breeches of Maiming","Legs","false","","No collected source","",""
"14356","Hellfire Breeches of Striking","Legs","false","","No collected source","",""
"14357","Torrent Tights of Aiming","Legs","false","","No collected source","",""
"14358","Torrent Tights of Scouting","Legs","false","","No collected source","",""
"14359","Hailstorm Bottoms of Healing","Legs","false","","No collected source","",""
"14360","Hailstorm Bottoms of Casting","Legs","false","","No collected source","",""
"14361","Hellfire Sabatons of Fending","Feet","false","","No collected source","",""
"14362","Slipstream Sabatons of Maiming","Feet","false","","No collected source","",""
"14363","Hellfire Sabatons of Striking","Feet","false","","No collected source","",""
"14364","Torrent Boots of Aiming","Feet","false","","No collected source","",""
"14365","Torrent Boots of Scouting","Feet","false","","No collected source","",""
"14366","Hailstorm Boots of Healing","Feet","false","","No collected source","",""
"14367","Hailstorm Boots of Casting","Feet","false","","No collected source","",""
"14368","Primal Earrings of Fending","Earrings","false","","No collected source","",""
"14369","Primal Earrings of Slaying","Earrings","false","","No collected source","",""
"14370","Primal Earrings of Aiming","Earrings","false","","No collected source","",""
"14371","Primal Earrings of Healing","Earrings","false","","No collected source","",""
"14372","Primal Earrings of Casting","Earrings","false","","No collected source","",""
"14373","Primal Choker of Fending","Necklace","false","","No collected source","",""
"14374","Primal Choker of Slaying","Necklace","false","","No collected source","",""
"14375","Primal Choker of Aiming","Necklace","false","","No collected source","",""
"14376","Primal Choker of Healing","Necklace","false","","No collected source","",""
"14377","Primal Choker of Casting","Necklace","false","","No collected source","",""
"14378","Primal Bracelet of Fending","Bracelets","false","","No collected source","",""
"14379","Primal Bracelet of Slaying","Bracelets","false","","No collected source","",""
"14380","Primal Bracelet of Aiming","Bracelets","false","","No collected source","",""
"14381","Primal Bracelet of Healing","Bracelets","false","","No collected source","",""
"14382","Primal Bracelet of Casting","Bracelets","false","","No collected source","",""
"14383","Primal Ring of Fending","Ring","false","","No collected source","",""
"14384","Primal Ring of Slaying","Ring","false","","No collected source","",""
"14385","Primal Ring of Aiming","Ring","false","","No collected source","",""
"14386","Primal Ring of Healing","Ring","false","","No collected source","",""
"14387","Primal Ring of Casting","Ring","false","","No collected source","",""
"14839","Inferno Mask","Head","false","","No collected source","",""
"14840","Crag Mask","Head","false","","No collected source","",""
"14972","Housemaid's Brim","Head","false","","No collected source","",""
"14973","Housemaid's Apron Dress","Body","false","","No collected source","",""
"14974","Housemaid's Wristdresses","Hands","false","","No collected source","",""
"14975","Housemaid's Bloomers","Legs","false","","No collected source","",""
"14976","Housemaid's Pumps","Feet","false","","No collected source","",""
"14977","Butler's Monocle","Head","false","","No collected source","",""
"14978","Butler's Jacket","Body","false","","No collected source","",""
"14979","Butler's Gloves","Hands","false","","No collected source","",""
"14980","Butler's Slacks","Legs","false","","No collected source","",""
"14981","Butler's Gaiters","Feet","false","","No collected source","",""
"14983","Far Eastern Journey Battle Staff","Lancer's Arm","false","","No collected source","",""
"15208","Whisker of the Brave Cat","Gladiator's Arm","false","","No collected source","",""
"15209","Ears of the Moon Rabbit","Pugilist's Arm","false","","No collected source","",""
"15210","Paw of the Crimson Cat","Marauder's Arm","false","","No collected source","",""
"15211","Spear of the Spark Serpent","Lancer's Arm","false","","No collected source","",""
"15212","Bow of the White Wisp","Archer's Arm","false","","No collected source","",""
"15213","Twintails of the Flame Fox","Rogue's Arm","false","","No collected source","",""
"15214","Fang of the Fearless Cat","Dark Knight's Arm","false","","No collected source","",""
"15215","Musket of the Metal Cat","Machinist's Arm","false","","No collected source","",""
"15216","Cane of the Shrine Guardian","Two–handed Conjurer's Arm","false","","No collected source","",""
"15217","Staff of the Snow Maiden","Two–handed Thaumaturge's Arm","false","","No collected source","",""
"15218","Book of the Eerie Mutt","Arcanist's Grimoire","false","","No collected source","",""
"15219","Codex of the Shrine Guardian","Scholar's Arm","false","","No collected source","",""
"15220","Globe of the Lucky Snake","Astrologian's Arm","false","","No collected source","",""
"15221","Buckler of the Legendary Cat","Shield","false","","No collected source","",""
"15222","Yo-kai Watch","Bracelets","false","offer","repurchaseShop","Purchase Other Seasonal Event Items","1017613; 1017614; 1017615; 1025913; 1025914; 1025915; 1025916; 1025917; 1025918; 1025919; 1025920; 1025921; 1025922; 1025923; 1025924"
"15273","Lone Wolf Crown","Head","false","","No collected source","",""
"15274","Lone Wolf Coat","Body","false","","No collected source","",""
"15275","Lone Wolf Gauntlets","Hands","false","","No collected source","",""
"15276","Lone Wolf Breeches","Legs","false","","No collected source","",""
"15277","Lone Wolf Boots","Feet","false","","No collected source","",""
"15278","Pack Wolf Crown","Head","false","","No collected source","",""
"15279","Pack Wolf Coat","Body","false","","No collected source","",""
"15280","Pack Wolf Gauntlets","Hands","false","","No collected source","",""
"15281","Pack Wolf Breeches","Legs","false","","No collected source","",""
"15282","Pack Wolf Boots","Feet","false","","No collected source","",""
"15467","Legacy Warrior Coronet","Head","false","offer","repurchaseShop; seasonalShop","Purchase Moonfire Faire Items I; Seasonal Event Prizes","1017613; 1017614; 1017615; 1025913; 1025914; 1025915; 1025916; 1025917; 1025918; 1025919; 1025920; 1025921; 1025922; 1025923; 1025924; 1017230"
"15468","Legacy Warrior Mail","Body","false","offer","repurchaseShop; seasonalShop","Purchase Moonfire Faire Items I; Seasonal Event Prizes","1017613; 1017614; 1017615; 1025913; 1025914; 1025915; 1025916; 1025917; 1025918; 1025919; 1025920; 1025921; 1025922; 1025923; 1025924; 1017230"
"15469","Legacy Warrior Armguards","Hands","false","offer","repurchaseShop; seasonalShop","Purchase Moonfire Faire Items I; Seasonal Event Prizes","1017613; 1017614; 1017615; 1025913; 1025914; 1025915; 1025916; 1025917; 1025918; 1025919; 1025920; 1025921; 1025922; 1025923; 1025924; 1017230"
"15470","Legacy Warrior Breeches","Legs","false","offer","repurchaseShop; seasonalShop","Purchase Moonfire Faire Items I; Seasonal Event Prizes","1017613; 1017614; 1017615; 1025913; 1025914; 1025915; 1025916; 1025917; 1025918; 1025919; 1025920; 1025921; 1025922; 1025923; 1025924; 1017230"
"15471","Legacy Warrior Sabatons","Feet","false","offer","repurchaseShop; seasonalShop","Purchase Moonfire Faire Items I; Seasonal Event Prizes","1017613; 1017614; 1017615; 1025913; 1025914; 1025915; 1025916; 1025917; 1025918; 1025919; 1025920; 1025921; 1025922; 1025923; 1025924; 1017230"
"15487","Far Eastern Journey Circlet","Head","false","","No collected source","",""
"15488","Far Eastern Journey Jacket","Body","false","","No collected source","",""
"15489","Far Eastern Journey Armlets","Hands","false","","No collected source","",""
"15490","Far Eastern Journey Bottoms","Legs","false","","No collected source","",""
"15491","Far Eastern Journey Shoes","Feet","false","","No collected source","",""
"15779","Diamond Pack Wolf Choker","Necklace","false","","No collected source","",""
"15780","Diamond Pack Wolf Earrings","Earrings","false","","No collected source","",""
"15781","Diamond Pack Wolf Bracelets","Bracelets","false","","No collected source","",""
"15782","Diamond Pack Wolf Ring","Ring","false","","No collected source","",""
"15783","Platinum Pack Wolf Choker","Necklace","false","","No collected source","",""
"15784","Platinum Pack Wolf Earrings","Earrings","false","","No collected source","",""
"15785","Platinum Pack Wolf Bracelets","Bracelets","false","","No collected source","",""
"15786","Platinum Pack Wolf Ring","Ring","false","","No collected source","",""
"15787","Gold Pack Wolf Choker","Necklace","false","","No collected source","",""
"15788","Gold Pack Wolf Earrings","Earrings","false","","No collected source","",""
"15789","Gold Pack Wolf Bracelets","Bracelets","false","","No collected source","",""
"15790","Gold Pack Wolf Ring","Ring","false","","No collected source","",""
"15791","Silver Pack Wolf Choker","Necklace","false","","No collected source","",""
"15792","Silver Pack Wolf Earrings","Earrings","false","","No collected source","",""
"15793","Silver Pack Wolf Bracelets","Bracelets","false","","No collected source","",""
"15794","Silver Pack Wolf Ring","Ring","false","","No collected source","",""
"15795","Bronze Pack Wolf Choker","Necklace","false","","No collected source","",""
"15796","Bronze Pack Wolf Earrings","Earrings","false","","No collected source","",""
"15797","Bronze Pack Wolf Bracelets","Bracelets","false","","No collected source","",""
"15798","Bronze Pack Wolf Ring","Ring","false","","No collected source","",""
"15854","Alpine Coat","Body","false","offer","repurchaseShop","Purchase Quest Rewards I","1006004; 1006005; 1006006; 1025913; 1025914; 1025915; 1025916; 1025917; 1025918; 1025919; 1025920; 1025921; 1025922; 1025923; 1025924"
"15935","Cait Sith Ears","Head","false","","No collected source","",""
"15936","Hatchling Earring","Earrings","false","offer","vendorWithoutPosition","262924","1005970"
"16038","Chicken Knife","Red Mage's Arm","false","","No collected source","",""
"16039","Ala Mhigan Earrings","Earrings","false","","No collected source","",""
"16042","Abes Jacket","Body","false","offer","repurchaseShop","Dream of the Fayth Exchange","1006004; 1006005; 1006006"
"16043","Abes Gloves","Hands","false","offer","repurchaseShop","Dream of the Fayth Exchange","1006004; 1006005; 1006006"
"16044","Abes Halfslops","Legs","false","offer","repurchaseShop","Dream of the Fayth Exchange","1006004; 1006005; 1006006"
"16045","Abes Boots","Feet","false","offer","repurchaseShop","Dream of the Fayth Exchange","1006004; 1006005; 1006006"
"16046","High Summoner's Dress","Body","false","offer","repurchaseShop","Dream of the Fayth Exchange","1006004; 1006005; 1006006"
"16047","High Summoner's Armlets","Hands","false","offer","repurchaseShop","Dream of the Fayth Exchange","1006004; 1006005; 1006006"
"16048","High Summoner's Boots","Feet","false","offer","repurchaseShop","Dream of the Fayth Exchange","1006004; 1006005; 1006006"
"16067","The Fanged Wolf","Gladiator's Arm","false","offer","repurchaseShop; vendorWithoutPosition","Repurchase Paladin Gear; 1769743","1006004; 1006005; 1006006; 1025913; 1025914; 1025915; 1025916; 1025917; 1025918; 1025919; 1025920; 1025921; 1025922; 1025923; 1025924"
"16068","Makai Fists","Pugilist's Arm","false","offer","repurchaseShop; vendorWithoutPosition","Repurchase Monk Gear; 1769743","1006004; 1006005; 1006006; 1025913; 1025914; 1025915; 1025916; 1025917; 1025918; 1025919; 1025920; 1025921; 1025922; 1025923; 1025924"
"16069","Darkness","Marauder's Arm","false","offer","repurchaseShop; vendorWithoutPosition","Repurchase Warrior Gear; 1769743","1006004; 1006005; 1006006; 1025913; 1025914; 1025915; 1025916; 1025917; 1025918; 1025919; 1025920; 1025921; 1025922; 1025923; 1025924"
"16070","The White Night","Lancer's Arm","false","offer","repurchaseShop; vendorWithoutPosition","Repurchase Dragoon Gear; 1769743","1006004; 1006005; 1006006; 1025913; 1025914; 1025915; 1025916; 1025917; 1025918; 1025919; 1025920; 1025921; 1025922; 1025923; 1025924"
"16071","Makai Bow","Archer's Arm","false","offer","repurchaseShop; vendorWithoutPosition","Repurchase Bard Gear; 1769744","1006004; 1006005; 1006006; 1025913; 1025914; 1025915; 1025916; 1025917; 1025918; 1025919; 1025920; 1025921; 1025922; 1025923; 1025924"
"16072","Silver Wolves","Rogue's Arm","false","offer","repurchaseShop; vendorWithoutPosition","Repurchase Ninja Gear; 1769743","1006004; 1006005; 1006006; 1025913; 1025914; 1025915; 1025916; 1025917; 1025918; 1025919; 1025920; 1025921; 1025922; 1025923; 1025924"
"16073","Hell Light","Dark Knight's Arm","false","offer","repurchaseShop; vendorWithoutPosition","Repurchase Dark Knight Gear; 1769743","1006004; 1006005; 1006006; 1025913; 1025914; 1025915; 1025916; 1025917; 1025918; 1025919; 1025920; 1025921; 1025922; 1025923; 1025924"
"16074","Makai Hand Mortar","Machinist's Arm","false","offer","repurchaseShop; vendorWithoutPosition","Repurchase Machinist Gear; 1769744","1006004; 1006005; 1006006; 1025913; 1025914; 1025915; 1025916; 1025917; 1025918; 1025919; 1025920; 1025921; 1025922; 1025923; 1025924"
"16075","Mado Staff","Two–handed Conjurer's Arm","false","offer","repurchaseShop; vendorWithoutPosition","Repurchase White Mage Gear; 1769744","1006004; 1006005; 1006006; 1025913; 1025914; 1025915; 1025916; 1025917; 1025918; 1025919; 1025920; 1025921; 1025922; 1025923; 1025924"
"16076","Mado Brush","Two–handed Thaumaturge's Arm","false","offer","repurchaseShop; vendorWithoutPosition","Repurchase Black Mage Gear; 1769744","1006004; 1006005; 1006006; 1025913; 1025914; 1025915; 1025916; 1025917; 1025918; 1025919; 1025920; 1025921; 1025922; 1025923; 1025924"
"16077","Mado Chronicle","Arcanist's Grimoire","false","offer","repurchaseShop; vendorWithoutPosition","Repurchase Summoner Gear; 1769744","1006004; 1006005; 1006006; 1025913; 1025914; 1025915; 1025916; 1025917; 1025918; 1025919; 1025920; 1025921; 1025922; 1025923; 1025924"
"16078","Makai Chronicle","Scholar's Arm","false","offer","repurchaseShop; vendorWithoutPosition","Repurchase Scholar Gear; 1769744","1006004; 1006005; 1006006; 1025913; 1025914; 1025915; 1025916; 1025917; 1025918; 1025919; 1025920; 1025921; 1025922; 1025923; 1025924"
"16079","Mado Sphere","Astrologian's Arm","false","offer","repurchaseShop; vendorWithoutPosition","Repurchase Astrologian Gear; 1769744","1006004; 1006005; 1006006; 1025913; 1025914; 1025915; 1025916; 1025917; 1025918; 1025919; 1025920; 1025921; 1025922; 1025923; 1025924"
"16080","Heroic Spirit Shield","Shield","false","offer","vendorWithoutPosition","1769743",""
"16081","The Face of the Golden Wolf","Head","false","offer","repurchaseShop; vendorWithoutPosition","Repurchase Paladin Gear; 1769743","1006004; 1006005; 1006006; 1025913; 1025914; 1025915; 1025916; 1025917; 1025918; 1025919; 1025920; 1025921; 1025922; 1025923; 1025924"
"16082","The Body of the Golden Wolf","Body","false","offer","repurchaseShop; vendorWithoutPosition","Repurchase Paladin Gear; 1769743","1006004; 1006005; 1006006; 1025913; 1025914; 1025915; 1025916; 1025917; 1025918; 1025919; 1025920; 1025921; 1025922; 1025923; 1025924"
"16083","The Hands of the Golden Wolf","Hands","false","offer","repurchaseShop; vendorWithoutPosition","Repurchase Paladin Gear; 1769743","1006004; 1006005; 1006006; 1025913; 1025914; 1025915; 1025916; 1025917; 1025918; 1025919; 1025920; 1025921; 1025922; 1025923; 1025924"
"16084","The Legs of the Golden Wolf","Legs","false","offer","repurchaseShop; vendorWithoutPosition","Repurchase Paladin Gear; 1769743","1006004; 1006005; 1006006; 1025913; 1025914; 1025915; 1025916; 1025917; 1025918; 1025919; 1025920; 1025921; 1025922; 1025923; 1025924"
"16085","The Feet of the Golden Wolf","Feet","false","offer","repurchaseShop; vendorWithoutPosition","Repurchase Paladin Gear; 1769743","1006004; 1006005; 1006006; 1025913; 1025914; 1025915; 1025916; 1025917; 1025918; 1025919; 1025920; 1025921; 1025922; 1025923; 1025924"
"16086","The Face of Undying Twilight","Head","false","offer","repurchaseShop; vendorWithoutPosition","Repurchase Warrior Gear; 1769743","1006004; 1006005; 1006006; 1025913; 1025914; 1025915; 1025916; 1025917; 1025918; 1025919; 1025920; 1025921; 1025922; 1025923; 1025924"
"16087","The Body of Undying Twilight","Body","false","offer","repurchaseShop; vendorWithoutPosition","Repurchase Warrior Gear; 1769743","1006004; 1006005; 1006006; 1025913; 1025914; 1025915; 1025916; 1025917; 1025918; 1025919; 1025920; 1025921; 1025922; 1025923; 1025924"
"16088","The Hands of Undying Twilight","Hands","false","offer","repurchaseShop; vendorWithoutPosition","Repurchase Warrior Gear; 1769743","1006004; 1006005; 1006006; 1025913; 1025914; 1025915; 1025916; 1025917; 1025918; 1025919; 1025920; 1025921; 1025922; 1025923; 1025924"
"16089","The Legs of Undying Twilight","Legs","false","offer","repurchaseShop; vendorWithoutPosition","Repurchase Warrior Gear; 1769743","1006004; 1006005; 1006006; 1025913; 1025914; 1025915; 1025916; 1025917; 1025918; 1025919; 1025920; 1025921; 1025922; 1025923; 1025924"
"16090","The Feet of Undying Twilight","Feet","false","offer","repurchaseShop; vendorWithoutPosition","Repurchase Warrior Gear; 1769743","1006004; 1006005; 1006006; 1025913; 1025914; 1025915; 1025916; 1025917; 1025918; 1025919; 1025920; 1025921; 1025922; 1025923; 1025924"
"16091","The Face of Pressing Darkness","Head","false","offer","repurchaseShop; vendorWithoutPosition","Repurchase Dark Knight Gear; 1769743","1006004; 1006005; 1006006; 1025913; 1025914; 1025915; 1025916; 1025917; 1025918; 1025919; 1025920; 1025921; 1025922; 1025923; 1025924"
"16092","The Body of Pressing Darkness","Body","false","offer","repurchaseShop; vendorWithoutPosition","Repurchase Dark Knight Gear; 1769743","1006004; 1006005; 1006006; 1025913; 1025914; 1025915; 1025916; 1025917; 1025918; 1025919; 1025920; 1025921; 1025922; 1025923; 1025924"
"16093","The Hands of Pressing Darkness","Hands","false","offer","repurchaseShop; vendorWithoutPosition","Repurchase Dark Knight Gear; 1769743","1006004; 1006005; 1006006; 1025913; 1025914; 1025915; 1025916; 1025917; 1025918; 1025919; 1025920; 1025921; 1025922; 1025923; 1025924"
"16094","The Legs of Pressing Darkness","Legs","false","offer","repurchaseShop; vendorWithoutPosition","Repurchase Dark Knight Gear; 1769743","1006004; 1006005; 1006006; 1025913; 1025914; 1025915; 1025916; 1025917; 1025918; 1025919; 1025920; 1025921; 1025922; 1025923; 1025924"
"16095","The Feet of Pressing Darkness","Feet","false","offer","repurchaseShop; vendorWithoutPosition","Repurchase Dark Knight Gear; 1769743","1006004; 1006005; 1006006; 1025913; 1025914; 1025915; 1025916; 1025917; 1025918; 1025919; 1025920; 1025921; 1025922; 1025923; 1025924"
"16096","The Face of the White Night","Head","false","offer","repurchaseShop; vendorWithoutPosition","Repurchase Dragoon Gear; 1769743","1006004; 1006005; 1006006; 1025913; 1025914; 1025915; 1025916; 1025917; 1025918; 1025919; 1025920; 1025921; 1025922; 1025923; 1025924"
"16097","The Body of the White Night","Body","false","offer","repurchaseShop; vendorWithoutPosition","Repurchase Dragoon Gear; 1769743","1006004; 1006005; 1006006; 1025913; 1025914; 1025915; 1025916; 1025917; 1025918; 1025919; 1025920; 1025921; 1025922; 1025923; 1025924"
"16098","The Hands of the White Night","Hands","false","offer","repurchaseShop; vendorWithoutPosition","Repurchase Dragoon Gear; 1769743","1006004; 1006005; 1006006; 1025913; 1025914; 1025915; 1025916; 1025917; 1025918; 1025919; 1025920; 1025921; 1025922; 1025923; 1025924"
"16099","The Legs of the White Night","Legs","false","offer","repurchaseShop; vendorWithoutPosition","Repurchase Dragoon Gear; 1769743","1006004; 1006005; 1006006; 1025913; 1025914; 1025915; 1025916; 1025917; 1025918; 1025919; 1025920; 1025921; 1025922; 1025923; 1025924"
"16100","The Feet of the White Night","Feet","false","offer","repurchaseShop; vendorWithoutPosition","Repurchase Dragoon Gear; 1769743","1006004; 1006005; 1006006; 1025913; 1025914; 1025915; 1025916; 1025917; 1025918; 1025919; 1025920; 1025921; 1025922; 1025923; 1025924"
"16101","The Face of the Silver Wolf","Head","false","offer","repurchaseShop; vendorWithoutPosition","Repurchase Ninja Gear; 1769743","1006004; 1006005; 1006006; 1025913; 1025914; 1025915; 1025916; 1025917; 1025918; 1025919; 1025920; 1025921; 1025922; 1025923; 1025924"
"16102","The Body of the Silver Wolf","Body","false","offer","repurchaseShop; vendorWithoutPosition","Repurchase Ninja Gear; 1769743","1006004; 1006005; 1006006; 1025913; 1025914; 1025915; 1025916; 1025917; 1025918; 1025919; 1025920; 1025921; 1025922; 1025923; 1025924"
"16103","The Hands of the Silver Wolf","Hands","false","offer","repurchaseShop; vendorWithoutPosition","Repurchase Ninja Gear; 1769743","1006004; 1006005; 1006006; 1025913; 1025914; 1025915; 1025916; 1025917; 1025918; 1025919; 1025920; 1025921; 1025922; 1025923; 1025924"
"16104","The Legs of the Silver Wolf","Legs","false","offer","repurchaseShop; vendorWithoutPosition","Repurchase Ninja Gear; 1769743","1006004; 1006005; 1006006; 1025913; 1025914; 1025915; 1025916; 1025917; 1025918; 1025919; 1025920; 1025921; 1025922; 1025923; 1025924"
"16105","The Feet of the Silver Wolf","Feet","false","offer","repurchaseShop; vendorWithoutPosition","Repurchase Ninja Gear; 1769743","1006004; 1006005; 1006006; 1025913; 1025914; 1025915; 1025916; 1025917; 1025918; 1025919; 1025920; 1025921; 1025922; 1025923; 1025924"
"16106","Makai Mauler's Facemask","Head","false","offer","repurchaseShop; vendorWithoutPosition","Repurchase Monk Gear; Repurchase Samurai Gear; 1769743","1006004; 1006005; 1006006; 1025913; 1025914; 1025915; 1025916; 1025917; 1025918; 1025919; 1025920; 1025921; 1025922; 1025923; 1025924"
"16107","Makai Mauler's Oilskin","Body","false","offer","repurchaseShop; vendorWithoutPosition","Repurchase Monk Gear; Repurchase Samurai Gear; 1769743","1006004; 1006005; 1006006; 1025913; 1025914; 1025915; 1025916; 1025917; 1025918; 1025919; 1025920; 1025921; 1025922; 1025923; 1025924"
"16108","Makai Mauler's Fingerless Gloves","Hands","false","offer","repurchaseShop; vendorWithoutPosition","Repurchase Monk Gear; Repurchase Samurai Gear; 1769743","1006004; 1006005; 1006006; 1025913; 1025914; 1025915; 1025916; 1025917; 1025918; 1025919; 1025920; 1025921; 1025922; 1025923; 1025924"
"16109","Makai Mauler's Leggings","Legs","false","offer","repurchaseShop; vendorWithoutPosition","Repurchase Monk Gear; Repurchase Samurai Gear; 1769743","1006004; 1006005; 1006006; 1025913; 1025914; 1025915; 1025916; 1025917; 1025918; 1025919; 1025920; 1025921; 1025922; 1025923; 1025924"
"16110","Makai Mauler's Boots","Feet","false","offer","repurchaseShop; vendorWithoutPosition","Repurchase Monk Gear; Repurchase Samurai Gear; 1769743","1006004; 1006005; 1006006; 1025913; 1025914; 1025915; 1025916; 1025917; 1025918; 1025919; 1025920; 1025921; 1025922; 1025923; 1025924"
"16111","Makai Manhandler's Facemask","Head","false","offer","repurchaseShop; vendorWithoutPosition","Repurchase Monk Gear; Repurchase Samurai Gear; 1769743","1006004; 1006005; 1006006; 1025913; 1025914; 1025915; 1025916; 1025917; 1025918; 1025919; 1025920; 1025921; 1025922; 1025923; 1025924"
"16112","Makai Manhandler's Jerkin","Body","false","offer","repurchaseShop; vendorWithoutPosition","Repurchase Monk Gear; Repurchase Samurai Gear; 1769743","1006004; 1006005; 1006006; 1025913; 1025914; 1025915; 1025916; 1025917; 1025918; 1025919; 1025920; 1025921; 1025922; 1025923; 1025924"
"16113","Makai Manhandler's Fingerless Gloves","Hands","false","offer","repurchaseShop; vendorWithoutPosition","Repurchase Monk Gear; Repurchase Samurai Gear; 1769743","1006004; 1006005; 1006006; 1025913; 1025914; 1025915; 1025916; 1025917; 1025918; 1025919; 1025920; 1025921; 1025922; 1025923; 1025924"
"16114","Makai Manhandler's Quartertights","Legs","false","offer","repurchaseShop; vendorWithoutPosition","Repurchase Monk Gear; Repurchase Samurai Gear; 1769743","1006004; 1006005; 1006006; 1025913; 1025914; 1025915; 1025916; 1025917; 1025918; 1025919; 1025920; 1025921; 1025922; 1025923; 1025924"
"16115","Makai Manhandler's Longboots","Feet","false","offer","repurchaseShop; vendorWithoutPosition","Repurchase Monk Gear; Repurchase Samurai Gear; 1769743","1006004; 1006005; 1006006; 1025913; 1025914; 1025915; 1025916; 1025917; 1025918; 1025919; 1025920; 1025921; 1025922; 1025923; 1025924"
"16116","Makai Marksman's Eyepatch","Head","false","offer","repurchaseShop; vendorWithoutPosition","Repurchase Bard Gear; Repurchase Machinist Gear; Repurchase Dancer Gear; 1769744","1006004; 1006005; 1006006; 1025913; 1025914; 1025915; 1025916; 1025917; 1025918; 1025919; 1025920; 1025921; 1025922; 1025923; 1025924"
"16117","Makai Marksman's Battlegarb","Body","false","offer","repurchaseShop; vendorWithoutPosition","Repurchase Bard Gear; Repurchase Machinist Gear; Repurchase Dancer Gear; 1769744","1006004; 1006005; 1006006; 1025913; 1025914; 1025915; 1025916; 1025917; 1025918; 1025919; 1025920; 1025921; 1025922; 1025923; 1025924"
"16118","Makai Marksman's Fingerless Gloves","Hands","false","offer","repurchaseShop; vendorWithoutPosition","Repurchase Bard Gear; Repurchase Machinist Gear; Repurchase Dancer Gear; 1769744","1006004; 1006005; 1006006; 1025913; 1025914; 1025915; 1025916; 1025917; 1025918; 1025919; 1025920; 1025921; 1025922; 1025923; 1025924"
"16119","Makai Marksman's Slops","Legs","false","offer","repurchaseShop; vendorWithoutPosition","Repurchase Bard Gear; Repurchase Machinist Gear; Repurchase Dancer Gear; 1769744","1006004; 1006005; 1006006; 1025913; 1025914; 1025915; 1025916; 1025917; 1025918; 1025919; 1025920; 1025921; 1025922; 1025923; 1025924"
"16120","Makai Marksman's Boots","Feet","false","offer","repurchaseShop; vendorWithoutPosition","Repurchase Bard Gear; Repurchase Machinist Gear; Repurchase Dancer Gear; 1769744","1006004; 1006005; 1006006; 1025913; 1025914; 1025915; 1025916; 1025917; 1025918; 1025919; 1025920; 1025921; 1025922; 1025923; 1025924"
"16121","Makai Markswoman's Ribbon","Head","false","offer","repurchaseShop; vendorWithoutPosition","Repurchase Bard Gear; Repurchase Machinist Gear; Repurchase Dancer Gear; 1769744","1006004; 1006005; 1006006; 1025913; 1025914; 1025915; 1025916; 1025917; 1025918; 1025919; 1025920; 1025921; 1025922; 1025923; 1025924"
"16122","Makai Markswoman's Battledress","Body","false","offer","repurchaseShop; vendorWithoutPosition","Repurchase Bard Gear; Repurchase Machinist Gear; Repurchase Dancer Gear; 1769744","1006004; 1006005; 1006006; 1025913; 1025914; 1025915; 1025916; 1025917; 1025918; 1025919; 1025920; 1025921; 1025922; 1025923; 1025924"
"16123","Makai Markswoman's Fingerless Gloves","Hands","false","offer","repurchaseShop; vendorWithoutPosition","Repurchase Bard Gear; Repurchase Machinist Gear; Repurchase Dancer Gear; 1769744","1006004; 1006005; 1006006; 1025913; 1025914; 1025915; 1025916; 1025917; 1025918; 1025919; 1025920; 1025921; 1025922; 1025923; 1025924"
"16124","Makai Markswoman's Quartertights","Legs","false","offer","repurchaseShop; vendorWithoutPosition","Repurchase Bard Gear; Repurchase Machinist Gear; Repurchase Dancer Gear; 1769744","1006004; 1006005; 1006006; 1025913; 1025914; 1025915; 1025916; 1025917; 1025918; 1025919; 1025920; 1025921; 1025922; 1025923; 1025924"
"16125","Makai Markswoman's Longboots","Feet","false","offer","repurchaseShop; vendorWithoutPosition","Repurchase Bard Gear; Repurchase Machinist Gear; Repurchase Dancer Gear; 1769744","1006004; 1006005; 1006006; 1025913; 1025914; 1025915; 1025916; 1025917; 1025918; 1025919; 1025920; 1025921; 1025922; 1025923; 1025924"
"16126","Makai Sun Guide's Circlet","Head","false","offer","repurchaseShop; vendorWithoutPosition","Repurchase White Mage Gear; Repurchase Scholar Gear; Repurchase Astrologian Gear; Repurchase Sage Gear; 1769744","1006004; 1006005; 1006006; 1025913; 1025914; 1025915; 1025916; 1025917; 1025918; 1025919; 1025920; 1025921; 1025922; 1025923; 1025924"
"16127","Makai Sun Guide's Oilskin","Body","false","offer","repurchaseShop; vendorWithoutPosition","Repurchase White Mage Gear; Repurchase Scholar Gear; Repurchase Astrologian Gear; Repurchase Sage Gear; 1769744","1006004; 1006005; 1006006; 1025913; 1025914; 1025915; 1025916; 1025917; 1025918; 1025919; 1025920; 1025921; 1025922; 1025923; 1025924"
"16128","Makai Sun Guide's Fingerless Gloves","Hands","false","offer","repurchaseShop; vendorWithoutPosition","Repurchase White Mage Gear; Repurchase Scholar Gear; Repurchase Astrologian Gear; Repurchase Sage Gear; 1769744","1006004; 1006005; 1006006; 1025913; 1025914; 1025915; 1025916; 1025917; 1025918; 1025919; 1025920; 1025921; 1025922; 1025923; 1025924"
"16129","Makai Sun Guide's Slops","Legs","false","offer","repurchaseShop; vendorWithoutPosition","Repurchase White Mage Gear; Repurchase Scholar Gear; Repurchase Astrologian Gear; Repurchase Sage Gear; 1769744","1006004; 1006005; 1006006; 1025913; 1025914; 1025915; 1025916; 1025917; 1025918; 1025919; 1025920; 1025921; 1025922; 1025923; 1025924"
"16130","Makai Sun Guide's Boots","Feet","false","offer","repurchaseShop; vendorWithoutPosition","Repurchase White Mage Gear; Repurchase Scholar Gear; Repurchase Astrologian Gear; Repurchase Sage Gear; 1769744","1006004; 1006005; 1006006; 1025913; 1025914; 1025915; 1025916; 1025917; 1025918; 1025919; 1025920; 1025921; 1025922; 1025923; 1025924"
"16131","Makai Moon Guide's Circlet","Head","false","offer","repurchaseShop; vendorWithoutPosition","Repurchase White Mage Gear; Repurchase Scholar Gear; Repurchase Astrologian Gear; Repurchase Sage Gear; 1769744","1006004; 1006005; 1006006; 1025913; 1025914; 1025915; 1025916; 1025917; 1025918; 1025919; 1025920; 1025921; 1025922; 1025923; 1025924"
"16132","Makai Moon Guide's Gown","Body","false","offer","repurchaseShop; vendorWithoutPosition","Repurchase White Mage Gear; Repurchase Scholar Gear; Repurchase Astrologian Gear; Repurchase Sage Gear; 1769744","1006004; 1006005; 1006006; 1025913; 1025914; 1025915; 1025916; 1025917; 1025918; 1025919; 1025920; 1025921; 1025922; 1025923; 1025924"
"16133","Makai Moon Guide's Fingerless Gloves","Hands","false","offer","repurchaseShop; vendorWithoutPosition","Repurchase White Mage Gear; Repurchase Scholar Gear; Repurchase Astrologian Gear; Repurchase Sage Gear; 1769744","1006004; 1006005; 1006006; 1025913; 1025914; 1025915; 1025916; 1025917; 1025918; 1025919; 1025920; 1025921; 1025922; 1025923; 1025924"
"16134","Makai Moon Guide's Quartertights","Legs","false","offer","repurchaseShop; vendorWithoutPosition","Repurchase White Mage Gear; Repurchase Scholar Gear; Repurchase Astrologian Gear; Repurchase Sage Gear; 1769744","1006004; 1006005; 1006006; 1025913; 1025914; 1025915; 1025916; 1025917; 1025918; 1025919; 1025920; 1025921; 1025922; 1025923; 1025924"
"16135","Makai Moon Guide's Longboots","Feet","false","offer","repurchaseShop; vendorWithoutPosition","Repurchase White Mage Gear; Repurchase Scholar Gear; Repurchase Astrologian Gear; Repurchase Sage Gear; 1769744","1006004; 1006005; 1006006; 1025913; 1025914; 1025915; 1025916; 1025917; 1025918; 1025919; 1025920; 1025921; 1025922; 1025923; 1025924"
"16136","Makai Priest's Coronet","Head","false","offer","repurchaseShop; vendorWithoutPosition","Repurchase Black Mage Gear; Repurchase Summoner Gear; Repurchase Red Mage Gear; 1769744","1006004; 1006005; 1006006; 1025913; 1025914; 1025915; 1025916; 1025917; 1025918; 1025919; 1025920; 1025921; 1025922; 1025923; 1025924"
"16137","Makai Priest's Doublet Robe","Body","false","offer","repurchaseShop; vendorWithoutPosition","Repurchase Black Mage Gear; Repurchase Summoner Gear; Repurchase Red Mage Gear; 1769744","1006004; 1006005; 1006006; 1025913; 1025914; 1025915; 1025916; 1025917; 1025918; 1025919; 1025920; 1025921; 1025922; 1025923; 1025924"
"16138","Makai Priest's Fingerless Gloves","Hands","false","offer","repurchaseShop; vendorWithoutPosition","Repurchase Black Mage Gear; Repurchase Summoner Gear; Repurchase Red Mage Gear; 1769744","1006004; 1006005; 1006006; 1025913; 1025914; 1025915; 1025916; 1025917; 1025918; 1025919; 1025920; 1025921; 1025922; 1025923; 1025924"
"16139","Makai Priest's Slops","Legs","false","offer","repurchaseShop; vendorWithoutPosition","Repurchase Black Mage Gear; Repurchase Summoner Gear; Repurchase Red Mage Gear; 1769744","1006004; 1006005; 1006006; 1025913; 1025914; 1025915; 1025916; 1025917; 1025918; 1025919; 1025920; 1025921; 1025922; 1025923; 1025924"
"16140","Makai Priest's Boots","Feet","false","offer","repurchaseShop; vendorWithoutPosition","Repurchase Black Mage Gear; Repurchase Summoner Gear; Repurchase Red Mage Gear; 1769744","1006004; 1006005; 1006006; 1025913; 1025914; 1025915; 1025916; 1025917; 1025918; 1025919; 1025920; 1025921; 1025922; 1025923; 1025924"
"16141","Makai Priestess's Headdress","Head","false","offer","repurchaseShop; vendorWithoutPosition","Repurchase Black Mage Gear; Repurchase Summoner Gear; Repurchase Red Mage Gear; 1769744","1006004; 1006005; 1006006; 1025913; 1025914; 1025915; 1025916; 1025917; 1025918; 1025919; 1025920; 1025921; 1025922; 1025923; 1025924"
"16142","Makai Priestess's Jerkin","Body","false","offer","repurchaseShop; vendorWithoutPosition","Repurchase Black Mage Gear; Repurchase Summoner Gear; Repurchase Red Mage Gear; 1769744","1006004; 1006005; 1006006; 1025913; 1025914; 1025915; 1025916; 1025917; 1025918; 1025919; 1025920; 1025921; 1025922; 1025923; 1025924"
"16143","Makai Priestess's Fingerless Gloves","Hands","false","offer","repurchaseShop; vendorWithoutPosition","Repurchase Black Mage Gear; Repurchase Summoner Gear; Repurchase Red Mage Gear; 1769744","1006004; 1006005; 1006006; 1025913; 1025914; 1025915; 1025916; 1025917; 1025918; 1025919; 1025920; 1025921; 1025922; 1025923; 1025924"
"16144","Makai Priestess's Skirt","Legs","false","offer","repurchaseShop; vendorWithoutPosition","Repurchase Black Mage Gear; Repurchase Summoner Gear; Repurchase Red Mage Gear; 1769744","1006004; 1006005; 1006006; 1025913; 1025914; 1025915; 1025916; 1025917; 1025918; 1025919; 1025920; 1025921; 1025922; 1025923; 1025924"
"16145","Makai Priestess's Longboots","Feet","false","offer","repurchaseShop; vendorWithoutPosition","Repurchase Black Mage Gear; Repurchase Summoner Gear; Repurchase Red Mage Gear; 1769744","1006004; 1006005; 1006006; 1025913; 1025914; 1025915; 1025916; 1025917; 1025918; 1025919; 1025920; 1025921; 1025922; 1025923; 1025924"
"16251","Shire Sword","Gladiator's Arm","false","","No collected source","",""
"16252","Shire Cesti","Pugilist's Arm","false","","No collected source","",""
"16253","Shire Bhuj","Marauder's Arm","false","","No collected source","",""
"16254","Shire Halberd","Lancer's Arm","false","","No collected source","",""
"16255","Shire Longbow","Archer's Arm","false","","No collected source","",""
"16256","Shire Knives","Rogue's Arm","false","","No collected source","",""
"16257","Shire Greatsword","Dark Knight's Arm","false","","No collected source","",""
"16258","Shire Musketoon","Machinist's Arm","false","","No collected source","",""
"16259","Shire Crook","Two–handed Conjurer's Arm","false","","No collected source","",""
"16260","Shire Rod","Two–handed Thaumaturge's Arm","false","","No collected source","",""
"16261","Shire Grimoire","Arcanist's Grimoire","false","","No collected source","",""
"16262","Shire Codex","Scholar's Arm","false","","No collected source","",""
"16263","Shire Astrometer","Astrologian's Arm","false","","No collected source","",""
"16264","Shire Shield","Shield","false","","No collected source","",""
"16265","Shire Custodian's Circlet","Head","false","","No collected source","",""
"16266","Shire Custodian's Armor","Body","false","","No collected source","",""
"16267","Shire Custodian's Gauntlets","Hands","false","","No collected source","",""
"16268","Shire Custodian's Hose","Legs","false","","No collected source","",""
"16269","Shire Custodian's Sollerets","Feet","false","","No collected source","",""
"16271","Shire Pathfinder's Circlet","Head","false","","No collected source","",""
"16272","Shire Pathfinder's Armor","Body","false","","No collected source","",""
"16273","Shire Pathfinder's Gauntlets","Hands","false","","No collected source","",""
"16274","Shire Pathfinder's Hose","Legs","false","","No collected source","",""
"16275","Shire Pathfinder's Sollerets","Feet","false","","No collected source","",""
"16277","Shire Pankratiast's Headband","Head","false","","No collected source","",""
"16278","Shire Pankratiast's Jacket","Body","false","","No collected source","",""
"16279","Shire Pankratiast's Gloves","Hands","false","","No collected source","",""
"16280","Shire Pankratiast's Hose","Legs","false","","No collected source","",""
"16281","Shire Pankratiast's Boots","Feet","false","","No collected source","",""
"16283","Shire Conservator's Hat","Head","false","","No collected source","",""
"16284","Shire Conservator's Coat","Body","false","","No collected source","",""
"16285","Shire Conservator's Gloves","Hands","false","","No collected source","",""
"16286","Shire Conservator's Hose","Legs","false","","No collected source","",""
"16287","Shire Conservator's Thighboots","Feet","false","","No collected source","",""
"16289","Shire Emissary's Headband","Head","false","","No collected source","",""
"16290","Shire Emissary's Jacket","Body","false","","No collected source","",""
"16291","Shire Emissary's Gloves","Hands","false","","No collected source","",""
"16292","Shire Emissary's Hose","Legs","false","","No collected source","",""
"16293","Shire Emissary's Thighboots","Feet","false","","No collected source","",""
"16295","Shire Preceptor's Hat","Head","false","","No collected source","",""
"16296","Shire Preceptor's Coat","Body","false","","No collected source","",""
"16297","Shire Preceptor's Gloves","Hands","false","","No collected source","",""
"16298","Shire Preceptor's Hose","Legs","false","","No collected source","",""
"16299","Shire Preceptor's Thighboots","Feet","false","","No collected source","",""
"16301","Shire Philosopher's Hat","Head","false","","No collected source","",""
"16302","Shire Philosopher's Coat","Body","false","","No collected source","",""
"16303","Shire Philosopher's Gloves","Hands","false","","No collected source","",""
"16304","Shire Philosopher's Hose","Legs","false","","No collected source","",""
"16305","Shire Philosopher's Thighboots","Feet","false","","No collected source","",""
"16307","Shire Custodian's Earrings","Earrings","false","","No collected source","",""
"16308","Shire Pankratiast's Earring","Earrings","false","","No collected source","",""
"16309","Shire Conservator's Earrings","Earrings","false","","No collected source","",""
"16310","Shire Preceptor's Earrings","Earrings","false","","No collected source","",""
"16311","Shire Philosopher's Earring","Earrings","false","","No collected source","",""
"16312","Shire Custodian's Choker","Necklace","false","","No collected source","",""
"16313","Shire Pankratiast's Choker","Necklace","false","","No collected source","",""
"16314","Shire Conservator's Choker","Necklace","false","","No collected source","",""
"16315","Shire Preceptor's Choker","Necklace","false","","No collected source","",""
"16316","Shire Philosopher's Choker","Necklace","false","","No collected source","",""
"16317","Shire Custodian's Bracelet","Bracelets","false","","No collected source","",""
"16318","Shire Pankratiast's Bracelets","Bracelets","false","","No collected source","",""
"16319","Shire Conservator's Bracelet","Bracelets","false","","No collected source","",""
"16320","Shire Preceptor's Bracelets","Bracelets","false","","No collected source","",""
"16321","Shire Philosopher's Bracelets","Bracelets","false","","No collected source","",""
"16322","Shire Custodian's Ring","Ring","false","","No collected source","",""
"16323","Shire Pankratiast's Ring","Ring","false","","No collected source","",""
"16324","Shire Conservator's Ring","Ring","false","","No collected source","",""
"16325","Shire Preceptor's Ring","Ring","false","","No collected source","",""
"16326","Shire Philosopher's Ring","Ring","false","","No collected source","",""
"16602","Eaglewing Crown","Head","false","","No collected source","",""
"16603","Eaglewing Coat","Body","false","","No collected source","",""
"16604","Eaglewing Gauntlets","Hands","false","","No collected source","",""
"16605","Eaglewing Breeches","Legs","false","","No collected source","",""
"16606","Eaglewing Boots","Feet","false","","No collected source","",""
"16607","Eaglebeak Crown","Head","false","","No collected source","",""
"16608","Eaglebeak Coat","Body","false","","No collected source","",""
"16609","Eaglebeak Gauntlets","Hands","false","","No collected source","",""
"16610","Eaglebeak Breeches","Legs","false","","No collected source","",""
"16611","Eaglebeak Boots","Feet","false","","No collected source","",""
"16612","Starlight Robe","Body","false","offer","repurchaseShop","Purchase Starlight Celebration Items","1017613; 1017614; 1017615; 1025913; 1025914; 1025915; 1025916; 1025917; 1025918; 1025919; 1025920; 1025921; 1025922; 1025923; 1025924"
"16613","Vampire's Vest","Body","false","offer","repurchaseShop","Purchase All Saints' Wake Items","1017613; 1017614; 1017615; 1025913; 1025914; 1025915; 1025916; 1025917; 1025918; 1025919; 1025920; 1025921; 1025922; 1025923; 1025924"
"16614","Red Tori Kabuto","Head","false","offer","repurchaseShop","Purchase Heavensturn Items","1017613; 1017614; 1017615; 1025913; 1025914; 1025915; 1025916; 1025917; 1025918; 1025919; 1025920; 1025921; 1025922; 1025923; 1025924"
"16615","Black Tori Kabuto","Head","false","offer","repurchaseShop","Purchase Heavensturn Items","1017613; 1017614; 1017615; 1025913; 1025914; 1025915; 1025916; 1025917; 1025918; 1025919; 1025920; 1025921; 1025922; 1025923; 1025924"
"16785","Ornate Ironworks Cap of Gathering","Head","false","","No collected source","",""
"16786","Ornate Ironworks Vest of Gathering","Body","false","","No collected source","",""
"16787","Ornate Ironworks Gloves of Gathering","Hands","false","","No collected source","",""
"16788","Ornate Ironworks Slops of Gathering","Legs","false","","No collected source","",""
"16789","Ornate Ironworks Boots of Gathering","Feet","false","","No collected source","",""
"16790","Ornate Ironworks Cap of Crafting","Head","false","","No collected source","",""
"16791","Ornate Ironworks Apron of Crafting","Body","false","","No collected source","",""
"16792","Ornate Ironworks Sleeves of Crafting","Hands","false","","No collected source","",""
"16793","Ornate Ironworks Breeches of Crafting","Legs","false","","No collected source","",""
"16794","Ornate Ironworks Boots of Crafting","Feet","false","","No collected source","",""
"16835","Sunstreak Helm of Fending","Head","false","","No collected source","",""
"16836","Sunstreak Coat of Fending","Body","false","","No collected source","",""
"16837","Sunstreak Gauntlets of Fending","Hands","false","","No collected source","",""
"16839","Sunstreak Gaskins of Fending","Legs","false","","No collected source","",""
"16840","Sunstreak Boots of Fending","Feet","false","","No collected source","",""
"16841","Sunstreak Helm of Maiming","Head","false","","No collected source","",""
"16842","Sunstreak Coat of Maiming","Body","false","","No collected source","",""
"16843","Sunstreak Gauntlets of Maiming","Hands","false","","No collected source","",""
"16845","Sunstreak Gaskins of Maiming","Legs","false","","No collected source","",""
"16846","Sunstreak Boots of Maiming","Feet","false","","No collected source","",""
"16847","Sunstreak Mask of Striking","Head","false","","No collected source","",""
"16848","Sunstreak Jacket of Striking","Body","false","","No collected source","",""
"16849","Sunstreak Gloves of Striking","Hands","false","","No collected source","",""
"16851","Sunstreak Trousers of Striking","Legs","false","","No collected source","",""
"16852","Sunstreak Boots of Striking","Feet","false","","No collected source","",""
"16853","Sunstreak Beret of Aiming","Head","false","","No collected source","",""
"16854","Sunstreak Vest of Aiming","Body","false","","No collected source","",""
"16855","Sunstreak Gloves of Aiming","Hands","false","","No collected source","",""
"16857","Sunstreak Halfslops of Aiming","Legs","false","","No collected source","",""
"16858","Sunstreak Boots of Aiming","Feet","false","","No collected source","",""
"16859","Sunstreak Mask of Scouting","Head","false","","No collected source","",""
"16860","Sunstreak Jacket of Scouting","Body","false","","No collected source","",""
"16861","Sunstreak Gloves of Scouting","Hands","false","","No collected source","",""
"16863","Sunstreak Trousers of Scouting","Legs","false","","No collected source","",""
"16864","Sunstreak Boots of Scouting","Feet","false","","No collected source","",""
"16865","Sunstreak Cap of Healing","Head","false","","No collected source","",""
"16866","Sunstreak Coat of Healing","Body","false","","No collected source","",""
"16867","Sunstreak Gloves of Healing","Hands","false","","No collected source","",""
"16869","Sunstreak Bottoms of Healing","Legs","false","","No collected source","",""
"16870","Sunstreak Shoes of Healing","Feet","false","","No collected source","",""
"16871","Sunstreak Cap of Casting","Head","false","","No collected source","",""
"16872","Sunstreak Coat of Casting","Body","false","","No collected source","",""
"16873","Sunstreak Gloves of Casting","Hands","false","","No collected source","",""
"16875","Sunstreak Bottoms of Casting","Legs","false","","No collected source","",""
"16876","Sunstreak Shoes of Casting","Feet","false","","No collected source","",""
"16877","Sunstreak Necklace of Fending","Necklace","false","","No collected source","",""
"16878","Sunstreak Armillae of Fending","Bracelets","false","","No collected source","",""
"16879","Sunstreak Earring of Fending","Earrings","false","","No collected source","",""
"16880","Sunstreak Ring of Fending","Ring","false","","No collected source","",""
"16881","Sunstreak Necklace of Slaying","Necklace","false","","No collected source","",""
"16882","Sunstreak Armillae of Slaying","Bracelets","false","","No collected source","",""
"16883","Sunstreak Earring of Slaying","Earrings","false","","No collected source","",""
"16884","Sunstreak Ring of Slaying","Ring","false","","No collected source","",""
"16885","Sunstreak Necklace of Aiming","Necklace","false","","No collected source","",""
"16886","Sunstreak Armillae of Aiming","Bracelets","false","","No collected source","",""
"16887","Sunstreak Earring of Aiming","Earrings","false","","No collected source","",""
"16888","Sunstreak Ring of Aiming","Ring","false","","No collected source","",""
"16889","Sunstreak Necklace of Healing","Necklace","false","","No collected source","",""
"16890","Sunstreak Armillae of Healing","Bracelets","false","","No collected source","",""
"16891","Sunstreak Earring of Healing","Earrings","false","","No collected source","",""
"16892","Sunstreak Ring of Healing","Ring","false","","No collected source","",""
"16893","Sunstreak Necklace of Casting","Necklace","false","","No collected source","",""
"16894","Sunstreak Armillae of Casting","Bracelets","false","","No collected source","",""
"16895","Sunstreak Earring of Casting","Earrings","false","","No collected source","",""
"16896","Sunstreak Ring of Casting","Ring","false","","No collected source","",""
"16899","Ornate Heavy Metal Cuirass of Fending","Body","false","","No collected source","",""
"16900","Ornate Heavy Metal Cuirass of Maiming","Body","false","","No collected source","",""
"16901","Ornate Star Velvet Tabard of Striking","Body","false","","No collected source","",""
"16902","Ornate Star Velvet Tabard of Aiming","Body","false","","No collected source","",""
"16903","Ornate Star Velvet Tabard of Scouting","Body","false","","No collected source","",""
"16904","Ornate Star Velvet Himation of Healing","Body","false","","No collected source","",""
"16905","Ornate Star Velvet Himation of Casting","Body","false","","No collected source","",""
"17138","Makai Choker of Fending","Necklace","false","offer","vendorWithoutPosition","1769743",""
"17139","Makai Bracelet of Fending","Bracelets","false","offer","vendorWithoutPosition","1769743",""
"17140","Makai Earring of Fending","Earrings","false","offer","vendorWithoutPosition","1769743",""
"17141","Makai Ring of Fending","Ring","false","offer","vendorWithoutPosition","1769743",""
"17142","Makai Choker of Slaying","Necklace","false","offer","vendorWithoutPosition","1769743",""
"17143","Makai Bracelet of Slaying","Bracelets","false","offer","vendorWithoutPosition","1769743",""
"17144","Makai Earring of Slaying","Earrings","false","offer","vendorWithoutPosition","1769743",""
"17145","Makai Ring of Slaying","Ring","false","offer","vendorWithoutPosition","1769743",""
"17146","Makai Choker of Aiming","Necklace","false","offer","vendorWithoutPosition","1769744",""
"17147","Makai Bracelet of Aiming","Bracelets","false","offer","vendorWithoutPosition","1769744",""
"17148","Makai Earring of Aiming","Earrings","false","offer","vendorWithoutPosition","1769744",""
"17149","Makai Ring of Aiming","Ring","false","offer","vendorWithoutPosition","1769744",""
"17150","Makai Choker of Healing","Necklace","false","offer","vendorWithoutPosition","1769744",""
"17151","Makai Bracelet of Healing","Bracelets","false","offer","vendorWithoutPosition","1769744",""
"17152","Makai Earring of Healing","Earrings","false","offer","vendorWithoutPosition","1769744",""
"17153","Makai Ring of Healing","Ring","false","offer","vendorWithoutPosition","1769744",""
"17154","Makai Choker of Casting","Necklace","false","offer","vendorWithoutPosition","1769744",""
"17155","Makai Bracelet of Casting","Bracelets","false","offer","vendorWithoutPosition","1769744",""
"17156","Makai Earring of Casting","Earrings","false","offer","vendorWithoutPosition","1769744",""
"17157","Makai Ring of Casting","Ring","false","offer","vendorWithoutPosition","1769744",""
"17244","Sunburst Helm of Fending","Head","false","","No collected source","",""
"17245","Sunburst Cuirass of Fending","Body","false","","No collected source","",""
"17246","Sunburst Gauntlets of Fending","Hands","false","","No collected source","",""
"17248","Sunburst Breeches of Fending","Legs","false","","No collected source","",""
"17249","Sunburst Sabatons of Fending","Feet","false","","No collected source","",""
"17250","Sunburst Headgear of Maiming","Head","false","","No collected source","",""
"17251","Sunburst Corselet of Maiming","Body","false","","No collected source","",""
"17252","Sunburst Armguard of Maiming","Hands","false","","No collected source","",""
"17254","Sunburst Brais of Maiming","Legs","false","","No collected source","",""
"17255","Sunburst Leg Guards of Maiming","Feet","false","","No collected source","",""
"17256","Sunburst Headgear of Striking","Head","false","","No collected source","",""
"17257","Sunburst Corselet of Striking","Body","false","","No collected source","",""
"17258","Sunburst Armguards of Striking","Hands","false","","No collected source","",""
"17260","Sunburst Brais of Striking","Legs","false","","No collected source","",""
"17261","Sunburst Leg Guards of Striking","Feet","false","","No collected source","",""
"17262","Sunburst Hat of Aiming","Head","false","","No collected source","",""
"17263","Sunburst Acton of Aiming","Body","false","","No collected source","",""
"17264","Sunburst Sleeves of Aiming","Hands","false","","No collected source","",""
"17266","Sunburst Culottes of Aiming","Legs","false","","No collected source","",""
"17267","Sunburst Thighboots of Aiming","Feet","false","","No collected source","",""
"17268","Sunburst Hat of Scouting","Head","false","","No collected source","",""
"17269","Sunburst Acton of Scouting","Body","false","","No collected source","",""
"17270","Sunburst Sleeves of Scouting","Hands","false","","No collected source","",""
"17272","Sunburst Culottes of Scouting","Legs","false","","No collected source","",""
"17273","Sunburst Thighboots of Scouting","Feet","false","","No collected source","",""
"17274","Sunburst Hat of Healing","Head","false","","No collected source","",""
"17275","Sunburst Acton of Healing","Body","false","","No collected source","",""
"17276","Sunburst Sleeves of Healing","Hands","false","","No collected source","",""
"17278","Sunburst Skirt of Healing","Legs","false","","No collected source","",""
"17279","Sunburst Boots of Healing","Feet","false","","No collected source","",""
"17280","Sunburst Headgear of Casting","Head","false","","No collected source","",""
"17281","Sunburst Corselet of Casting","Body","false","","No collected source","",""
"17282","Sunburst Armguards of Casting","Hands","false","","No collected source","",""
"17284","Sunburst Skirt of Casting","Legs","false","","No collected source","",""
"17285","Sunburst Boots of Casting","Feet","false","","No collected source","",""
"17286","Sunburst Necklace of Fending","Necklace","false","","No collected source","",""
"17287","Sunburst Armillae of Fending","Bracelets","false","","No collected source","",""
"17288","Sunburst Earring of Fending","Earrings","false","","No collected source","",""
"17289","Sunburst Ring of Fending","Ring","false","","No collected source","",""
"17290","Sunburst Necklace of Slaying","Necklace","false","","No collected source","",""
"17291","Sunburst Armillae of Slaying","Bracelets","false","","No collected source","",""
"17292","Sunburst Earring of Slaying","Earrings","false","","No collected source","",""
"17293","Sunburst Ring of Slaying","Ring","false","","No collected source","",""
"17294","Sunburst Necklace of Aiming","Necklace","false","","No collected source","",""
"17295","Sunburst Armillae of Aiming","Bracelets","false","","No collected source","",""
"17296","Sunburst Earring of Aiming","Earrings","false","","No collected source","",""
"17297","Sunburst Ring of Aiming","Ring","false","","No collected source","",""
"17298","Sunburst Necklace of Healing","Necklace","false","","No collected source","",""
"17299","Sunburst Armillae of Healing","Bracelets","false","","No collected source","",""
"17300","Sunburst Earring of Healing","Earrings","false","","No collected source","",""
"17301","Sunburst Ring of Healing","Ring","false","","No collected source","",""
"17302","Sunburst Necklace of Casting","Necklace","false","","No collected source","",""
"17303","Sunburst Armillae of Casting","Bracelets","false","","No collected source","",""
"17304","Sunburst Earring of Casting","Earrings","false","","No collected source","",""
"17305","Sunburst Ring of Casting","Ring","false","","No collected source","",""
"17470","Inferno Jacket","Body","false","","No collected source","",""
"17491","Scion Adventurer's Monocle","Head","false","offer","repurchaseShop","Purchase Quest Rewards I","1006004; 1006005; 1006006; 1025913; 1025914; 1025915; 1025916; 1025917; 1025918; 1025919; 1025920; 1025921; 1025922; 1025923; 1025924"
"17492","Scion Adventurer's Jacket","Body","false","offer","repurchaseShop","Purchase Quest Rewards I","1006004; 1006005; 1006006; 1025913; 1025914; 1025915; 1025916; 1025917; 1025918; 1025919; 1025920; 1025921; 1025922; 1025923; 1025924"
"17493","Scion Adventurer's Bottoms","Legs","false","offer","repurchaseShop","Purchase Quest Rewards I","1006004; 1006005; 1006006; 1025913; 1025914; 1025915; 1025916; 1025917; 1025918; 1025919; 1025920; 1025921; 1025922; 1025923; 1025924"
"17494","Scion Adventurer's Boots","Feet","false","offer","repurchaseShop","Purchase Quest Rewards I","1006004; 1006005; 1006006; 1025913; 1025914; 1025915; 1025916; 1025917; 1025918; 1025919; 1025920; 1025921; 1025922; 1025923; 1025924"
"17495","Paissa Earring","Earrings","false","","No collected source","",""
"17496","Leonhart Jacket","Body","false","","No collected source","",""
"17497","Leonhart Gloves","Hands","false","","No collected source","",""
"17498","Leonhart Bottoms","Legs","false","","No collected source","",""
"17499","Leonhart Boots","Feet","false","","No collected source","",""
"17663","Lone Hellhound Earring","Earrings","false","","No collected source","",""
"17664","Pack Hellhound Earring","Earrings","false","","No collected source","",""
"17671","Lone Faehound Earring","Earrings","false","","No collected source","",""
"17672","Pack Faehound Earring","Earrings","false","","No collected source","",""
"17679","Redbill Scarf","Necklace","false","offer","repurchaseShop","Purchase Quest Rewards I","1006004; 1006005; 1006006; 1025913; 1025914; 1025915; 1025916; 1025917; 1025918; 1025919; 1025920; 1025921; 1025922; 1025923; 1025924"
"17703","Scholasticate Coat","Body","false","offer","repurchaseShop","Purchase Quest Rewards I","1006004; 1006005; 1006006; 1025913; 1025914; 1025915; 1025916; 1025917; 1025918; 1025919; 1025920; 1025921; 1025922; 1025923; 1025924"
"17717","Inspector's Eyeglasses","Head","false","offer","repurchaseShop","Purchase Quest Rewards I","1006004; 1006005; 1006006; 1025913; 1025914; 1025915; 1025916; 1025917; 1025918; 1025919; 1025920; 1025921; 1025922; 1025923; 1025924"
"17740","Soul of the Red Mage","Soul Crystal","false","","No collected source","",""
"17741","Soul of the Samurai","Soul Crystal","false","","No collected source","",""
"19203","Lost Allagan Saber","Gladiator's Arm","false","","No collected source","",""
"19204","Lost Allagan Knuckles","Pugilist's Arm","false","","No collected source","",""
"19205","Lost Allagan Battleaxe","Marauder's Arm","false","","No collected source","",""
"19206","Lost Allagan Halberd","Lancer's Arm","false","","No collected source","",""
"19207","Lost Allagan Composite Bow","Archer's Arm","false","","No collected source","",""
"19208","Lost Allagan Jambiyas","Rogue's Arm","false","","No collected source","",""
"19209","Lost Allagan Claymore","Dark Knight's Arm","false","","No collected source","",""
"19210","Lost Allagan Pistol","Machinist's Arm","false","","No collected source","",""
"19211","Lost Allagan Cane","Two–handed Conjurer's Arm","false","","No collected source","",""
"19212","Lost Allagan Rod","Two–handed Thaumaturge's Arm","false","","No collected source","",""
"19213","Lost Allagan Grimoire","Arcanist's Grimoire","false","","No collected source","",""
"19214","Lost Allagan Codex","Scholar's Arm","false","","No collected source","",""
"19215","Lost Allagan Astrometer","Astrologian's Arm","false","","No collected source","",""
"19216","Lost Allagan Katana","Samurai's Arm","false","","No collected source","",""
"19217","Lost Allagan Foil","Red Mage's Arm","false","","No collected source","",""
"19218","Lost Allagan Shield","Shield","false","","No collected source","",""
"19219","Lost Allagan Helm of Fending","Head","false","","No collected source","",""
"19220","Lost Allagan Surcoat of Fending","Body","false","","No collected source","",""
"19221","Lost Allagan Gauntlets of Fending","Hands","false","","No collected source","",""
"19222","Lost Allagan Trousers of Fending","Legs","false","","No collected source","",""
"19223","Lost Allagan Sabatons of Fending","Feet","false","","No collected source","",""
"19225","Lost Allagan Helm of Maiming","Head","false","","No collected source","",""
"19226","Lost Allagan Surcoat of Maiming","Body","false","","No collected source","",""
"19227","Lost Allagan Gloves of Maiming","Hands","false","","No collected source","",""
"19228","Lost Allagan Pantaloons of Maiming","Legs","false","","No collected source","",""
"19229","Lost Allagan Sabatons of Maiming","Feet","false","","No collected source","",""
"19231","Lost Allagan Headgear of Striking","Head","false","","No collected source","",""
"19232","Lost Allagan Coat of Striking","Body","false","","No collected source","",""
"19233","Lost Allagan Gloves of Striking","Hands","false","","No collected source","",""
"19234","Lost Allagan Breeches of Striking","Legs","false","","No collected source","",""
"19235","Lost Allagan Thighboots of Striking","Feet","false","","No collected source","",""
"19237","Lost Allagan Helm of Aiming","Head","false","","No collected source","",""
"19238","Lost Allagan Jacket of Aiming","Body","false","","No collected source","",""
"19239","Lost Allagan Gloves of Aiming","Hands","false","","No collected source","",""
"19240","Lost Allagan Breeches of Aiming","Legs","false","","No collected source","",""
"19241","Lost Allagan Thighboots of Aiming","Feet","false","","No collected source","",""
"19243","Lost Allagan Headgear of Scouting","Head","false","","No collected source","",""
"19244","Lost Allagan Jacket of Scouting","Body","false","","No collected source","",""
"19245","Lost Allagan Gloves of Scouting","Hands","false","","No collected source","",""
"19246","Lost Allagan Pantaloons of Scouting","Legs","false","","No collected source","",""
"19247","Lost Allagan Sabatons of Scouting","Feet","false","","No collected source","",""
"19249","Lost Allagan Helm of Healing","Head","false","","No collected source","",""
"19250","Lost Allagan Coat of Healing","Body","false","","No collected source","",""
"19251","Lost Allagan Gloves of Healing","Hands","false","","No collected source","",""
"19252","Lost Allagan Pantaloons of Healing","Legs","false","","No collected source","",""
"19253","Lost Allagan Sabatons of Healing","Feet","false","","No collected source","",""
"19255","Lost Allagan Helm of Casting","Head","false","","No collected source","",""
"19256","Lost Allagan Coat of Casting","Body","false","","No collected source","",""
"19257","Lost Allagan Gloves of Casting","Hands","false","","No collected source","",""
"19258","Lost Allagan Pantaloons of Casting","Legs","false","","No collected source","",""
"19259","Lost Allagan Sabatons of Casting","Feet","false","","No collected source","",""
"19261","Lost Allagan Earrings of Fending","Earrings","false","","No collected source","",""
"19262","Lost Allagan Earrings of Slaying","Earrings","false","","No collected source","",""
"19263","Lost Allagan Earrings of Aiming","Earrings","false","","No collected source","",""
"19264","Lost Allagan Earrings of Healing","Earrings","false","","No collected source","",""
"19265","Lost Allagan Earrings of Casting","Earrings","false","","No collected source","",""
"19266","Lost Allagan Choker of Fending","Necklace","false","","No collected source","",""
"19267","Lost Allagan Choker of Slaying","Necklace","false","","No collected source","",""
"19268","Lost Allagan Choker of Aiming","Necklace","false","","No collected source","",""
"19269","Lost Allagan Choker of Healing","Necklace","false","","No collected source","",""
"19270","Lost Allagan Choker of Casting","Necklace","false","","No collected source","",""
"19271","Lost Allagan Bracelet of Fending","Bracelets","false","","No collected source","",""
"19272","Lost Allagan Bracelet of Slaying","Bracelets","false","","No collected source","",""
"19273","Lost Allagan Bracelet of Aiming","Bracelets","false","","No collected source","",""
"19274","Lost Allagan Bracelet of Healing","Bracelets","false","","No collected source","",""
"19275","Lost Allagan Bracelet of Casting","Bracelets","false","","No collected source","",""
"19276","Lost Allagan Ring of Fending","Ring","false","","No collected source","",""
"19277","Lost Allagan Ring of Slaying","Ring","false","","No collected source","",""
"19278","Lost Allagan Ring of Aiming","Ring","false","","No collected source","",""
"19279","Lost Allagan Ring of Healing","Ring","false","","No collected source","",""
"19280","Lost Allagan Ring of Casting","Ring","false","","No collected source","",""
"19499","Ornate Chromite Armor of Fending","Body","false","","No collected source","",""
"19500","Ornate Chromite Mail of Maiming","Body","false","","No collected source","",""
"19501","Ornate True Griffin Chestpiece of Striking","Body","false","","No collected source","",""
"19502","Ornate Indigo Ramie Tabard of Aiming","Body","false","","No collected source","",""
"19503","Ornate True Griffin Chestpiece of Scouting","Body","false","","No collected source","",""
"19504","Ornate Indigo Ramie Robe of Healing","Body","false","","No collected source","",""
"19505","Ornate Indigo Ramie Robe of Casting","Body","false","","No collected source","",""
"19590","Millking's Saw","Carpenter's Primary Tool","false","","No collected source","",""
"19591","Forgeking's Hammer","Blacksmith's Primary Tool","false","","No collected source","",""
"19592","Hammerking's Beetle","Armorer's Primary Tool","false","","No collected source","",""
"19593","Gemking's Mallet","Goldsmith's Primary Tool","false","","No collected source","",""
"19594","Hideking's Knife","Leatherworker's Primary Tool","false","","No collected source","",""
"19595","Boltking's Needle","Weaver's Primary Tool","false","","No collected source","",""
"19596","Cauldronking's Alembic","Alchemist's Primary Tool","false","","No collected source","",""
"19597","Galleyking's Frypan","Culinarian's Primary Tool","false","","No collected source","",""
"19598","Mineking's Pickaxe","Miner's Primary Tool","false","","No collected source","",""
"19599","Fieldking's Hatchet","Botanist's Primary Tool","false","","No collected source","",""
"19600","Tackleking's Rod","Fisher's Primary Tool","false","","No collected source","",""
"19662","Millking's Cap","Head","false","","No collected source","",""
"19663","Millking's Coat","Body","false","","No collected source","",""
"19664","Millking's Gloves","Hands","false","","No collected source","",""
"19665","Millking's Slops","Legs","false","","No collected source","",""
"19666","Millking's Boots","Feet","false","","No collected source","",""
"19667","Forgeking's Bandana","Head","false","","No collected source","",""
"19668","Forgeking's Apron","Body","false","","No collected source","",""
"19669","Forgeking's Gloves","Hands","false","","No collected source","",""
"19670","Forgeking's Slops","Legs","false","","No collected source","",""
"19671","Forgeking's Boots","Feet","false","","No collected source","",""
"19672","Hammerking's Visor","Head","false","","No collected source","",""
"19673","Hammerking's Redingote","Body","false","","No collected source","",""
"19674","Hammerking's Gloves","Hands","false","","No collected source","",""
"19675","Hammerking's Slops","Legs","false","","No collected source","",""
"19676","Hammerking's Boots","Feet","false","","No collected source","",""
"19677","Gemking's Turban","Head","false","","No collected source","",""
"19678","Gemking's Coat","Body","false","","No collected source","",""
"19679","Gemking's Gloves","Hands","false","","No collected source","",""
"19680","Gemking's Slops","Legs","false","","No collected source","",""
"19681","Gemking's Boots","Feet","false","","No collected source","",""
"19682","Hideking's Bandana","Head","false","","No collected source","",""
"19683","Hideking's Jacket","Body","false","","No collected source","",""
"19684","Hideking's Gloves","Hands","false","","No collected source","",""
"19685","Hideking's Slacks","Legs","false","","No collected source","",""
"19686","Hideking's Thighboots","Feet","false","","No collected source","",""
"19687","Boltking's Cap","Head","false","","No collected source","",""
"19688","Boltking's Jacket","Body","false","","No collected source","",""
"19689","Boltking's Gloves","Hands","false","","No collected source","",""
"19690","Boltking's Slops","Legs","false","","No collected source","",""
"19691","Boltking's Boots","Feet","false","","No collected source","",""
"19692","Cauldronking's Hat","Head","false","","No collected source","",""
"19693","Cauldronking's Coat","Body","false","","No collected source","",""
"19694","Cauldronking's Dress Gloves","Hands","false","","No collected source","",""
"19695","Cauldronking's Slops","Legs","false","","No collected source","",""
"19696","Cauldronking's Boots","Feet","false","","No collected source","",""
"19697","Galleyking's Toque","Head","false","","No collected source","",""
"19698","Galleyking's Apron","Body","false","","No collected source","",""
"19699","Galleyking's Mittens","Hands","false","","No collected source","",""
"19700","Galleyking's Trousers","Legs","false","","No collected source","",""
"19701","Galleyking's Shoes","Feet","false","","No collected source","",""
"19702","Mineking's Helmet","Head","false","","No collected source","",""
"19703","Mineking's Work Shirt","Body","false","","No collected source","",""
"19704","Mineking's Work Gloves","Hands","false","","No collected source","",""
"19705","Mineking's Slops","Legs","false","","No collected source","",""
"19706","Mineking's Workboots","Feet","false","","No collected source","",""
"19707","Fieldking's Hat","Head","false","","No collected source","",""
"19708","Fieldking's Shirt","Body","false","","No collected source","",""
"19709","Fieldking's Gloves","Hands","false","","No collected source","",""
"19710","Fieldking's Slops","Legs","false","","No collected source","",""
"19711","Fieldking's Shoes","Feet","false","","No collected source","",""
"19712","Tackleking's Bandana","Head","false","","No collected source","",""
"19713","Tackleking's Vest","Body","false","","No collected source","",""
"19714","Tackleking's Fingerless Gloves","Hands","false","","No collected source","",""
"19715","Tackleking's Halfslops","Legs","false","","No collected source","",""
"19716","Tackleking's Sandals","Feet","false","","No collected source","",""
"19757","Augmented Ala Mhigan Turban of Crafting","Head","false","","No collected source","",""
"19758","Augmented Ala Mhigan Doublet of Crafting","Body","false","","No collected source","",""
"19759","Augmented Ala Mhigan Gloves of Crafting","Hands","false","","No collected source","",""
"19760","Augmented Ala Mhigan Bottoms of Crafting","Legs","false","","No collected source","",""
"19761","Augmented Ala Mhigan Shoes of Crafting","Feet","false","","No collected source","",""
"19762","Augmented Ala Mhigan Turban of Gathering","Head","false","","No collected source","",""
"19763","Augmented Ala Mhigan Coat of Gathering","Body","false","","No collected source","",""
"19764","Augmented Ala Mhigan Gloves of Gathering","Hands","false","","No collected source","",""
"19765","Augmented Ala Mhigan Bottoms of Gathering","Legs","false","","No collected source","",""
"19766","Augmented Ala Mhigan Shoes of Gathering","Feet","false","","No collected source","",""
"20384","Ironworks Magitek Samurai Blade","Samurai's Arm","false","","No collected source","",""
"20385","Ironworks Magitek Degen","Red Mage's Arm","false","","No collected source","",""
"20412","Okanehira","Samurai's Arm","false","","No collected source","",""
"20413","Mokusa","Red Mage's Arm","false","","No collected source","",""
"20416","Hellfire Katana","Samurai's Arm","false","","No collected source","",""
"20417","Hailstorm Rapier","Red Mage's Arm","false","","No collected source","",""
"20420","Shire Katana","Samurai's Arm","false","","No collected source","",""
"20421","Shire Rapier","Red Mage's Arm","false","","No collected source","",""
"20454","Coven Katana","Samurai's Arm","false","","No collected source","",""
"20455","Coven Rapier","Red Mage's Arm","false","","No collected source","",""
"20564","Faire Joi","Body","false","offer","repurchaseShop","Purchase Moonfire Faire Items II","1017613; 1017614; 1017615; 1025913; 1025914; 1025915; 1025916; 1025917; 1025918; 1025919; 1025920; 1025921; 1025922; 1025923; 1025924"
"20565","Faire Kohakama","Legs","false","offer","repurchaseShop","Purchase Moonfire Faire Items II","1017613; 1017614; 1017615; 1025913; 1025914; 1025915; 1025916; 1025917; 1025918; 1025919; 1025920; 1025921; 1025922; 1025923; 1025924"
"20566","Faire Zori","Feet","false","offer","repurchaseShop","Purchase Moonfire Faire Items II","1017613; 1017614; 1017615; 1025913; 1025914; 1025915; 1025916; 1025917; 1025918; 1025919; 1025920; 1025921; 1025922; 1025923; 1025924"
"20568","Scion Rogue's Bandana","Head","false","offer","repurchaseShop","Purchase Quest Rewards I","1006004; 1006005; 1006006; 1025913; 1025914; 1025915; 1025916; 1025917; 1025918; 1025919; 1025920; 1025921; 1025922; 1025923; 1025924"
"20596","Kabuto #55","Head","false","offer","repurchaseShop","Purchase Quest Rewards I","1006004; 1006005; 1006006; 1025913; 1025914; 1025915; 1025916; 1025917; 1025918; 1025919; 1025920; 1025921; 1025922; 1025923; 1025924"
"20597","Uwagi #55","Body","false","offer","repurchaseShop","Purchase Quest Rewards I","1006004; 1006005; 1006006; 1025913; 1025914; 1025915; 1025916; 1025917; 1025918; 1025919; 1025920; 1025921; 1025922; 1025923; 1025924"
"20598","Tekko #55","Hands","false","offer","repurchaseShop","Purchase Quest Rewards I","1006004; 1006005; 1006006; 1025913; 1025914; 1025915; 1025916; 1025917; 1025918; 1025919; 1025920; 1025921; 1025922; 1025923; 1025924"
"20599","Hakama #55","Legs","false","offer","repurchaseShop","Purchase Quest Rewards I","1006004; 1006005; 1006006; 1025913; 1025914; 1025915; 1025916; 1025917; 1025918; 1025919; 1025920; 1025921; 1025922; 1025923; 1025924"
"20600","Choka #55","Feet","false","offer","repurchaseShop","Purchase Quest Rewards I","1006004; 1006005; 1006006; 1025913; 1025914; 1025915; 1025916; 1025917; 1025918; 1025919; 1025920; 1025921; 1025922; 1025923; 1025924"
"20627","Head Bandage","Head","false","offer","repurchaseShop","Purchase Quest Rewards I","1006004; 1006005; 1006006; 1025913; 1025914; 1025915; 1025916; 1025917; 1025918; 1025919; 1025920; 1025921; 1025922; 1025923; 1025924"
"20678","White Inu Kabuto","Head","false","offer","repurchaseShop","Purchase Heavensturn Items","1017613; 1017614; 1017615; 1025913; 1025914; 1025915; 1025916; 1025917; 1025918; 1025919; 1025920; 1025921; 1025922; 1025923; 1025924"
"20679","Black Inu Kabuto","Head","false","offer","repurchaseShop","Purchase Heavensturn Items","1017613; 1017614; 1017615; 1025913; 1025914; 1025915; 1025916; 1025917; 1025918; 1025919; 1025920; 1025921; 1025922; 1025923; 1025924"
"21017","Werewolf Head","Head","false","offer","repurchaseShop","Purchase All Saints' Wake Items","1017613; 1017614; 1017615; 1025913; 1025914; 1025915; 1025916; 1025917; 1025918; 1025919; 1025920; 1025921; 1025922; 1025923; 1025924"
"21018","Werewolf Body","Body","false","offer","repurchaseShop","Purchase All Saints' Wake Items","1017613; 1017614; 1017615; 1025913; 1025914; 1025915; 1025916; 1025917; 1025918; 1025919; 1025920; 1025921; 1025922; 1025923; 1025924"
"21019","Werewolf Arms","Hands","false","offer","repurchaseShop","Purchase All Saints' Wake Items","1017613; 1017614; 1017615; 1025913; 1025914; 1025915; 1025916; 1025917; 1025918; 1025919; 1025920; 1025921; 1025922; 1025923; 1025924"
"21020","Werewolf Bottoms","Legs","false","offer","repurchaseShop","Purchase All Saints' Wake Items","1017613; 1017614; 1017615; 1025913; 1025914; 1025915; 1025916; 1025917; 1025918; 1025919; 1025920; 1025921; 1025922; 1025923; 1025924"
"21021","Werewolf Feet","Feet","false","offer","repurchaseShop","Purchase All Saints' Wake Items","1017613; 1017614; 1017615; 1025913; 1025914; 1025915; 1025916; 1025917; 1025918; 1025919; 1025920; 1025921; 1025922; 1025923; 1025924"
"21026","Werewolf Legs","Feet","false","offer","repurchaseShop","Purchase All Saints' Wake Items","1017613; 1017614; 1017615; 1025913; 1025914; 1025915; 1025916; 1025917; 1025918; 1025919; 1025920; 1025921; 1025922; 1025923; 1025924"
"21033","Emerald Carbuncle Earring","Earrings","false","","No collected source","",""
"21034","Topaz Carbuncle Earring","Earrings","false","","No collected source","",""
"21321","Homura","Gladiator's Arm","false","","No collected source","",""
"21322","Jikki","Pugilist's Arm","false","","No collected source","",""
"21323","Mikazuki","Marauder's Arm","false","","No collected source","",""
"21324","Otegine","Lancer's Arm","false","","No collected source","",""
"21325","Kujakuo","Archer's Arm","false","","No collected source","",""
"21326","Niokiyotsuna","Rogue's Arm","false","","No collected source","",""
"21327","Odenta","Dark Knight's Arm","false","","No collected source","",""
"21328","Ikkansai","Machinist's Arm","false","","No collected source","",""
"21329","Byakurenge","Two–handed Conjurer's Arm","false","","No collected source","",""
"21330","Makibi","Two–handed Thaumaturge's Arm","false","","No collected source","",""
"21331","Kinyoshu","Arcanist's Grimoire","false","","No collected source","",""
"21332","Koyoshu","Scholar's Arm","false","","No collected source","",""
"21333","Kontengi","Astrologian's Arm","false","","No collected source","",""
"21334","Kanesada","Samurai's Arm","false","","No collected source","",""
"21335","Shishio","Red Mage's Arm","false","","No collected source","",""
"21336","Mitsuba","Shield","false","","No collected source","",""
"21337","Ryumyaku Hachigane of Fending","Head","false","","No collected source","",""
"21338","Ryumyaku Jufuku of Fending","Body","false","","No collected source","",""
"21339","Ryumyaku Kote of Fending","Hands","false","","No collected source","",""
"21340","Ryumyaku Jui of Fending","Legs","false","","No collected source","",""
"21341","Ryumyaku Sune-ate of Fending","Feet","false","","No collected source","",""
"21343","Ryumyaku Hachigane of Maiming","Head","false","","No collected source","",""
"21344","Ryumyaku Jufuku of Maiming","Body","false","","No collected source","",""
"21345","Ryumyaku Kote of Maiming","Hands","false","","No collected source","",""
"21346","Ryumyaku Tsutsu-hakama of Maiming","Legs","false","","No collected source","",""
"21347","Ryumyaku Sune-ate of Maiming","Feet","false","","No collected source","",""
"21349","Ryumyaku Hachigane of Striking","Head","false","","No collected source","",""
"21350","Ryumyaku Togi of Striking","Body","false","","No collected source","",""
"21351","Ryumyaku Kote of Striking","Hands","false","","No collected source","",""
"21352","Ryumyaku Tsutsu-hakama of Striking","Legs","false","","No collected source","",""
"21353","Ryumyaku Sune-ate of Striking","Feet","false","","No collected source","",""
"21355","Ryumyaku Hachigane of Aiming","Head","false","","No collected source","",""
"21356","Ryumyaku Jufuku of Aiming","Body","false","","No collected source","",""
"21357","Ryumyaku Kote of Aiming","Hands","false","","No collected source","",""
"21358","Ryumyaku Jui of Aiming","Legs","false","","No collected source","",""
"21359","Ryumyaku Sune-ate of Aiming","Feet","false","","No collected source","",""
"21361","Ryumyaku Hachigane of Scouting","Head","false","","No collected source","",""
"21362","Ryumyaku Togi of Scouting","Body","false","","No collected source","",""
"21363","Ryumyaku Kote of Scouting","Hands","false","","No collected source","",""
"21364","Ryumyaku Tsutsu-hakama of Scouting","Legs","false","","No collected source","",""
"21365","Ryumyaku Sune-ate of Scouting","Feet","false","","No collected source","",""
"21367","Ryumyaku Hitai-ate of Healing","Head","false","","No collected source","",""
"21368","Ryumyaku Dogi of Healing","Body","false","","No collected source","",""
"21369","Ryumyaku Kote of Healing","Hands","false","","No collected source","",""
"21370","Ryumyaku Tsutsu-hakama of Healing","Legs","false","","No collected source","",""
"21371","Ryumyaku Choka of Healing","Feet","false","","No collected source","",""
"21373","Ryumyaku Seibo of Casting","Head","false","","No collected source","",""
"21374","Ryumyaku Dogi of Casting","Body","false","","No collected source","",""
"21375","Ryumyaku Kote of Casting","Hands","false","","No collected source","",""
"21376","Ryumyaku Tsutsu-hakama of Casting","Legs","false","","No collected source","",""
"21377","Ryumyaku Choka of Casting","Feet","false","","No collected source","",""
"21379","Ryumyaku Earring of Fending","Earrings","false","","No collected source","",""
"21380","Ryumyaku Earring of Slaying","Earrings","false","","No collected source","",""
"21381","Ryumyaku Earring of Aiming","Earrings","false","","No collected source","",""
"21382","Ryumyaku Earring of Healing","Earrings","false","","No collected source","",""
"21383","Ryumyaku Earring of Casting","Earrings","false","","No collected source","",""
"21384","Ryumyaku Necklace of Fending","Necklace","false","","No collected source","",""
"21385","Ryumyaku Necklace of Slaying","Necklace","false","","No collected source","",""
"21386","Ryumyaku Necklace of Aiming","Necklace","false","","No collected source","",""
"21387","Ryumyaku Necklace of Healing","Necklace","false","","No collected source","",""
"21388","Ryumyaku Necklace of Casting","Necklace","false","","No collected source","",""
"21389","Ryumyaku Bracelet of Fending","Bracelets","false","","No collected source","",""
"21390","Ryumyaku Bracelet of Slaying","Bracelets","false","","No collected source","",""
"21391","Ryumyaku Bracelet of Aiming","Bracelets","false","","No collected source","",""
"21392","Ryumyaku Bracelet of Healing","Bracelets","false","","No collected source","",""
"21393","Ryumyaku Bracelet of Casting","Bracelets","false","","No collected source","",""
"21394","Ryumyaku Ring of Fending","Ring","false","","No collected source","",""
"21395","Ryumyaku Ring of Slaying","Ring","false","","No collected source","",""
"21396","Ryumyaku Ring of Aiming","Ring","false","","No collected source","",""
"21397","Ryumyaku Ring of Healing","Ring","false","","No collected source","",""
"21398","Ryumyaku Ring of Casting","Ring","false","","No collected source","",""
"21804","Ornate Nightsteel Armor of Fending","Body","false","","No collected source","",""
"21805","Ornate Nightsteel Mail of Maiming","Body","false","","No collected source","",""
"21806","Ornate True Linen Coat of Striking","Body","false","","No collected source","",""
"21807","Ornate True Linen Jacket of Aiming","Body","false","","No collected source","",""
"21808","Ornate True Linen Jacket of Scouting","Body","false","","No collected source","",""
"21809","Ornate True Linen Robe of Healing","Body","false","","No collected source","",""
"21810","Ornate True Linen Robe of Casting","Body","false","","No collected source","",""
"21942","Galatyn","Gladiator's Arm","false","offer","vendorWithoutPosition","1769820",""
"21943","Sudarshana Chakra","Pugilist's Arm","false","offer","vendorWithoutPosition","1769824",""
"21944","Farsha","Marauder's Arm","false","offer","vendorWithoutPosition","1769821",""
"21945","Ryunohige","Lancer's Arm","false","offer","vendorWithoutPosition","1769823",""
"21946","Failnaught","Archer's Arm","false","offer","vendorWithoutPosition","1769827",""
"21947","Nagi","Rogue's Arm","false","offer","vendorWithoutPosition","1769825",""
"21948","Caladbolg","Dark Knight's Arm","false","offer","vendorWithoutPosition","1769822",""
"21949","Outsider","Machinist's Arm","false","offer","vendorWithoutPosition","1769828",""
"21950","Aymur","Two–handed Conjurer's Arm","false","offer","vendorWithoutPosition","1769832",""
"21951","Vanargand","Two–handed Thaumaturge's Arm","false","offer","vendorWithoutPosition","1769829",""
"21952","Lemegeton","Arcanist's Grimoire","false","offer","vendorWithoutPosition","1769830",""
"21953","Organum","Scholar's Arm","false","offer","vendorWithoutPosition","1769833",""
"21954","Pleiades","Astrologian's Arm","false","offer","vendorWithoutPosition","1769834",""
"21955","Kiku-ichimonji","Samurai's Arm","false","offer","vendorWithoutPosition","1769826",""
"21956","Murgleis","Red Mage's Arm","false","offer","vendorWithoutPosition","1769831",""
"21957","Evalach","Shield","false","offer","vendorWithoutPosition","1769820",""
"21958","Galatyn +1","Gladiator's Arm","false","offer","vendorWithoutPosition","1769820",""
"21959","Sudarshana Chakra +1","Pugilist's Arm","false","offer","vendorWithoutPosition","1769824",""
"21960","Farsha +1","Marauder's Arm","false","offer","vendorWithoutPosition","1769821",""
"21961","Ryunohige +1","Lancer's Arm","false","offer","vendorWithoutPosition","1769823",""
"21962","Failnaught +1","Archer's Arm","false","offer","vendorWithoutPosition","1769827",""
"21963","Nagi +1","Rogue's Arm","false","offer","vendorWithoutPosition","1769825",""
"21964","Caladbolg +1","Dark Knight's Arm","false","offer","vendorWithoutPosition","1769822",""
"21965","Outsider +1","Machinist's Arm","false","offer","vendorWithoutPosition","1769828",""
"21966","Aymur +1","Two–handed Conjurer's Arm","false","offer","vendorWithoutPosition","1769832",""
"21967","Vanargand +1","Two–handed Thaumaturge's Arm","false","offer","vendorWithoutPosition","1769829",""
"21968","Lemegeton +1","Arcanist's Grimoire","false","offer","vendorWithoutPosition","1769830",""
"21969","Organum +1","Scholar's Arm","false","offer","vendorWithoutPosition","1769833",""
"21970","Pleiades +1","Astrologian's Arm","false","offer","vendorWithoutPosition","1769834",""
"21971","Kiku-ichimonji +1","Samurai's Arm","false","offer","vendorWithoutPosition","1769826",""
"21972","Murgleis +1","Red Mage's Arm","false","offer","vendorWithoutPosition","1769831",""
"21973","Evalach +1","Shield","false","offer","vendorWithoutPosition","1769820",""
"21974","Galatyn +2","Gladiator's Arm","false","offer","vendorWithoutPosition","1769820",""
"21975","Sudarshana Chakra +2","Pugilist's Arm","false","offer","vendorWithoutPosition","1769824",""
"21976","Farsha +2","Marauder's Arm","false","offer","vendorWithoutPosition","1769821",""
"21977","Ryunohige +2","Lancer's Arm","false","offer","vendorWithoutPosition","1769823",""
"21978","Failnaught +2","Archer's Arm","false","offer","vendorWithoutPosition","1769827",""
"21979","Nagi +2","Rogue's Arm","false","offer","vendorWithoutPosition","1769825",""
"21980","Caladbolg +2","Dark Knight's Arm","false","offer","vendorWithoutPosition","1769822",""
"21981","Outsider +2","Machinist's Arm","false","offer","vendorWithoutPosition","1769828",""
"21982","Aymur +2","Two–handed Conjurer's Arm","false","offer","vendorWithoutPosition","1769832",""
"21983","Vanargand +2","Two–handed Thaumaturge's Arm","false","offer","vendorWithoutPosition","1769829",""
"21984","Lemegeton +2","Arcanist's Grimoire","false","offer","vendorWithoutPosition","1769830",""
"21985","Organum +2","Scholar's Arm","false","offer","vendorWithoutPosition","1769833",""
"21986","Pleiades +2","Astrologian's Arm","false","offer","vendorWithoutPosition","1769834",""
"21987","Kiku-ichimonji +2","Samurai's Arm","false","offer","vendorWithoutPosition","1769826",""
"21988","Murgleis +2","Red Mage's Arm","false","offer","vendorWithoutPosition","1769831",""
"21989","Evalach +2","Shield","false","offer","vendorWithoutPosition","1769820",""
"22006","Chivalrous Circlet","Head","false","offer","vendorWithoutPosition","1769820",""
"22007","Chivalrous Surcoat","Body","false","offer","vendorWithoutPosition","1769820",""
"22008","Chivalrous Gauntlets","Hands","false","offer","vendorWithoutPosition","1769820",""
"22009","Chivalrous Cuisses","Legs","false","offer","vendorWithoutPosition","1769820",""
"22010","Chivalrous Sollerets","Feet","false","offer","vendorWithoutPosition","1769820",""
"22011","Pacifist's Circlet","Head","false","offer","vendorWithoutPosition","1769824",""
"22012","Pacifist's Vest","Body","false","offer","vendorWithoutPosition","1769824",""
"22013","Pacifist's Armguards","Hands","false","offer","vendorWithoutPosition","1769824",""
"22014","Pacifist's Gaskins","Legs","false","offer","vendorWithoutPosition","1769824",""
"22015","Pacifist's Boots","Feet","false","offer","vendorWithoutPosition","1769824",""
"22016","Brutal Visor","Head","false","offer","vendorWithoutPosition","1769821",""
"22017","Brutal Lorica","Body","false","offer","vendorWithoutPosition","1769821",""
"22018","Brutal Gauntlets","Hands","false","offer","vendorWithoutPosition","1769821",""
"22019","Brutal Breeches","Legs","false","offer","vendorWithoutPosition","1769821",""
"22020","Brutal Sollerets","Feet","false","offer","vendorWithoutPosition","1769821",""
"22021","Trueblood Armet","Head","false","offer","vendorWithoutPosition","1769823",""
"22022","Trueblood Mail","Body","false","offer","vendorWithoutPosition","1769823",""
"22023","Trueblood Gauntlets","Hands","false","offer","vendorWithoutPosition","1769823",""
"22024","Trueblood Brais","Legs","false","offer","vendorWithoutPosition","1769823",""
"22025","Trueblood Greaves","Feet","false","offer","vendorWithoutPosition","1769823",""
"22026","Storyteller's Chapeau","Head","false","offer","vendorWithoutPosition","1769827",""
"22027","Storyteller's Coat","Body","false","offer","vendorWithoutPosition","1769827",""
"22028","Storyteller's Gloves","Hands","false","offer","vendorWithoutPosition","1769827",""
"22029","Storyteller's Bottoms","Legs","false","offer","vendorWithoutPosition","1769827",""
"22030","Storyteller's Boots","Feet","false","offer","vendorWithoutPosition","1769827",""
"22031","Seventh Heaven Circlet","Head","false","offer","vendorWithoutPosition","1769832",""
"22032","Seventh Heaven Top","Body","false","offer","vendorWithoutPosition","1769832",""
"22033","Seventh Heaven Fingerless Gloves","Hands","false","offer","vendorWithoutPosition","1769832",""
"22034","Seventh Heaven Bottoms","Legs","false","offer","vendorWithoutPosition","1769832",""
"22035","Seventh Heaven Thighboots","Feet","false","offer","vendorWithoutPosition","1769832",""
"22036","Seventh Hell Petasos","Head","false","offer","vendorWithoutPosition","1769829",""
"22037","Seventh Hell Coat","Body","false","offer","vendorWithoutPosition","1769829",""
"22038","Seventh Hell Gloves","Hands","false","offer","vendorWithoutPosition","1769829",""
"22039","Seventh Hell Breeches","Legs","false","offer","vendorWithoutPosition","1769829",""
"22040","Seventh Hell Thighboots","Feet","false","offer","vendorWithoutPosition","1769829",""
"22041","Channeler's Horn","Head","false","offer","vendorWithoutPosition","1769830",""
"22042","Channeler's Vest","Body","false","offer","vendorWithoutPosition","1769830",""
"22043","Channeler's Armlets","Hands","false","offer","vendorWithoutPosition","1769830",""
"22044","Channeler's Halfslops","Legs","false","offer","vendorWithoutPosition","1769830",""
"22045","Channeler's Boots","Feet","false","offer","vendorWithoutPosition","1769830",""
"22046","Orator's Mortarboard","Head","false","offer","vendorWithoutPosition","1769833",""
"22047","Orator's Coat","Body","false","offer","vendorWithoutPosition","1769833",""
"22048","Orator's Cuffs","Hands","false","offer","vendorWithoutPosition","1769833",""
"22049","Orator's Bottoms","Legs","false","offer","vendorWithoutPosition","1769833",""
"22050","Orator's Shoes","Feet","false","offer","vendorWithoutPosition","1769833",""
"22051","Kage-kakushi Somen","Head","false","offer","vendorWithoutPosition","1769825",""
"22052","Kage-kakushi Chainmail","Body","false","offer","vendorWithoutPosition","1769825",""
"22053","Kage-kakushi Tekko","Hands","false","offer","vendorWithoutPosition","1769825",""
"22054","Kage-kakushi Hakama","Legs","false","offer","vendorWithoutPosition","1769825",""
"22055","Kage-kakushi Kyahan","Feet","false","offer","vendorWithoutPosition","1769825",""
"22056","Abyss Burgeonet","Head","false","offer","vendorWithoutPosition","1769822",""
"22057","Abyss Cuirass","Body","false","offer","vendorWithoutPosition","1769822",""
"22058","Abyss Gauntlets","Hands","false","offer","vendorWithoutPosition","1769822",""
"22059","Abyss Flanchard","Legs","false","offer","vendorWithoutPosition","1769822",""
"22060","Abyss Sollerets","Feet","false","offer","vendorWithoutPosition","1769822",""
"22061","Gunner's Goggles","Head","false","offer","vendorWithoutPosition","1769828",""
"22062","Gunner's Coat","Body","false","offer","vendorWithoutPosition","1769828",""
"22063","Gunner's Gloves","Hands","false","offer","vendorWithoutPosition","1769828",""
"22064","Gunner's Trousers","Legs","false","offer","vendorWithoutPosition","1769828",""
"22065","Gunner's Thighboots","Feet","false","offer","vendorWithoutPosition","1769828",""
"22066","Constellation Turban","Head","false","offer","vendorWithoutPosition","1769834",""
"22067","Constellation Top","Body","false","offer","vendorWithoutPosition","1769834",""
"22068","Constellation Armlets","Hands","false","offer","vendorWithoutPosition","1769834",""
"22069","Constellation Gaskins","Legs","false","offer","vendorWithoutPosition","1769834",""
"22070","Constellation Sandals","Feet","false","offer","vendorWithoutPosition","1769834",""
"22071","Myochin Jingasa","Head","false","offer","vendorWithoutPosition","1769826",""
"22072","Myochin Haori","Body","false","offer","vendorWithoutPosition","1769826",""
"22073","Myochin Tekko","Hands","false","offer","vendorWithoutPosition","1769826",""
"22074","Myochin Hakama","Legs","false","offer","vendorWithoutPosition","1769826",""
"22075","Myochin Geta","Feet","false","offer","vendorWithoutPosition","1769826",""
"22076","Duelist's Chapeau","Head","false","offer","vendorWithoutPosition","1769831",""
"22077","Duelist's Tabard","Body","false","offer","vendorWithoutPosition","1769831",""
"22078","Duelist's Gloves","Hands","false","offer","vendorWithoutPosition","1769831",""
"22079","Duelist's Breeches","Legs","false","offer","vendorWithoutPosition","1769831",""
"22080","Duelist's Thighboots","Feet","false","offer","vendorWithoutPosition","1769831",""
"22081","Chivalrous Circlet +1","Head","false","offer","vendorWithoutPosition","1769820",""
"22082","Chivalrous Surcoat +1","Body","false","offer","vendorWithoutPosition","1769820",""
"22083","Chivalrous Gauntlets +1","Hands","false","offer","vendorWithoutPosition","1769820",""
"22084","Chivalrous Cuisses +1","Legs","false","offer","vendorWithoutPosition","1769820",""
"22085","Chivalrous Sollerets +1","Feet","false","offer","vendorWithoutPosition","1769820",""
"22086","Pacifist's Circlet +1","Head","false","offer","vendorWithoutPosition","1769824",""
"22087","Pacifist's Vest +1","Body","false","offer","vendorWithoutPosition","1769824",""
"22088","Pacifist's Armguards +1","Hands","false","offer","vendorWithoutPosition","1769824",""
"22089","Pacifist's Gaskins +1","Legs","false","offer","vendorWithoutPosition","1769824",""
"22090","Pacifist's Boots +1","Feet","false","offer","vendorWithoutPosition","1769824",""
"22091","Brutal Visor +1","Head","false","offer","vendorWithoutPosition","1769821",""
"22092","Brutal Lorica +1","Body","false","offer","vendorWithoutPosition","1769821",""
"22093","Brutal Gauntlets +1","Hands","false","offer","vendorWithoutPosition","1769821",""
"22094","Brutal Breeches +1","Legs","false","offer","vendorWithoutPosition","1769821",""
"22095","Brutal Sollerets +1","Feet","false","offer","vendorWithoutPosition","1769821",""
"22096","Trueblood Armet +1","Head","false","offer","vendorWithoutPosition","1769823",""
"22097","Trueblood Mail +1","Body","false","offer","vendorWithoutPosition","1769823",""
"22098","Trueblood Gauntlets +1","Hands","false","offer","vendorWithoutPosition","1769823",""
"22099","Trueblood Brais +1","Legs","false","offer","vendorWithoutPosition","1769823",""
"22100","Trueblood Greaves +1","Feet","false","offer","vendorWithoutPosition","1769823",""
"22101","Storyteller's Chapeau +1","Head","false","offer","vendorWithoutPosition","1769827",""
"22102","Storyteller's Coat +1","Body","false","offer","vendorWithoutPosition","1769827",""
"22103","Storyteller's Gloves +1","Hands","false","offer","vendorWithoutPosition","1769827",""
"22104","Storyteller's Bottoms +1","Legs","false","offer","vendorWithoutPosition","1769827",""
"22105","Storyteller's Boots +1","Feet","false","offer","vendorWithoutPosition","1769827",""
"22106","Seventh Heaven Circlet +1","Head","false","offer","vendorWithoutPosition","1769832",""
"22107","Seventh Heaven Top +1","Body","false","offer","vendorWithoutPosition","1769832",""
"22108","Seventh Heaven Fingerless Gloves +1","Hands","false","offer","vendorWithoutPosition","1769832",""
"22109","Seventh Heaven Bottoms +1","Legs","false","offer","vendorWithoutPosition","1769832",""
"22110","Seventh Heaven Thighboots +1","Feet","false","offer","vendorWithoutPosition","1769832",""
"22111","Seventh Hell Petasos +1","Head","false","offer","vendorWithoutPosition","1769829",""
"22112","Seventh Hell Coat +1","Body","false","offer","vendorWithoutPosition","1769829",""
"22113","Seventh Hell Gloves +1","Hands","false","offer","vendorWithoutPosition","1769829",""
"22114","Seventh Hell Breeches +1","Legs","false","offer","vendorWithoutPosition","1769829",""
"22115","Seventh Hell Thighboots +1","Feet","false","offer","vendorWithoutPosition","1769829",""
"22116","Channeler's Horn +1","Head","false","offer","vendorWithoutPosition","1769830",""
"22117","Channeler's Vest +1","Body","false","offer","vendorWithoutPosition","1769830",""
"22118","Channeler's Armlets +1","Hands","false","offer","vendorWithoutPosition","1769830",""
"22119","Channeler's Halfslops +1","Legs","false","offer","vendorWithoutPosition","1769830",""
"22120","Channeler's Boots +1","Feet","false","offer","vendorWithoutPosition","1769830",""
"22121","Orator's Mortarboard +1","Head","false","offer","vendorWithoutPosition","1769833",""
"22122","Orator's Coat +1","Body","false","offer","vendorWithoutPosition","1769833",""
"22123","Orator's Cuffs +1","Hands","false","offer","vendorWithoutPosition","1769833",""
"22124","Orator's Bottoms +1","Legs","false","offer","vendorWithoutPosition","1769833",""
"22125","Orator's Shoes +1","Feet","false","offer","vendorWithoutPosition","1769833",""
"22126","Kage-kakushi Somen +1","Head","false","offer","vendorWithoutPosition","1769825",""
"22127","Kage-kakushi Chainmail +1","Body","false","offer","vendorWithoutPosition","1769825",""
"22128","Kage-kakushi Tekko +1","Hands","false","offer","vendorWithoutPosition","1769825",""
"22129","Kage-kakushi Hakama +1","Legs","false","offer","vendorWithoutPosition","1769825",""
"22130","Kage-kakushi Kyahan +1","Feet","false","offer","vendorWithoutPosition","1769825",""
"22131","Abyss Burgeonet +1","Head","false","offer","vendorWithoutPosition","1769822",""
"22132","Abyss Cuirass +1","Body","false","offer","vendorWithoutPosition","1769822",""
"22133","Abyss Gauntlets +1","Hands","false","offer","vendorWithoutPosition","1769822",""
"22134","Abyss Flanchard +1","Legs","false","offer","vendorWithoutPosition","1769822",""
"22135","Abyss Sollerets +1","Feet","false","offer","vendorWithoutPosition","1769822",""
"22136","Gunner's Goggles +1","Head","false","offer","vendorWithoutPosition","1769828",""
"22137","Gunner's Coat +1","Body","false","offer","vendorWithoutPosition","1769828",""
"22138","Gunner's Gloves +1","Hands","false","offer","vendorWithoutPosition","1769828",""
"22139","Gunner's Trousers +1","Legs","false","offer","vendorWithoutPosition","1769828",""
"22140","Gunner's Thighboots +1","Feet","false","offer","vendorWithoutPosition","1769828",""
"22141","Constellation Turban +1","Head","false","offer","vendorWithoutPosition","1769834",""
"22142","Constellation Top +1","Body","false","offer","vendorWithoutPosition","1769834",""
"22143","Constellation Armlets +1","Hands","false","offer","vendorWithoutPosition","1769834",""
"22144","Constellation Gaskins +1","Legs","false","offer","vendorWithoutPosition","1769834",""
"22145","Constellation Sandals +1","Feet","false","offer","vendorWithoutPosition","1769834",""
"22146","Myochin Jingasa +1","Head","false","offer","vendorWithoutPosition","1769826",""
"22147","Myochin Haori +1","Body","false","offer","vendorWithoutPosition","1769826",""
"22148","Myochin Tekko +1","Hands","false","offer","vendorWithoutPosition","1769826",""
"22149","Myochin Hakama +1","Legs","false","offer","vendorWithoutPosition","1769826",""
"22150","Myochin Geta +1","Feet","false","offer","vendorWithoutPosition","1769826",""
"22151","Duelist's Chapeau +1","Head","false","offer","vendorWithoutPosition","1769831",""
"22152","Duelist's Tabard +1","Body","false","offer","vendorWithoutPosition","1769831",""
"22153","Duelist's Gloves +1","Hands","false","offer","vendorWithoutPosition","1769831",""
"22154","Duelist's Breeches +1","Legs","false","offer","vendorWithoutPosition","1769831",""
"22155","Duelist's Thighboots +1","Feet","false","offer","vendorWithoutPosition","1769831",""
"22156","Chivalrous Circlet +2","Head","false","offer","vendorWithoutPosition","1769820",""
"22157","Chivalrous Surcoat +2","Body","false","offer","vendorWithoutPosition","1769820",""
"22158","Chivalrous Gauntlets +2","Hands","false","offer","vendorWithoutPosition","1769820",""
"22159","Chivalrous Cuisses +2","Legs","false","offer","vendorWithoutPosition","1769820",""
"22160","Chivalrous Sollerets +2","Feet","false","offer","vendorWithoutPosition","1769820",""
"22161","Pacifist's Circlet +2","Head","false","offer","vendorWithoutPosition","1769824",""
"22162","Pacifist's Vest +2","Body","false","offer","vendorWithoutPosition","1769824",""
"22163","Pacifist's Armguards +2","Hands","false","offer","vendorWithoutPosition","1769824",""
"22164","Pacifist's Gaskins +2","Legs","false","offer","vendorWithoutPosition","1769824",""
"22165","Pacifist's Boots +2","Feet","false","offer","vendorWithoutPosition","1769824",""
"22166","Brutal Visor +2","Head","false","offer","vendorWithoutPosition","1769821",""
"22167","Brutal Lorica +2","Body","false","offer","vendorWithoutPosition","1769821",""
"22168","Brutal Gauntlets +2","Hands","false","offer","vendorWithoutPosition","1769821",""
"22169","Brutal Breeches +2","Legs","false","offer","vendorWithoutPosition","1769821",""
"22170","Brutal Sollerets +2","Feet","false","offer","vendorWithoutPosition","1769821",""
"22171","Trueblood Armet +2","Head","false","offer","vendorWithoutPosition","1769823",""
"22172","Trueblood Mail +2","Body","false","offer","vendorWithoutPosition","1769823",""
"22173","Trueblood Gauntlets +2","Hands","false","offer","vendorWithoutPosition","1769823",""
"22174","Trueblood Brais +2","Legs","false","offer","vendorWithoutPosition","1769823",""
"22175","Trueblood Greaves +2","Feet","false","offer","vendorWithoutPosition","1769823",""
"22176","Storyteller's Chapeau +2","Head","false","offer","vendorWithoutPosition","1769827",""
"22177","Storyteller's Coat +2","Body","false","offer","vendorWithoutPosition","1769827",""
"22178","Storyteller's Gloves +2","Hands","false","offer","vendorWithoutPosition","1769827",""
"22179","Storyteller's Bottoms +2","Legs","false","offer","vendorWithoutPosition","1769827",""
"22180","Storyteller's Boots +2","Feet","false","offer","vendorWithoutPosition","1769827",""
"22181","Seventh Heaven Circlet +2","Head","false","offer","vendorWithoutPosition","1769832",""
"22182","Seventh Heaven Top +2","Body","false","offer","vendorWithoutPosition","1769832",""
"22183","Seventh Heaven Fingerless Gloves +2","Hands","false","offer","vendorWithoutPosition","1769832",""
"22184","Seventh Heaven Bottoms +2","Legs","false","offer","vendorWithoutPosition","1769832",""
"22185","Seventh Heaven Thighboots +2","Feet","false","offer","vendorWithoutPosition","1769832",""
"22186","Seventh Hell Petasos +2","Head","false","offer","vendorWithoutPosition","1769829",""
"22187","Seventh Hell Coat +2","Body","false","offer","vendorWithoutPosition","1769829",""
"22188","Seventh Hell Gloves +2","Hands","false","offer","vendorWithoutPosition","1769829",""
"22189","Seventh Hell Breeches +2","Legs","false","offer","vendorWithoutPosition","1769829",""
"22190","Seventh Hell Thighboots +2","Feet","false","offer","vendorWithoutPosition","1769829",""
"22191","Channeler's Horn +2","Head","false","offer","vendorWithoutPosition","1769830",""
"22192","Channeler's Vest +2","Body","false","offer","vendorWithoutPosition","1769830",""
"22193","Channeler's Armlets +2","Hands","false","offer","vendorWithoutPosition","1769830",""
"22194","Channeler's Halfslops +2","Legs","false","offer","vendorWithoutPosition","1769830",""
"22195","Channeler's Boots +2","Feet","false","offer","vendorWithoutPosition","1769830",""
"22196","Orator's Mortarboard +2","Head","false","offer","vendorWithoutPosition","1769833",""
"22197","Orator's Coat +2","Body","false","offer","vendorWithoutPosition","1769833",""
"22198","Orator's Cuffs +2","Hands","false","offer","vendorWithoutPosition","1769833",""
"22199","Orator's Bottoms +2","Legs","false","offer","vendorWithoutPosition","1769833",""
"22200","Orator's Shoes +2","Feet","false","offer","vendorWithoutPosition","1769833",""
"22201","Kage-kakushi Somen +2","Head","false","offer","vendorWithoutPosition","1769825",""
"22202","Kage-kakushi Chainmail +2","Body","false","offer","vendorWithoutPosition","1769825",""
"22203","Kage-kakushi Tekko +2","Hands","false","offer","vendorWithoutPosition","1769825",""
"22204","Kage-kakushi Hakama +2","Legs","false","offer","vendorWithoutPosition","1769825",""
"22205","Kage-kakushi Kyahan +2","Feet","false","offer","vendorWithoutPosition","1769825",""
"22206","Abyss Burgeonet +2","Head","false","offer","vendorWithoutPosition","1769822",""
"22207","Abyss Cuirass +2","Body","false","offer","vendorWithoutPosition","1769822",""
"22208","Abyss Gauntlets +2","Hands","false","offer","vendorWithoutPosition","1769822",""
"22209","Abyss Flanchard +2","Legs","false","offer","vendorWithoutPosition","1769822",""
"22210","Abyss Sollerets +2","Feet","false","offer","vendorWithoutPosition","1769822",""
"22211","Gunner's Goggles +2","Head","false","offer","vendorWithoutPosition","1769828",""
"22212","Gunner's Coat +2","Body","false","offer","vendorWithoutPosition","1769828",""
"22213","Gunner's Gloves +2","Hands","false","offer","vendorWithoutPosition","1769828",""
"22214","Gunner's Trousers +2","Legs","false","offer","vendorWithoutPosition","1769828",""
"22215","Gunner's Thighboots +2","Feet","false","offer","vendorWithoutPosition","1769828",""
"22216","Constellation Turban +2","Head","false","offer","vendorWithoutPosition","1769834",""
"22217","Constellation Top +2","Body","false","offer","vendorWithoutPosition","1769834",""
"22218","Constellation Armlets +2","Hands","false","offer","vendorWithoutPosition","1769834",""
"22219","Constellation Gaskins +2","Legs","false","offer","vendorWithoutPosition","1769834",""
"22220","Constellation Sandals +2","Feet","false","offer","vendorWithoutPosition","1769834",""
"22221","Myochin Jingasa +2","Head","false","offer","vendorWithoutPosition","1769826",""
"22222","Myochin Haori +2","Body","false","offer","vendorWithoutPosition","1769826",""
"22223","Myochin Tekko +2","Hands","false","offer","vendorWithoutPosition","1769826",""
"22224","Myochin Hakama +2","Legs","false","offer","vendorWithoutPosition","1769826",""
"22225","Myochin Geta +2","Feet","false","offer","vendorWithoutPosition","1769826",""
"22226","Duelist's Chapeau +2","Head","false","offer","vendorWithoutPosition","1769831",""
"22227","Duelist's Tabard +2","Body","false","offer","vendorWithoutPosition","1769831",""
"22228","Duelist's Gloves +2","Hands","false","offer","vendorWithoutPosition","1769831",""
"22229","Duelist's Breeches +2","Legs","false","offer","vendorWithoutPosition","1769831",""
"22230","Duelist's Thighboots +2","Feet","false","offer","vendorWithoutPosition","1769831",""
"22457","Inoshishi Kabuto","Head","false","offer","repurchaseShop","Purchase Heavensturn Items","1017613; 1017614; 1017615; 1025913; 1025914; 1025915; 1025916; 1025917; 1025918; 1025919; 1025920; 1025921; 1025922; 1025923; 1025924"
"22458","Crimson Inoshishi Kabuto","Head","false","offer","repurchaseShop","Purchase Heavensturn Items","1017613; 1017614; 1017615; 1025913; 1025914; 1025915; 1025916; 1025917; 1025918; 1025919; 1025920; 1025921; 1025922; 1025923; 1025924"
"22746","Rainmaker","Blue Mage's Arm","false","offer","repurchaseShop","Purchase Blue Mage Arms & Gear","1006004; 1006005; 1006006; 1025913; 1025914; 1025915; 1025916; 1025917; 1025918; 1025919; 1025920; 1025921; 1025922; 1025923; 1025924"
"22747","Soul of the Blue Mage","Soul Crystal","false","","No collected source","",""
"22957","Elemental Sword","Gladiator's Arm","false","","No collected source","",""
"22958","Elemental Knuckles","Pugilist's Arm","false","","No collected source","",""
"22959","Elemental Battleaxe","Marauder's Arm","false","","No collected source","",""
"22960","Elemental Lance","Lancer's Arm","false","","No collected source","",""
"22961","Elemental Harp Bow","Archer's Arm","false","","No collected source","",""
"22962","Elemental Knives","Rogue's Arm","false","","No collected source","",""
"22963","Elemental Guillotine","Dark Knight's Arm","false","","No collected source","",""
"22964","Elemental Handgonne","Machinist's Arm","false","","No collected source","",""
"22965","Elemental Cane","Two–handed Conjurer's Arm","false","","No collected source","",""
"22966","Elemental Rod","Two–handed Thaumaturge's Arm","false","","No collected source","",""
"22967","Elemental Grimoire","Arcanist's Grimoire","false","","No collected source","",""
"22968","Elemental Codex","Scholar's Arm","false","","No collected source","",""
"22969","Elemental Astrometer","Astrologian's Arm","false","","No collected source","",""
"22970","Elemental Blade","Samurai's Arm","false","","No collected source","",""
"22971","Elemental Tuck","Red Mage's Arm","false","","No collected source","",""
"22972","Elemental Shield","Shield","false","","No collected source","",""
"23107","Ornate Onishi Kasa","Head","false","","No collected source","",""
"23108","Ornate Onishi Dogi","Body","false","","No collected source","",""
"23109","Ornate Onishi Tekko","Hands","false","","No collected source","",""
"23110","Ornate Onishi Momohiki","Legs","false","","No collected source","",""
"23111","Ornate Onishi Zori","Feet","false","","No collected source","",""
"23112","Ornate Yamashi Kasa","Head","false","","No collected source","",""
"23113","Ornate Yamashi Dogi","Body","false","","No collected source","",""
"23114","Ornate Yamashi Tekko","Hands","false","","No collected source","",""
"23115","Ornate Yamashi Momohiki","Legs","false","","No collected source","",""
"23116","Ornate Yamashi Zori","Feet","false","","No collected source","",""
"23394","Scaevan Magitek Katzbalger","Gladiator's Arm","false","","No collected source","",""
"23395","Scaevan Magitek Tonfa","Pugilist's Arm","false","","No collected source","",""
"23396","Scaevan Magitek Axe","Marauder's Arm","false","","No collected source","",""
"23397","Scaevan Magitek Spear","Lancer's Arm","false","","No collected source","",""
"23398","Scaevan Magitek Bow","Archer's Arm","false","","No collected source","",""
"23399","Scaevan Magitek Daggers","Rogue's Arm","false","","No collected source","",""
"23400","Scaevan Magitek Greatsword","Dark Knight's Arm","false","","No collected source","",""
"23401","Scaevan Magitek Blunderbuss","Machinist's Arm","false","","No collected source","",""
"23402","Scaevan Magitek Cane","Two–handed Conjurer's Arm","false","","No collected source","",""
"23403","Scaevan Magitek Rod","Two–handed Thaumaturge's Arm","false","","No collected source","",""
"23404","Scaevan Magitek Grimoire","Arcanist's Grimoire","false","","No collected source","",""
"23405","Scaevan Magitek Codex","Scholar's Arm","false","","No collected source","",""
"23406","Scaevan Magitek Orrery","Astrologian's Arm","false","","No collected source","",""
"23407","Scaevan Magitek Samurai Blade","Samurai's Arm","false","","No collected source","",""
"23408","Scaevan Magitek Hanger","Red Mage's Arm","false","","No collected source","",""
"23409","Scaevan Magitek Shield","Shield","false","","No collected source","",""
"23410","Scaevan Helm of Fending","Head","false","","No collected source","",""
"23411","Scaevan Armor of Fending","Body","false","","No collected source","",""
"23412","Scaevan Gauntlets of Fending","Hands","false","","No collected source","",""
"23413","Scaevan Trousers of Fending","Legs","false","","No collected source","",""
"23414","Scaevan Greaves of Fending","Feet","false","","No collected source","",""
"23416","Scaevan Helm of Maiming","Head","false","","No collected source","",""
"23417","Scaevan Armor of Maiming","Body","false","","No collected source","",""
"23418","Scaevan Gauntlets of Maiming","Hands","false","","No collected source","",""
"23419","Scaevan Trousers of Maiming","Legs","false","","No collected source","",""
"23420","Scaevan Greaves of Maiming","Feet","false","","No collected source","",""
"23422","Scaevan Headgear of Striking","Head","false","","No collected source","",""
"23423","Scaevan Jacket of Striking","Body","false","","No collected source","",""
"23424","Scaevan Armguards of Striking","Hands","false","","No collected source","",""
"23425","Scaevan Trousers of Striking","Legs","false","","No collected source","",""
"23426","Scaevan Greaves of Striking","Feet","false","","No collected source","",""
"23428","Scaevan Headgear of Aiming","Head","false","","No collected source","",""
"23429","Scaevan Tabard of Aiming","Body","false","","No collected source","",""
"23430","Scaevan Gloves of Aiming","Hands","false","","No collected source","",""
"23431","Scaevan Trousers of Aiming","Legs","false","","No collected source","",""
"23432","Scaevan Greaves of Aiming","Feet","false","","No collected source","",""
"23434","Scaevan Visor of Scouting","Head","false","","No collected source","",""
"23435","Scaevan Tabard of Scouting","Body","false","","No collected source","",""
"23436","Scaevan Gloves of Scouting","Hands","false","","No collected source","",""
"23437","Scaevan Trousers of Scouting","Legs","false","","No collected source","",""
"23438","Scaevan Greaves of Scouting","Feet","false","","No collected source","",""
"23440","Scaevan Mask of Healing","Head","false","","No collected source","",""
"23441","Scaevan Coat of Healing","Body","false","","No collected source","",""
"23442","Scaevan Gloves of Healing","Hands","false","","No collected source","",""
"23443","Scaevan Trousers of Healing","Legs","false","","No collected source","",""
"23444","Scaevan Shoes of Healing","Feet","false","","No collected source","",""
"23446","Scaevan Mask of Casting","Head","false","","No collected source","",""
"23447","Scaevan Coat of Casting","Body","false","","No collected source","",""
"23448","Scaevan Gloves of Casting","Hands","false","","No collected source","",""
"23449","Scaevan Trousers of Casting","Legs","false","","No collected source","",""
"23450","Scaevan Shoes of Casting","Feet","false","","No collected source","",""
"23452","Scaevan Ear Cuff of Fending","Earrings","false","","No collected source","",""
"23453","Scaevan Ear Cuff of Slaying","Earrings","false","","No collected source","",""
"23454","Scaevan Ear Cuff of Aiming","Earrings","false","","No collected source","",""
"23455","Scaevan Ear Cuff of Healing","Earrings","false","","No collected source","",""
"23456","Scaevan Ear Cuff of Casting","Earrings","false","","No collected source","",""
"23457","Scaevan Choker of Fending","Necklace","false","","No collected source","",""
"23458","Scaevan Choker of Slaying","Necklace","false","","No collected source","",""
"23459","Scaevan Choker of Aiming","Necklace","false","","No collected source","",""
"23460","Scaevan Choker of Healing","Necklace","false","","No collected source","",""
"23461","Scaevan Choker of Casting","Necklace","false","","No collected source","",""
"23462","Scaevan Bracelet of Fending","Bracelets","false","","No collected source","",""
"23463","Scaevan Bracelet of Slaying","Bracelets","false","","No collected source","",""
"23464","Scaevan Bracelet of Aiming","Bracelets","false","","No collected source","",""
"23465","Scaevan Bracelet of Healing","Bracelets","false","","No collected source","",""
"23466","Scaevan Bracelet of Casting","Bracelets","false","","No collected source","",""
"23467","Scaevan Ring of Fending","Ring","false","","No collected source","",""
"23468","Scaevan Ring of Slaying","Ring","false","","No collected source","",""
"23469","Scaevan Ring of Aiming","Ring","false","","No collected source","",""
"23470","Scaevan Ring of Healing","Ring","false","","No collected source","",""
"23471","Scaevan Ring of Casting","Ring","false","","No collected source","",""
"23847","Ornate Rakshasa Kasaya of Fending","Body","false","","No collected source","",""
"23848","Ornate Rakshasa Kasaya of Maiming","Body","false","","No collected source","",""
"23849","Ornate Rakshasa Haori of Striking","Body","false","","No collected source","",""
"23850","Ornate Rakshasa Haori of Aiming","Body","false","","No collected source","",""
"23851","Ornate Rakshasa Haori of Scouting","Body","false","","No collected source","",""
"23852","Ornate Rakshasa Dogi of Healing","Body","false","","No collected source","",""
"23853","Ornate Rakshasa Dogi of Casting","Body","false","","No collected source","",""
"24039","Elemental Sword +1","Gladiator's Arm","false","","No collected source","",""
"24040","Elemental Knuckles +1","Pugilist's Arm","false","","No collected source","",""
"24041","Elemental Battleaxe +1","Marauder's Arm","false","","No collected source","",""
"24042","Elemental Lance +1","Lancer's Arm","false","","No collected source","",""
"24043","Elemental Harp Bow +1","Archer's Arm","false","","No collected source","",""
"24044","Elemental Knives +1","Rogue's Arm","false","","No collected source","",""
"24045","Elemental Guillotine +1","Dark Knight's Arm","false","","No collected source","",""
"24046","Elemental Handgonne +1","Machinist's Arm","false","","No collected source","",""
"24047","Elemental Cane +1","Two–handed Conjurer's Arm","false","","No collected source","",""
"24048","Elemental Rod +1","Two–handed Thaumaturge's Arm","false","","No collected source","",""
"24049","Elemental Grimoire +1","Arcanist's Grimoire","false","","No collected source","",""
"24050","Elemental Codex +1","Scholar's Arm","false","","No collected source","",""
"24051","Elemental Astrometer +1","Astrologian's Arm","false","","No collected source","",""
"24052","Elemental Blade +1","Samurai's Arm","false","","No collected source","",""
"24053","Elemental Tuck +1","Red Mage's Arm","false","","No collected source","",""
"24054","Elemental Shield +1","Shield","false","","No collected source","",""
"24055","Elemental Sword +2","Gladiator's Arm","false","","No collected source","",""
"24056","Elemental Knuckles +2","Pugilist's Arm","false","","No collected source","",""
"24057","Elemental Battleaxe +2","Marauder's Arm","false","","No collected source","",""
"24058","Elemental Lance +2","Lancer's Arm","false","","No collected source","",""
"24059","Elemental Harp Bow +2","Archer's Arm","false","","No collected source","",""
"24060","Elemental Knives +2","Rogue's Arm","false","","No collected source","",""
"24061","Elemental Guillotine +2","Dark Knight's Arm","false","","No collected source","",""
"24062","Elemental Handgonne +2","Machinist's Arm","false","","No collected source","",""
"24063","Elemental Cane +2","Two–handed Conjurer's Arm","false","","No collected source","",""
"24064","Elemental Rod +2","Two–handed Thaumaturge's Arm","false","","No collected source","",""
"24065","Elemental Grimoire +2","Arcanist's Grimoire","false","","No collected source","",""
"24066","Elemental Codex +2","Scholar's Arm","false","","No collected source","",""
"24067","Elemental Astrometer +2","Astrologian's Arm","false","","No collected source","",""
"24068","Elemental Blade +2","Samurai's Arm","false","","No collected source","",""
"24069","Elemental Tuck +2","Red Mage's Arm","false","","No collected source","",""
"24070","Elemental Shield +2","Shield","false","","No collected source","",""
"24071","Pyros Sword","Gladiator's Arm","false","","No collected source","",""
"24072","Pyros Knuckles","Pugilist's Arm","false","","No collected source","",""
"24073","Pyros Battleaxe","Marauder's Arm","false","","No collected source","",""
"24074","Pyros Lance","Lancer's Arm","false","","No collected source","",""
"24075","Pyros Harp Bow","Archer's Arm","false","","No collected source","",""
"24076","Pyros Knives","Rogue's Arm","false","","No collected source","",""
"24077","Pyros Guillotine","Dark Knight's Arm","false","","No collected source","",""
"24078","Pyros Handgonne","Machinist's Arm","false","","No collected source","",""
"24079","Pyros Cane","Two–handed Conjurer's Arm","false","","No collected source","",""
"24080","Pyros Rod","Two–handed Thaumaturge's Arm","false","","No collected source","",""
"24081","Pyros Grimoire","Arcanist's Grimoire","false","","No collected source","",""
"24082","Pyros Codex","Scholar's Arm","false","","No collected source","",""
"24083","Pyros Astrometer","Astrologian's Arm","false","","No collected source","",""
"24084","Pyros Blade","Samurai's Arm","false","","No collected source","",""
"24085","Pyros Tuck","Red Mage's Arm","false","","No collected source","",""
"24086","Pyros Shield","Shield","false","","No collected source","",""
"24145","Choir Hat","Head","false","offer","repurchaseShop","Purchase Starlight Celebration Items","1017613; 1017614; 1017615; 1025913; 1025914; 1025915; 1025916; 1025917; 1025918; 1025919; 1025920; 1025921; 1025922; 1025923; 1025924"
"24146","Choir Robe","Body","false","offer","repurchaseShop","Purchase Starlight Celebration Items","1017613; 1017614; 1017615; 1025913; 1025914; 1025915; 1025916; 1025917; 1025918; 1025919; 1025920; 1025921; 1025922; 1025923; 1025924"
"24147","Choir Shoes","Feet","false","offer","repurchaseShop","Purchase Starlight Celebration Items","1017613; 1017614; 1017615; 1025913; 1025914; 1025915; 1025916; 1025917; 1025918; 1025919; 1025920; 1025921; 1025922; 1025923; 1025924"
"24163","Matoya's Hat","Head","false","","No collected source","",""
"24236","Crimson Nezumi Kabuto","Head","false","offer","repurchaseShop; seasonalShop","Purchase Heavensturn Items; 1769925; 1769926; 1769927","1017613; 1017614; 1017615; 1025913; 1025914; 1025915; 1025916; 1025917; 1025918; 1025919; 1025920; 1025921; 1025922; 1025923; 1025924; 1026725; 1026726; 1026727"
"24237","Cobalt Nezumi Kabuto","Head","false","offer","repurchaseShop; seasonalShop","Purchase Heavensturn Items; 1769925; 1769926; 1769927","1017613; 1017614; 1017615; 1025913; 1025914; 1025915; 1025916; 1025917; 1025918; 1025919; 1025920; 1025921; 1025922; 1025923; 1025924; 1026725; 1026726; 1026727"
"24339","Archaeodemon Horns","Head","false","","No collected source","",""
"24449","Ivalician Sky Pirate's Jacket","Body","false","","No collected source","",""
"24551","The Spirit of the Whalaqee","Blue Mage's Arm","false","offer","repurchaseShop","Purchase Blue Mage Arms & Gear","1006004; 1006005; 1006006; 1025913; 1025914; 1025915; 1025916; 1025917; 1025918; 1025919; 1025920; 1025921; 1025922; 1025923; 1025924"
"24589","Aetheryte Earring","Earrings","false","","No collected source","",""
"24590","Flower Crown","Head","false","offer","repurchaseShop","Purchase Little Ladies' Day Items","1017613; 1017614; 1017615; 1025913; 1025914; 1025915; 1025916; 1025917; 1025918; 1025919; 1025920; 1025921; 1025922; 1025923; 1025924"
"24606","Spriggan Bottoms","Legs","false","offer","repurchaseShop","Purchase Hatching-tide Items","1017613; 1017614; 1017615; 1025913; 1025914; 1025915; 1025916; 1025917; 1025918; 1025919; 1025920; 1025921; 1025922; 1025923; 1025924"
"24607","Spriggan Boots","Feet","false","offer","repurchaseShop","Purchase Hatching-tide Items","1017613; 1017614; 1017615; 1025913; 1025914; 1025915; 1025916; 1025917; 1025918; 1025919; 1025920; 1025921; 1025922; 1025923; 1025924"
"24608","Lucian Prince's Jacket","Body","false","offer","repurchaseShop","Purchase Other Seasonal Event Items","1017613; 1017614; 1017615; 1025913; 1025914; 1025915; 1025916; 1025917; 1025918; 1025919; 1025920; 1025921; 1025922; 1025923; 1025924"
"24609","Lucian Prince's Fingerless Glove","Hands","false","offer","repurchaseShop","Purchase Other Seasonal Event Items","1017613; 1017614; 1017615; 1025913; 1025914; 1025915; 1025916; 1025917; 1025918; 1025919; 1025920; 1025921; 1025922; 1025923; 1025924"
"24610","Lucian Prince's Bottoms","Legs","false","offer","repurchaseShop","Purchase Other Seasonal Event Items","1017613; 1017614; 1017615; 1025913; 1025914; 1025915; 1025916; 1025917; 1025918; 1025919; 1025920; 1025921; 1025922; 1025923; 1025924"
"24611","Lucian Prince's Boots","Feet","false","offer","repurchaseShop","Purchase Other Seasonal Event Items","1017613; 1017614; 1017615; 1025913; 1025914; 1025915; 1025916; 1025917; 1025918; 1025919; 1025920; 1025921; 1025922; 1025923; 1025924"
"24612","Namazu Earring","Earrings","false","","No collected source","",""
"24613","Namazu Neckerchief","Necklace","false","","No collected source","",""
"24614","Mameshiba Earring","Earrings","false","","No collected source","",""
"24643","Hydatos Sword","Gladiator's Arm","false","","No collected source","",""
"24644","Hydatos Knuckles","Pugilist's Arm","false","","No collected source","",""
"24645","Hydatos Battleaxe","Marauder's Arm","false","","No collected source","",""
"24646","Hydatos Lance","Lancer's Arm","false","","No collected source","",""
"24647","Hydatos Harp Bow","Archer's Arm","false","","No collected source","",""
"24648","Hydatos Knives","Rogue's Arm","false","","No collected source","",""
"24649","Hydatos Guillotine","Dark Knight's Arm","false","","No collected source","",""
"24650","Hydatos Handgonne","Machinist's Arm","false","","No collected source","",""
"24651","Hydatos Cane","Two–handed Conjurer's Arm","false","","No collected source","",""
"24652","Hydatos Rod","Two–handed Thaumaturge's Arm","false","","No collected source","",""
"24653","Hydatos Grimoire","Arcanist's Grimoire","false","","No collected source","",""
"24654","Hydatos Codex","Scholar's Arm","false","","No collected source","",""
"24655","Hydatos Astrometer","Astrologian's Arm","false","","No collected source","",""
"24656","Hydatos Blade","Samurai's Arm","false","","No collected source","",""
"24657","Hydatos Tuck","Red Mage's Arm","false","","No collected source","",""
"24658","Hydatos Shield","Shield","false","","No collected source","",""
"24659","Hydatos Sword +1","Gladiator's Arm","false","","No collected source","",""
"24660","Hydatos Knuckles +1","Pugilist's Arm","false","","No collected source","",""
"24661","Hydatos Battleaxe +1","Marauder's Arm","false","","No collected source","",""
"24662","Hydatos Lance +1","Lancer's Arm","false","","No collected source","",""
"24663","Hydatos Harp Bow +1","Archer's Arm","false","","No collected source","",""
"24664","Hydatos Knives +1","Rogue's Arm","false","","No collected source","",""
"24665","Hydatos Guillotine +1","Dark Knight's Arm","false","","No collected source","",""
"24666","Hydatos Handgonne +1","Machinist's Arm","false","","No collected source","",""
"24667","Hydatos Cane +1","Two–handed Conjurer's Arm","false","","No collected source","",""
"24668","Hydatos Rod +1","Two–handed Thaumaturge's Arm","false","","No collected source","",""
"24669","Hydatos Grimoire +1","Arcanist's Grimoire","false","","No collected source","",""
"24670","Hydatos Codex +1","Scholar's Arm","false","","No collected source","",""
"24671","Hydatos Astrometer +1","Astrologian's Arm","false","","No collected source","",""
"24672","Hydatos Blade +1","Samurai's Arm","false","","No collected source","",""
"24673","Hydatos Tuck +1","Red Mage's Arm","false","","No collected source","",""
"24674","Hydatos Shield +1","Shield","false","","No collected source","",""
"24675","Antea","Gladiator's Arm","false","","No collected source","",""
"24676","Dumuzis","Pugilist's Arm","false","","No collected source","",""
"24677","Shamash","Marauder's Arm","false","","No collected source","",""
"24678","Daboya","Lancer's Arm","false","","No collected source","",""
"24679","Circinae","Archer's Arm","false","","No collected source","",""
"24680","Kasasagi","Rogue's Arm","false","","No collected source","",""
"24681","Xiphias","Dark Knight's Arm","false","","No collected source","",""
"24682","Mollfrith","Machinist's Arm","false","","No collected source","",""
"24683","Rose Couverte","Two–handed Conjurer's Arm","false","","No collected source","",""
"24684","Paikea","Two–handed Thaumaturge's Arm","false","","No collected source","",""
"24685","Tuah","Arcanist's Grimoire","false","","No collected source","",""
"24686","Jebat","Scholar's Arm","false","","No collected source","",""
"24687","Albireo","Astrologian's Arm","false","","No collected source","",""
"24688","Torigashira","Samurai's Arm","false","","No collected source","",""
"24689","Brunello","Red Mage's Arm","false","","No collected source","",""
"24690","Bellerophon","Shield","false","","No collected source","",""
"24707","Antea Physeos","Gladiator's Arm","false","","No collected source","",""
"24708","Dumuzis Physeos","Pugilist's Arm","false","","No collected source","",""
"24709","Shamash Physeos","Marauder's Arm","false","","No collected source","",""
"24710","Daboya Physeos","Lancer's Arm","false","","No collected source","",""
"24711","Circinae Physeos","Archer's Arm","false","","No collected source","",""
"24712","Kasasagi Physeos","Rogue's Arm","false","","No collected source","",""
"24713","Xiphias Physeos","Dark Knight's Arm","false","","No collected source","",""
"24714","Mollfrith Physeos","Machinist's Arm","false","","No collected source","",""
"24715","Rose Couverte Physeos","Two–handed Conjurer's Arm","false","","No collected source","",""
"24716","Paikea Physeos","Two–handed Thaumaturge's Arm","false","","No collected source","",""
"24717","Tuah Physeos","Arcanist's Grimoire","false","","No collected source","",""
"24718","Jebat Physeos","Scholar's Arm","false","","No collected source","",""
"24719","Albireo Physeos","Astrologian's Arm","false","","No collected source","",""
"24720","Torigashira Physeos","Samurai's Arm","false","","No collected source","",""
"24721","Brunello Physeos","Red Mage's Arm","false","","No collected source","",""
"24722","Bellerophon Physeos","Shield","false","","No collected source","",""
"24796","Azulmagia","Blue Mage's Arm","false","offer","repurchaseShop","Purchase Blue Mage Arms & Gear","1006004; 1006005; 1006006; 1025913; 1025914; 1025915; 1025916; 1025917; 1025918; 1025919; 1025920; 1025921; 1025922; 1025923; 1025924"
"24996","Great Shin-Zantetsuken","Dark Knight's Arm","false","duty","Unresolved duty name","",""
"24997","Shin-Zantetsuken","Samurai's Arm","false","duty","Unresolved duty name","",""
"25020","Gigas Greatsword","Dark Knight's Arm","false","offer","seasonalShop","1769939","1028221"
"25021","Tonberry Knife","Culinarian's Secondary Tool","false","offer","seasonalShop","1769939","1028221"
"25180","Revolver","Gunbreaker's Arm","false","","No collected source","",""
"25216","Soul of the Gunbreaker","Soul Crystal","false","","No collected source","",""
"25217","Soul of the Dancer","Soul Crystal","false","","No collected source","",""
"25468","Deepshadow Sword","Gladiator's Arm","false","","No collected source","",""
"25469","Deepshadow Knuckles","Pugilist's Arm","false","","No collected source","",""
"25470","Deepshadow Axe","Marauder's Arm","false","","No collected source","",""
"25471","Deepshadow Lance","Lancer's Arm","false","","No collected source","",""
"25472","Deepshadow Crossbow","Archer's Arm","false","","No collected source","",""
"25473","Deepshadow Daggers","Rogue's Arm","false","","No collected source","",""
"25474","Deepshadow Claymore","Dark Knight's Arm","false","","No collected source","",""
"25475","Deepshadow Pistol","Machinist's Arm","false","","No collected source","",""
"25476","Deepshadow Signum","Two–handed Conjurer's Arm","false","","No collected source","",""
"25477","Deepshadow Scythe","Two–handed Thaumaturge's Arm","false","","No collected source","",""
"25478","Deepshadow Grimoire","Arcanist's Grimoire","false","","No collected source","",""
"25479","Deepshadow Codex","Scholar's Arm","false","","No collected source","",""
"25480","Deepshadow Planisphere","Astrologian's Arm","false","","No collected source","",""
"25481","Deepshadow Blade","Samurai's Arm","false","","No collected source","",""
"25482","Deepshadow Tuck","Red Mage's Arm","false","","No collected source","",""
"25483","Deepshadow Manatrigger","Gunbreaker's Arm","false","","No collected source","",""
"25484","Deepshadow Glaives","Dancer's Arm","false","","No collected source","",""
"25485","Deepshadow Shield","Shield","false","","No collected source","",""
"25486","Deepshadow Helm of Fending","Head","false","","No collected source","",""
"25487","Deepshadow Cuirass of Fending","Body","false","","No collected source","",""
"25488","Deepshadow Gauntlets of Fending","Hands","false","","No collected source","",""
"25489","Deepshadow Breeches of Fending","Legs","false","","No collected source","",""
"25490","Deepshadow Sollerets of Fending","Feet","false","","No collected source","",""
"25492","Deepshadow Helm of Maiming","Head","false","","No collected source","",""
"25493","Deepshadow Cuirass of Maiming","Body","false","","No collected source","",""
"25494","Deepshadow Gauntlets of Maiming","Hands","false","","No collected source","",""
"25495","Deepshadow Breeches of Maiming","Legs","false","","No collected source","",""
"25496","Deepshadow Sollerets of Maiming","Feet","false","","No collected source","",""
"25498","Deepshadow Halfmask of Striking","Head","false","","No collected source","",""
"25499","Deepshadow Scale Mail of Striking","Body","false","","No collected source","",""
"25500","Deepshadow Gloves of Striking","Hands","false","","No collected source","",""
"25501","Deepshadow Bottoms of Striking","Legs","false","","No collected source","",""
"25502","Deepshadow Greaves of Striking","Feet","false","","No collected source","",""
"25504","Deepshadow Chapeau of Aiming","Head","false","","No collected source","",""
"25505","Deepshadow Coat of Aiming","Body","false","","No collected source","",""
"25506","Deepshadow Gloves of Aiming","Hands","false","","No collected source","",""
"25507","Deepshadow Breeches of Aiming","Legs","false","","No collected source","",""
"25508","Deepshadow Greaves of Aiming","Feet","false","","No collected source","",""
"25510","Deepshadow Mask of Scouting","Head","false","","No collected source","",""
"25511","Deepshadow Scale Mail of Scouting","Body","false","","No collected source","",""
"25512","Deepshadow Gloves of Scouting","Hands","false","","No collected source","",""
"25513","Deepshadow Bottoms of Scouting","Legs","false","","No collected source","",""
"25514","Deepshadow Greaves of Scouting","Feet","false","","No collected source","",""
"25516","Deepshadow Hood of Healing","Head","false","","No collected source","",""
"25517","Deepshadow Scale Mail of Healing","Body","false","","No collected source","",""
"25518","Deepshadow Armguards of Healing","Hands","false","","No collected source","",""
"25519","Deepshadow Breeches of Healing","Legs","false","","No collected source","",""
"25520","Deepshadow Greaves of Healing","Feet","false","","No collected source","",""
"25522","Deepshadow Hood of Casting","Head","false","","No collected source","",""
"25523","Deepshadow Scale Mail of Casting","Body","false","","No collected source","",""
"25524","Deepshadow Armguards of Casting","Hands","false","","No collected source","",""
"25525","Deepshadow Breeches of Casting","Legs","false","","No collected source","",""
"25526","Deepshadow Greaves of Casting","Feet","false","","No collected source","",""
"25528","Deepshadow Earring of Fending","Earrings","false","","No collected source","",""
"25529","Deepshadow Earring of Slaying","Earrings","false","","No collected source","",""
"25530","Deepshadow Earring of Aiming","Earrings","false","","No collected source","",""
"25531","Deepshadow Earring of Healing","Earrings","false","","No collected source","",""
"25532","Deepshadow Earring of Casting","Earrings","false","","No collected source","",""
"25533","Deepshadow Necklace of Fending","Necklace","false","","No collected source","",""
"25534","Deepshadow Necklace of Slaying","Necklace","false","","No collected source","",""
"25535","Deepshadow Necklace of Aiming","Necklace","false","","No collected source","",""
"25536","Deepshadow Necklace of Healing","Necklace","false","","No collected source","",""
"25537","Deepshadow Necklace of Casting","Necklace","false","","No collected source","",""
"25538","Deepshadow Bracelet of Fending","Bracelets","false","","No collected source","",""
"25539","Deepshadow Bracelet of Slaying","Bracelets","false","","No collected source","",""
"25540","Deepshadow Bracelet of Aiming","Bracelets","false","","No collected source","",""
"25541","Deepshadow Bracelet of Healing","Bracelets","false","","No collected source","",""
"25542","Deepshadow Bracelet of Casting","Bracelets","false","","No collected source","",""
"25543","Deepshadow Ring of Fending","Ring","false","","No collected source","",""
"25544","Deepshadow Ring of Slaying","Ring","false","","No collected source","",""
"25545","Deepshadow Ring of Aiming","Ring","false","","No collected source","",""
"25546","Deepshadow Ring of Healing","Ring","false","","No collected source","",""
"25547","Deepshadow Ring of Casting","Ring","false","","No collected source","",""
"26740","Crystarium Helm","Head","false","offer","repurchaseShop","Purchase Quest Rewards I","1006004; 1006005; 1006006; 1025913; 1025914; 1025915; 1025916; 1025917; 1025918; 1025919; 1025920; 1025921; 1025922; 1025923; 1025924"
"26741","Crystarium Tabard","Body","false","offer","repurchaseShop","Purchase Quest Rewards I","1006004; 1006005; 1006006; 1025913; 1025914; 1025915; 1025916; 1025917; 1025918; 1025919; 1025920; 1025921; 1025922; 1025923; 1025924"
"26742","Crystarium Gauntlets","Hands","false","offer","repurchaseShop","Purchase Quest Rewards I","1006004; 1006005; 1006006; 1025913; 1025914; 1025915; 1025916; 1025917; 1025918; 1025919; 1025920; 1025921; 1025922; 1025923; 1025924"
"26743","Crystarium Greaves","Feet","false","offer","repurchaseShop","Purchase Quest Rewards I","1006004; 1006005; 1006006; 1025913; 1025914; 1025915; 1025916; 1025917; 1025918; 1025919; 1025920; 1025921; 1025922; 1025923; 1025924"
"26811","Ornate Facet Mail of Fending","Body","false","","No collected source","",""
"26812","Ornate Facet Mail of Maiming","Body","false","","No collected source","",""
"26813","Ornate Facet Cyclas of Striking","Body","false","","No collected source","",""
"26814","Ornate Facet Tabard of Aiming","Body","false","","No collected source","",""
"26815","Ornate Facet Dolman of Scouting","Body","false","","No collected source","",""
"26816","Ornate Facet Coat of Healing","Body","false","","No collected source","",""
"26817","Ornate Facet Coat of Casting","Body","false","","No collected source","",""
"27351","Shire Bayonet","Gunbreaker's Arm","false","","No collected source","",""
"27352","Shire Glaives","Dancer's Arm","false","","No collected source","",""
"27355","Coven Gunblade","Gunbreaker's Arm","false","","No collected source","",""
"27356","Coven Glaives","Dancer's Arm","false","","No collected source","",""
"27381","Yaita","Gunbreaker's Arm","false","","No collected source","",""
"27382","Gyosei","Dancer's Arm","false","","No collected source","",""
"27383","Scaevan Magitek Gunblade","Gunbreaker's Arm","false","","No collected source","",""
"27384","Scaevan Magitek Chakrams","Dancer's Arm","false","","No collected source","",""
"27943","Moonfire Hachimaki","Head","false","offer","repurchaseShop","Purchase Moonfire Faire Items II","1017613; 1017614; 1017615; 1025913; 1025914; 1025915; 1025916; 1025917; 1025918; 1025919; 1025920; 1025921; 1025922; 1025923; 1025924"
"27944","White Painted Moogle Mask","Head","false","offer","repurchaseShop; seasonalShop","Purchase Moonfire Faire Items II; 1770010","1017613; 1017614; 1017615; 1025913; 1025914; 1025915; 1025916; 1025917; 1025918; 1025919; 1025920; 1025921; 1025922; 1025923; 1025924; 1031465"
"27945","Black Painted Moogle Mask","Head","false","offer","repurchaseShop; seasonalShop","Purchase Moonfire Faire Items II; 1770010","1017613; 1017614; 1017615; 1025913; 1025914; 1025915; 1025916; 1025917; 1025918; 1025919; 1025920; 1025921; 1025922; 1025923; 1025924; 1031465"
"27946","Painted Namazu Mask","Head","false","offer","repurchaseShop; seasonalShop","Purchase Moonfire Faire Items II; 1770010","1017613; 1017614; 1017615; 1025913; 1025914; 1025915; 1025916; 1025917; 1025918; 1025919; 1025920; 1025921; 1025922; 1025923; 1025924; 1031465"
"27947","White Moonfire Happi","Body","false","offer","repurchaseShop","Purchase Moonfire Faire Items II","1017613; 1017614; 1017615; 1025913; 1025914; 1025915; 1025916; 1025917; 1025918; 1025919; 1025920; 1025921; 1025922; 1025923; 1025924"
"27948","Red Moonfire Happi","Body","false","offer","repurchaseShop; seasonalShop","Purchase Moonfire Faire Items II; 1770010","1017613; 1017614; 1017615; 1025913; 1025914; 1025915; 1025916; 1025917; 1025918; 1025919; 1025920; 1025921; 1025922; 1025923; 1025924; 1031465"
"27949","Black Moonfire Happi","Body","false","offer","repurchaseShop; seasonalShop","Purchase Moonfire Faire Items II; 1770010","1017613; 1017614; 1017615; 1025913; 1025914; 1025915; 1025916; 1025917; 1025918; 1025919; 1025920; 1025921; 1025922; 1025923; 1025924; 1031465"
"27950","Moonfire Tabi","Feet","false","offer","repurchaseShop","Purchase Moonfire Faire Items II","1017613; 1017614; 1017615; 1025913; 1025914; 1025915; 1025916; 1025917; 1025918; 1025919; 1025920; 1025921; 1025922; 1025923; 1025924"
"28556","Crimson Ushi Kabuto","Head","false","offer","repurchaseShop; seasonalShop","Purchase Heavensturn Items; 1770035; 1770036; 1770037","1017613; 1017614; 1017615; 1025913; 1025914; 1025915; 1025916; 1025917; 1025918; 1025919; 1025920; 1025921; 1025922; 1025923; 1025924; 1031951; 1031952; 1031953"
"28557","Black Ushi Kabuto","Head","false","offer","repurchaseShop; seasonalShop","Purchase Heavensturn Items; 1770035; 1770036; 1770037","1017613; 1017614; 1017615; 1025913; 1025914; 1025915; 1025916; 1025917; 1025918; 1025919; 1025920; 1025921; 1025922; 1025923; 1025924; 1031951; 1031952; 1031953"
"28558","Valentione Rose Hat","Head","false","offer","repurchaseShop; seasonalShop","Purchase Valentione's Day Items; 1770033","1017613; 1017614; 1017615; 1025913; 1025914; 1025915; 1025916; 1025917; 1025918; 1025919; 1025920; 1025921; 1025922; 1025923; 1025924; 1032099"
"28559","Valentione Rose Waistcoat","Body","false","offer","repurchaseShop; seasonalShop","Purchase Valentione's Day Items; 1770033","1017613; 1017614; 1017615; 1025913; 1025914; 1025915; 1025916; 1025917; 1025918; 1025919; 1025920; 1025921; 1025922; 1025923; 1025924; 1032099"
"28560","Valentione Rose Gloves","Hands","false","offer","repurchaseShop; seasonalShop","Purchase Valentione's Day Items; 1770033","1017613; 1017614; 1017615; 1025913; 1025914; 1025915; 1025916; 1025917; 1025918; 1025919; 1025920; 1025921; 1025922; 1025923; 1025924; 1032099"
"28561","Valentione Rose Slacks","Legs","false","offer","repurchaseShop; seasonalShop","Purchase Valentione's Day Items; 1770033","1017613; 1017614; 1017615; 1025913; 1025914; 1025915; 1025916; 1025917; 1025918; 1025919; 1025920; 1025921; 1025922; 1025923; 1025924; 1032099"
"28562","Valentione Rose Shoes","Feet","false","offer","repurchaseShop; seasonalShop","Purchase Valentione's Day Items; 1770033","1017613; 1017614; 1017615; 1025913; 1025914; 1025915; 1025916; 1025917; 1025918; 1025919; 1025920; 1025921; 1025922; 1025923; 1025924; 1032099"
"28563","Valentione Forget-me-not Hat","Head","false","offer","repurchaseShop; seasonalShop","Purchase Valentione's Day Items; 1770033","1017613; 1017614; 1017615; 1025913; 1025914; 1025915; 1025916; 1025917; 1025918; 1025919; 1025920; 1025921; 1025922; 1025923; 1025924; 1032099"
"28564","Valentione Forget-me-not Waistcoat","Body","false","offer","repurchaseShop; seasonalShop","Purchase Valentione's Day Items; 1770033","1017613; 1017614; 1017615; 1025913; 1025914; 1025915; 1025916; 1025917; 1025918; 1025919; 1025920; 1025921; 1025922; 1025923; 1025924; 1032099"
"28565","Valentione Forget-me-not Gloves","Hands","false","offer","repurchaseShop; seasonalShop","Purchase Valentione's Day Items; 1770033","1017613; 1017614; 1017615; 1025913; 1025914; 1025915; 1025916; 1025917; 1025918; 1025919; 1025920; 1025921; 1025922; 1025923; 1025924; 1032099"
"28566","Valentione Forget-me-not Slacks","Legs","false","offer","repurchaseShop; seasonalShop","Purchase Valentione's Day Items; 1770033","1017613; 1017614; 1017615; 1025913; 1025914; 1025915; 1025916; 1025917; 1025918; 1025919; 1025920; 1025921; 1025922; 1025923; 1025924; 1032099"
"28567","Valentione Forget-me-not Shoes","Feet","false","offer","repurchaseShop; seasonalShop","Purchase Valentione's Day Items; 1770033","1017613; 1017614; 1017615; 1025913; 1025914; 1025915; 1025916; 1025917; 1025918; 1025919; 1025920; 1025921; 1025922; 1025923; 1025924; 1032099"
"28568","Valentione Acacia Hat","Head","false","offer","repurchaseShop; seasonalShop","Purchase Valentione's Day Items; 1770033","1017613; 1017614; 1017615; 1025913; 1025914; 1025915; 1025916; 1025917; 1025918; 1025919; 1025920; 1025921; 1025922; 1025923; 1025924; 1032099"
"28569","Valentione Acacia Waistcoat","Body","false","offer","repurchaseShop; seasonalShop","Purchase Valentione's Day Items; 1770033","1017613; 1017614; 1017615; 1025913; 1025914; 1025915; 1025916; 1025917; 1025918; 1025919; 1025920; 1025921; 1025922; 1025923; 1025924; 1032099"
"28570","Valentione Acacia Gloves","Hands","false","offer","repurchaseShop; seasonalShop","Purchase Valentione's Day Items; 1770033","1017613; 1017614; 1017615; 1025913; 1025914; 1025915; 1025916; 1025917; 1025918; 1025919; 1025920; 1025921; 1025922; 1025923; 1025924; 1032099"
"28571","Valentione Acacia Slacks","Legs","false","offer","repurchaseShop; seasonalShop","Purchase Valentione's Day Items; 1770033","1017613; 1017614; 1017615; 1025913; 1025914; 1025915; 1025916; 1025917; 1025918; 1025919; 1025920; 1025921; 1025922; 1025923; 1025924; 1032099"
"28572","Valentione Acacia Shoes","Feet","false","offer","repurchaseShop; seasonalShop","Purchase Valentione's Day Items; 1770033","1017613; 1017614; 1017615; 1025913; 1025914; 1025915; 1025916; 1025917; 1025918; 1025919; 1025920; 1025921; 1025922; 1025923; 1025924; 1032099"
"28573","Valentione Rose Ribboned Hat","Head","false","offer","repurchaseShop; seasonalShop","Purchase Valentione's Day Items; 1770033","1017613; 1017614; 1017615; 1025913; 1025914; 1025915; 1025916; 1025917; 1025918; 1025919; 1025920; 1025921; 1025922; 1025923; 1025924; 1032099"
"28574","Valentione Rose Dress","Body","false","offer","repurchaseShop; seasonalShop","Purchase Valentione's Day Items; 1770033","1017613; 1017614; 1017615; 1025913; 1025914; 1025915; 1025916; 1025917; 1025918; 1025919; 1025920; 1025921; 1025922; 1025923; 1025924; 1032099"
"28575","Valentione Rose Ribboned Gloves","Hands","false","offer","repurchaseShop; seasonalShop","Purchase Valentione's Day Items; 1770033","1017613; 1017614; 1017615; 1025913; 1025914; 1025915; 1025916; 1025917; 1025918; 1025919; 1025920; 1025921; 1025922; 1025923; 1025924; 1032099"
"28576","Valentione Rose Tights","Legs","false","offer","repurchaseShop; seasonalShop","Purchase Valentione's Day Items; 1770033","1017613; 1017614; 1017615; 1025913; 1025914; 1025915; 1025916; 1025917; 1025918; 1025919; 1025920; 1025921; 1025922; 1025923; 1025924; 1032099"
"28577","Valentione Rose Heels","Feet","false","offer","repurchaseShop; seasonalShop","Purchase Valentione's Day Items; 1770033","1017613; 1017614; 1017615; 1025913; 1025914; 1025915; 1025916; 1025917; 1025918; 1025919; 1025920; 1025921; 1025922; 1025923; 1025924; 1032099"
"28578","Valentione Forget-me-not Ribboned Hat","Head","false","offer","repurchaseShop; seasonalShop","Purchase Valentione's Day Items; 1770033","1017613; 1017614; 1017615; 1025913; 1025914; 1025915; 1025916; 1025917; 1025918; 1025919; 1025920; 1025921; 1025922; 1025923; 1025924; 1032099"
"28579","Valentione Forget-me-not Dress","Body","false","offer","repurchaseShop; seasonalShop","Purchase Valentione's Day Items; 1770033","1017613; 1017614; 1017615; 1025913; 1025914; 1025915; 1025916; 1025917; 1025918; 1025919; 1025920; 1025921; 1025922; 1025923; 1025924; 1032099"
"28580","Valentione Forget-me-not Ribboned Gloves","Hands","false","offer","repurchaseShop; seasonalShop","Purchase Valentione's Day Items; 1770033","1017613; 1017614; 1017615; 1025913; 1025914; 1025915; 1025916; 1025917; 1025918; 1025919; 1025920; 1025921; 1025922; 1025923; 1025924; 1032099"
"28581","Valentione Forget-me-not Tights","Legs","false","offer","repurchaseShop; seasonalShop","Purchase Valentione's Day Items; 1770033","1017613; 1017614; 1017615; 1025913; 1025914; 1025915; 1025916; 1025917; 1025918; 1025919; 1025920; 1025921; 1025922; 1025923; 1025924; 1032099"
"28582","Valentione Forget-me-not Heels","Feet","false","offer","repurchaseShop; seasonalShop","Purchase Valentione's Day Items; 1770033","1017613; 1017614; 1017615; 1025913; 1025914; 1025915; 1025916; 1025917; 1025918; 1025919; 1025920; 1025921; 1025922; 1025923; 1025924; 1032099"
"28583","Valentione Acacia Ribboned Hat","Head","false","offer","repurchaseShop; seasonalShop","Purchase Valentione's Day Items; 1770033","1017613; 1017614; 1017615; 1025913; 1025914; 1025915; 1025916; 1025917; 1025918; 1025919; 1025920; 1025921; 1025922; 1025923; 1025924; 1032099"
"28584","Valentione Acacia Dress","Body","false","offer","repurchaseShop; seasonalShop","Purchase Valentione's Day Items; 1770033","1017613; 1017614; 1017615; 1025913; 1025914; 1025915; 1025916; 1025917; 1025918; 1025919; 1025920; 1025921; 1025922; 1025923; 1025924; 1032099"
"28585","Valentione Acacia Ribboned Gloves","Hands","false","offer","repurchaseShop; seasonalShop","Purchase Valentione's Day Items; 1770033","1017613; 1017614; 1017615; 1025913; 1025914; 1025915; 1025916; 1025917; 1025918; 1025919; 1025920; 1025921; 1025922; 1025923; 1025924; 1032099"
"28586","Valentione Acacia Tights","Legs","false","offer","repurchaseShop; seasonalShop","Purchase Valentione's Day Items; 1770033","1017613; 1017614; 1017615; 1025913; 1025914; 1025915; 1025916; 1025917; 1025918; 1025919; 1025920; 1025921; 1025922; 1025923; 1025924; 1032099"
"28587","Valentione Acacia Heels","Feet","false","offer","repurchaseShop; seasonalShop","Purchase Valentione's Day Items; 1770033","1017613; 1017614; 1017615; 1025913; 1025914; 1025915; 1025916; 1025917; 1025918; 1025919; 1025920; 1025921; 1025922; 1025923; 1025924; 1032099"
"28647","Mask of Azuro","Head","false","offer","repurchaseShop","Purchase Blue Mage Arms & Gear","1006004; 1006005; 1006006; 1025913; 1025914; 1025915; 1025916; 1025917; 1025918; 1025919; 1025920; 1025921; 1025922; 1025923; 1025924"
"29179","Crystarium Sword","Gladiator's Arm","false","","No collected source","",""
"29180","Crystarium Knuckles","Pugilist's Arm","false","","No collected source","",""
"29181","Crystarium Labrys","Marauder's Arm","false","","No collected source","",""
"29182","Crystarium Spear","Lancer's Arm","false","","No collected source","",""
"29183","Crystarium Composite Bow","Archer's Arm","false","","No collected source","",""
"29184","Crystarium Daggers","Rogue's Arm","false","","No collected source","",""
"29185","Crystarium Greatsword","Dark Knight's Arm","false","","No collected source","",""
"29186","Crystarium Culverin","Machinist's Arm","false","","No collected source","",""
"29187","Crystarium Cane","Two–handed Conjurer's Arm","false","","No collected source","",""
"29188","Crystarium Rod","Two–handed Thaumaturge's Arm","false","","No collected source","",""
"29189","Crystarium Index","Arcanist's Grimoire","false","","No collected source","",""
"29190","Crystarium Codex","Scholar's Arm","false","","No collected source","",""
"29191","Crystarium Planisphere","Astrologian's Arm","false","","No collected source","",""
"29192","Crystarium Samurai Blade","Samurai's Arm","false","","No collected source","",""
"29193","Crystarium Rapier","Red Mage's Arm","false","","No collected source","",""
"29194","Crystarium Manatrigger","Gunbreaker's Arm","false","","No collected source","",""
"29195","Crystarium War Quoits","Dancer's Arm","false","","No collected source","",""
"29196","Crystarium Kite Shield","Shield","false","","No collected source","",""
"29197","Crystarium Circlet of Fending","Head","false","","No collected source","",""
"29198","Crystarium Tabard of Fending","Body","false","","No collected source","",""
"29199","Crystarium Gauntlets of Fending","Hands","false","","No collected source","",""
"29200","Crystarium Trousers of Fending","Legs","false","","No collected source","",""
"29201","Crystarium Thighboots of Fending","Feet","false","","No collected source","",""
"29203","Crystarium Circlet of Maiming","Head","false","","No collected source","",""
"29204","Crystarium Tabard of Maiming","Body","false","","No collected source","",""
"29205","Crystarium Gauntlets of Maiming","Hands","false","","No collected source","",""
"29206","Crystarium Trousers of Maiming","Legs","false","","No collected source","",""
"29207","Crystarium Thighboots of Maiming","Feet","false","","No collected source","",""
"29209","Crystarium Turban of Striking","Head","false","","No collected source","",""
"29210","Crystarium Coat of Striking","Body","false","","No collected source","",""
"29211","Crystarium Gloves of Striking","Hands","false","","No collected source","",""
"29212","Crystarium Pantaloons of Striking","Legs","false","","No collected source","",""
"29213","Crystarium Shoes of Striking","Feet","false","","No collected source","",""
"29215","Crystarium Blinder of Aiming","Head","false","","No collected source","",""
"29216","Crystarium Coat of Aiming","Body","false","","No collected source","",""
"29217","Crystarium Gloves of Aiming","Hands","false","","No collected source","",""
"29218","Crystarium Breeches of Aiming","Legs","false","","No collected source","",""
"29219","Crystarium Boots of Aiming","Feet","false","","No collected source","",""
"29221","Crystarium Hat of Scouting","Head","false","","No collected source","",""
"29222","Crystarium Coat of Scouting","Body","false","","No collected source","",""
"29223","Crystarium Gloves of Scouting","Hands","false","","No collected source","",""
"29224","Crystarium Pantaloons of Scouting","Legs","false","","No collected source","",""
"29225","Crystarium Boots of Scouting","Feet","false","","No collected source","",""
"29227","Crystarium Turban of Healing","Head","false","","No collected source","",""
"29228","Crystarium Robe of Healing","Body","false","","No collected source","",""
"29229","Crystarium Gloves of Healing","Hands","false","","No collected source","",""
"29230","Crystarium Pantaloons of Healing","Legs","false","","No collected source","",""
"29231","Crystarium Shoes of Healing","Feet","false","","No collected source","",""
"29233","Crystarium Halfmask of Casting","Head","false","","No collected source","",""
"29234","Crystarium Robe of Casting","Body","false","","No collected source","",""
"29235","Crystarium Shortgloves of Casting","Hands","false","","No collected source","",""
"29236","Crystarium Hose of Casting","Legs","false","","No collected source","",""
"29237","Crystarium Boots of Casting","Feet","false","","No collected source","",""
"29239","Crystarium Earrings of Fending","Earrings","false","","No collected source","",""
"29240","Crystarium Earrings of Slaying","Earrings","false","","No collected source","",""
"29241","Crystarium Earrings of Aiming","Earrings","false","","No collected source","",""
"29242","Crystarium Earrings of Healing","Earrings","false","","No collected source","",""
"29243","Crystarium Earrings of Casting","Earrings","false","","No collected source","",""
"29244","Crystarium Choker of Fending","Necklace","false","","No collected source","",""
"29245","Crystarium Choker of Slaying","Necklace","false","","No collected source","",""
"29246","Crystarium Choker of Aiming","Necklace","false","","No collected source","",""
"29247","Crystarium Choker of Healing","Necklace","false","","No collected source","",""
"29248","Crystarium Choker of Casting","Necklace","false","","No collected source","",""
"29249","Crystarium Wristband of Fending","Bracelets","false","","No collected source","",""
"29250","Crystarium Wristband of Slaying","Bracelets","false","","No collected source","",""
"29251","Crystarium Wristband of Aiming","Bracelets","false","","No collected source","",""
"29252","Crystarium Wristband of Healing","Bracelets","false","","No collected source","",""
"29253","Crystarium Wristband of Casting","Bracelets","false","","No collected source","",""
"29254","Crystarium Ring of Fending","Ring","false","","No collected source","",""
"29255","Crystarium Ring of Slaying","Ring","false","","No collected source","",""
"29256","Crystarium Ring of Aiming","Ring","false","","No collected source","",""
"29257","Crystarium Ring of Healing","Ring","false","","No collected source","",""
"29258","Crystarium Ring of Casting","Ring","false","","No collected source","",""
"30035","Ornate Neo-Ishgardian Top of Fending","Body","false","","No collected source","",""
"30036","Ornate Neo-Ishgardian Top of Maiming","Body","false","","No collected source","",""
"30037","Ornate Neo-Ishgardian Top of Striking","Body","false","","No collected source","",""
"30038","Ornate Neo-Ishgardian Top of Aiming","Body","false","","No collected source","",""
"30039","Ornate Neo-Ishgardian Top of Scouting","Body","false","","No collected source","",""
"30040","Ornate Neo-Ishgardian Top of Healing","Body","false","","No collected source","",""
"30041","Ornate Neo-Ishgardian Top of Casting","Body","false","","No collected source","",""
"30042","Seneschal's Monocle","Head","false","offer","repurchaseShop","Purchase Little Ladies' Day Items","1017613; 1017614; 1017615; 1025913; 1025914; 1025915; 1025916; 1025917; 1025918; 1025919; 1025920; 1025921; 1025922; 1025923; 1025924"
"30043","Princess's Peach Corsage","Head","false","offer","repurchaseShop","Purchase Little Ladies' Day Items","1017613; 1017614; 1017615; 1025913; 1025914; 1025915; 1025916; 1025917; 1025918; 1025919; 1025920; 1025921; 1025922; 1025923; 1025924"
"30044","Rabbit Head","Head","false","offer","repurchaseShop; seasonalShop","Purchase Hatching-tide Items; 1770047","1017613; 1017614; 1017615; 1025913; 1025914; 1025915; 1025916; 1025917; 1025918; 1025919; 1025920; 1025921; 1025922; 1025923; 1025924; 1032644"
"30045","Rabbit Suit","Body","false","offer","repurchaseShop; seasonalShop","Purchase Hatching-tide Items; 1770047","1017613; 1017614; 1017615; 1025913; 1025914; 1025915; 1025916; 1025917; 1025918; 1025919; 1025920; 1025921; 1025922; 1025923; 1025924; 1032644"
"30046","Dapper Rabbit Suit","Body","false","offer","repurchaseShop; seasonalShop","Purchase Hatching-tide Items; 1770047","1017613; 1017614; 1017615; 1025913; 1025914; 1025915; 1025916; 1025917; 1025918; 1025919; 1025920; 1025921; 1025922; 1025923; 1025924; 1032644"
"30228","Honorbound","Gladiator's Arm","false","","No collected source","",""
"30229","Samsara","Pugilist's Arm","false","","No collected source","",""
"30230","Skullrender","Marauder's Arm","false","","No collected source","",""
"30231","Dreizack","Lancer's Arm","false","","No collected source","",""
"30232","Brilliance","Archer's Arm","false","","No collected source","",""
"30233","Honeshirazu","Rogue's Arm","false","","No collected source","",""
"30234","Woeborn","Dark Knight's Arm","false","","No collected source","",""
"30235","Lawman","Machinist's Arm","false","","No collected source","",""
"30236","Ingrimm","Two–handed Conjurer's Arm","false","","No collected source","",""
"30237","Soulscourge","Two–handed Thaumaturge's Arm","false","","No collected source","",""
"30238","Espiritus","Arcanist's Grimoire","false","","No collected source","",""
"30239","Akademos","Scholar's Arm","false","","No collected source","",""
"30240","Solstice","Astrologian's Arm","false","","No collected source","",""
"30241","Hoshikiri","Samurai's Arm","false","","No collected source","",""
"30242","Talekeeper","Red Mage's Arm","false","","No collected source","",""
"30243","Crownsblade","Gunbreaker's Arm","false","","No collected source","",""
"30244","Enchufla","Dancer's Arm","false","","No collected source","",""
"30245","Tenacity","Shield","false","","No collected source","",""
"30750","Summer's Flame Hat","Head","false","offer","repurchaseShop; seasonalShop","Purchase Moonfire Faire Items II; 1770286","1017613; 1017614; 1017615; 1025913; 1025914; 1025915; 1025916; 1025917; 1025918; 1025919; 1025920; 1025921; 1025922; 1025923; 1025924; 1034215"
"30751","Summer's Flame Top","Body","false","offer","repurchaseShop; seasonalShop","Purchase Moonfire Faire Items II; 1770286","1017613; 1017614; 1017615; 1025913; 1025914; 1025915; 1025916; 1025917; 1025918; 1025919; 1025920; 1025921; 1025922; 1025923; 1025924; 1034215"
"30752","Summer's Flame Wrist Torque","Hands","false","offer","repurchaseShop; seasonalShop","Purchase Moonfire Faire Items II; 1770286","1017613; 1017614; 1017615; 1025913; 1025914; 1025915; 1025916; 1025917; 1025918; 1025919; 1025920; 1025921; 1025922; 1025923; 1025924; 1034215"
"30753","Summer's Flame Pareo","Legs","false","offer","repurchaseShop; seasonalShop","Purchase Moonfire Faire Items II; 1770286","1017613; 1017614; 1017615; 1025913; 1025914; 1025915; 1025916; 1025917; 1025918; 1025919; 1025920; 1025921; 1025922; 1025923; 1025924; 1034215"
"30754","Summer's Flame Sandals","Feet","false","offer","repurchaseShop; seasonalShop","Purchase Moonfire Faire Items II; 1770286","1017613; 1017614; 1017615; 1025913; 1025914; 1025915; 1025916; 1025917; 1025918; 1025919; 1025920; 1025921; 1025922; 1025923; 1025924; 1034215"
"30767","Augmented Honorbound","Gladiator's Arm","false","","No collected source","",""
"30768","Augmented Samsara","Pugilist's Arm","false","","No collected source","",""
"30769","Augmented Skullrender","Marauder's Arm","false","","No collected source","",""
"30770","Augmented Dreizack","Lancer's Arm","false","","No collected source","",""
"30771","Augmented Brilliance","Archer's Arm","false","","No collected source","",""
"30772","Augmented Honeshirazu","Rogue's Arm","false","","No collected source","",""
"30773","Augmented Woeborn","Dark Knight's Arm","false","","No collected source","",""
"30774","Augmented Lawman","Machinist's Arm","false","","No collected source","",""
"30775","Augmented Ingrimm","Two–handed Conjurer's Arm","false","","No collected source","",""
"30776","Augmented Soulscourge","Two–handed Thaumaturge's Arm","false","","No collected source","",""
"30777","Augmented Espiritus","Arcanist's Grimoire","false","","No collected source","",""
"30778","Augmented Akademos","Scholar's Arm","false","","No collected source","",""
"30779","Augmented Solstice","Astrologian's Arm","false","","No collected source","",""
"30780","Augmented Hoshikiri","Samurai's Arm","false","","No collected source","",""
"30781","Augmented Talekeeper","Red Mage's Arm","false","","No collected source","",""
"30782","Augmented Crownsblade","Gunbreaker's Arm","false","","No collected source","",""
"30783","Augmented Enchufla","Dancer's Arm","false","","No collected source","",""
"30784","Augmented Tenacity","Shield","false","","No collected source","",""
"30785","Honorbound Recollection","Gladiator's Arm","false","","No collected source","",""
"30786","Samsara Recollection","Pugilist's Arm","false","","No collected source","",""
"30787","Skullrender Recollection","Marauder's Arm","false","","No collected source","",""
"30788","Dreizack Recollection","Lancer's Arm","false","","No collected source","",""
"30789","Brilliance Recollection","Archer's Arm","false","","No collected source","",""
"30790","Honeshirazu Recollection","Rogue's Arm","false","","No collected source","",""
"30791","Woeborn Recollection","Dark Knight's Arm","false","","No collected source","",""
"30792","Lawman Recollection","Machinist's Arm","false","","No collected source","",""
"30793","Ingrimm Recollection","Two–handed Conjurer's Arm","false","","No collected source","",""
"30794","Soulscourge Recollection","Two–handed Thaumaturge's Arm","false","","No collected source","",""
"30795","Espiritus Recollection","Arcanist's Grimoire","false","","No collected source","",""
"30796","Akademos Recollection","Scholar's Arm","false","","No collected source","",""
"30797","Solstice Recollection","Astrologian's Arm","false","","No collected source","",""
"30798","Hoshikiri Recollection","Samurai's Arm","false","","No collected source","",""
"30799","Talekeeper Recollection","Red Mage's Arm","false","","No collected source","",""
"30800","Crownsblade Recollection","Gunbreaker's Arm","false","","No collected source","",""
"30801","Enchufla Recollection","Dancer's Arm","false","","No collected source","",""
"30802","Tenacity Recollection","Shield","false","","No collected source","",""
"30807","Katana of the King's Counsel","Samurai's Arm","false","","No collected source","",""
"30808","Rapier of the Serpent Lord","Red Mage's Arm","false","","No collected source","",""
"30809","Gunblade of the Yo-kai King","Gunbreaker's Arm","false","","No collected source","",""
"30810","Glaives of the Dark Princess","Dancer's Arm","false","","No collected source","",""
"31429","Plundered Round Shield","Shield","false","","No collected source","",""
"32418","Cryptlurker's Sword","Gladiator's Arm","false","","No collected source","",""
"32419","Cryptlurker's Tonfa","Pugilist's Arm","false","","No collected source","",""
"32420","Cryptlurker's War Axe","Marauder's Arm","false","","No collected source","",""
"32421","Cryptlurker's Spear","Lancer's Arm","false","","No collected source","",""
"32422","Cryptlurker's Composite Bow","Archer's Arm","false","","No collected source","",""
"32423","Cryptlurker's Cleavers","Rogue's Arm","false","","No collected source","",""
"32424","Cryptlurker's Guillotine","Dark Knight's Arm","false","","No collected source","",""
"32425","Cryptlurker's Pistol","Machinist's Arm","false","","No collected source","",""
"32426","Cryptlurker's Crook","Two–handed Conjurer's Arm","false","","No collected source","",""
"32427","Cryptlurker's Rod","Two–handed Thaumaturge's Arm","false","","No collected source","",""
"32428","Cryptlurker's Index","Arcanist's Grimoire","false","","No collected source","",""
"32429","Cryptlurker's Codex","Scholar's Arm","false","","No collected source","",""
"32430","Cryptlurker's Planisphere","Astrologian's Arm","false","","No collected source","",""
"32431","Cryptlurker's Samurai Blade","Samurai's Arm","false","","No collected source","",""
"32432","Cryptlurker's Tuck","Red Mage's Arm","false","","No collected source","",""
"32433","Cryptlurker's Manatrigger","Gunbreaker's Arm","false","","No collected source","",""
"32434","Cryptlurker's War Quoits","Dancer's Arm","false","","No collected source","",""
"32435","Cryptlurker's Kite Shield","Shield","false","","No collected source","",""
"32436","Cryptlurker's Elmo of Fending","Head","false","","No collected source","",""
"32437","Cryptlurker's Cuirass of Fending","Body","false","","No collected source","",""
"32438","Cryptlurker's Gauntlets of Fending","Hands","false","","No collected source","",""
"32439","Cryptlurker's Hose of Fending","Legs","false","","No collected source","",""
"32440","Cryptlurker's Sollerets of Fending","Feet","false","","No collected source","",""
"32442","Cryptlurker's Helm of Maiming","Head","false","","No collected source","",""
"32443","Cryptlurker's Cuirass of Maiming","Body","false","","No collected source","",""
"32444","Cryptlurker's Vambraces of Maiming","Hands","false","","No collected source","",""
"32445","Cryptlurker's Hose of Maiming","Legs","false","","No collected source","",""
"32446","Cryptlurker's Sollerets of Maiming","Feet","false","","No collected source","",""
"32448","Cryptlurker's Mesail of Striking","Head","false","","No collected source","",""
"32449","Cryptlurker's Corselet of Striking","Body","false","","No collected source","",""
"32450","Cryptlurker's Vambraces of Striking","Hands","false","","No collected source","",""
"32451","Cryptlurker's Hose of Striking","Legs","false","","No collected source","",""
"32452","Cryptlurker's Boots of Striking","Feet","false","","No collected source","",""
"32454","Cryptlurker's Helm of Aiming","Head","false","","No collected source","",""
"32455","Cryptlurker's Corselet of Aiming","Body","false","","No collected source","",""
"32456","Cryptlurker's Vambraces of Aiming","Hands","false","","No collected source","",""
"32457","Cryptlurker's Hose of Aiming","Legs","false","","No collected source","",""
"32458","Cryptlurker's Boots of Aiming","Feet","false","","No collected source","",""
"32460","Cryptlurker's Mesail of Scouting","Head","false","","No collected source","",""
"32461","Cryptlurker's Corselet of Scouting","Body","false","","No collected source","",""
"32462","Cryptlurker's Vambraces of Scouting","Hands","false","","No collected source","",""
"32463","Cryptlurker's Hose of Scouting","Legs","false","","No collected source","",""
"32464","Cryptlurker's Boots of Scouting","Feet","false","","No collected source","",""
"32466","Cryptlurker's Helm of Healing","Head","false","","No collected source","",""
"32467","Cryptlurker's Robe of Healing","Body","false","","No collected source","",""
"32468","Cryptlurker's Vambraces of Healing","Hands","false","","No collected source","",""
"32469","Cryptlurker's Chausses of Healing","Legs","false","","No collected source","",""
"32470","Cryptlurker's Shoes of Healing","Feet","false","","No collected source","",""
"32472","Cryptlurker's Mesail of Casting","Head","false","","No collected source","",""
"32473","Cryptlurker's Robe of Casting","Body","false","","No collected source","",""
"32474","Cryptlurker's Vambraces of Casting","Hands","false","","No collected source","",""
"32475","Cryptlurker's Chausses of Casting","Legs","false","","No collected source","",""
"32476","Cryptlurker's Shoes of Casting","Feet","false","","No collected source","",""
"32478","Cryptlurker's Earring of Fending","Earrings","false","","No collected source","",""
"32479","Cryptlurker's Earring of Slaying","Earrings","false","","No collected source","",""
"32480","Cryptlurker's Earring of Aiming","Earrings","false","","No collected source","",""
"32481","Cryptlurker's Earring of Healing","Earrings","false","","No collected source","",""
"32482","Cryptlurker's Earring of Casting","Earrings","false","","No collected source","",""
"32483","Cryptlurker's Choker of Fending","Necklace","false","","No collected source","",""
"32484","Cryptlurker's Choker of Slaying","Necklace","false","","No collected source","",""
"32485","Cryptlurker's Choker of Aiming","Necklace","false","","No collected source","",""
"32486","Cryptlurker's Choker of Healing","Necklace","false","","No collected source","",""
"32487","Cryptlurker's Choker of Casting","Necklace","false","","No collected source","",""
"32488","Cryptlurker's Bracelet of Fending","Bracelets","false","","No collected source","",""
"32489","Cryptlurker's Bracelet of Slaying","Bracelets","false","","No collected source","",""
"32490","Cryptlurker's Bracelet of Aiming","Bracelets","false","","No collected source","",""
"32491","Cryptlurker's Bracelet of Healing","Bracelets","false","","No collected source","",""
"32492","Cryptlurker's Bracelet of Casting","Bracelets","false","","No collected source","",""
"32493","Cryptlurker's Ring of Fending","Ring","false","","No collected source","",""
"32494","Cryptlurker's Ring of Slaying","Ring","false","","No collected source","",""
"32495","Cryptlurker's Ring of Aiming","Ring","false","","No collected source","",""
"32496","Cryptlurker's Ring of Healing","Ring","false","","No collected source","",""
"32497","Cryptlurker's Ring of Casting","Ring","false","","No collected source","",""
"32644","Predatrice","Blue Mage's Arm","false","offer","repurchaseShop","Purchase Blue Mage Arms & Gear","1006004; 1006005; 1006006; 1025913; 1025914; 1025915; 1025916; 1025917; 1025918; 1025919; 1025920; 1025921; 1025922; 1025923; 1025924"
"32803","Lovely Moogle Cap","Head","false","offer","repurchaseShop","Purchase Valentione's Day Items","1017613; 1017614; 1017615; 1025913; 1025914; 1025915; 1025916; 1025917; 1025918; 1025919; 1025920; 1025921; 1025922; 1025923; 1025924"
"32804","Golden Tora Kabuto","Head","false","offer","repurchaseShop; seasonalShop","Purchase Heavensturn Items; 1770314; 1770315; 1770316","1017613; 1017614; 1017615; 1025913; 1025914; 1025915; 1025916; 1025917; 1025918; 1025919; 1025920; 1025921; 1025922; 1025923; 1025924; 1035556; 1035557; 1035558"
"32805","Silver Tora Kabuto","Head","false","offer","repurchaseShop; seasonalShop","Purchase Heavensturn Items; 1770314; 1770315; 1770316","1017613; 1017614; 1017615; 1025913; 1025914; 1025915; 1025916; 1025917; 1025918; 1025919; 1025920; 1025921; 1025922; 1025923; 1025924; 1035556; 1035557; 1035558"
"32875","Ornate Exarchic Coat of Fending","Body","false","","No collected source","",""
"32876","Ornate Exarchic Mail of Maiming","Body","false","","No collected source","",""
"32877","Ornate Exarchic Top of Striking","Body","false","","No collected source","",""
"32878","Ornate Exarchic Top of Aiming","Body","false","","No collected source","",""
"32879","Ornate Exarchic Top of Scouting","Body","false","","No collected source","",""
"32880","Ornate Exarchic Coat of Healing","Body","false","","No collected source","",""
"32881","Ornate Exarchic Coat of Casting","Body","false","","No collected source","",""
"33146","","Gladiator's Arm","false","","No collected source","",""
"33354","Soul of the Reaper","Soul Crystal","false","","No collected source","",""
"33355","Soul of the Sage","Soul Crystal","false","","No collected source","",""
"33648","Menphina's Earring","Earrings","false","","No collected source","",""
"33649","Fat Cat Earrings","Earrings","false","","No collected source","",""
"33650","Great Serpent of Ringa","Ring","false","offer","seasonalShop","Irregular Tomestone Exchange (Seasonal)",""
"33653","Chicken Head","Head","false","offer","repurchaseShop; seasonalShop","Purchase Hatching-tide Items; 1770335","1017613; 1017614; 1017615; 1025913; 1025914; 1025915; 1025916; 1025917; 1025918; 1025919; 1025920; 1025921; 1025922; 1025923; 1025924; 1036535"
"33654","Chicken Suit","Body","false","offer","repurchaseShop; seasonalShop","Purchase Hatching-tide Items; 1770335","1017613; 1017614; 1017615; 1025913; 1025914; 1025915; 1025916; 1025917; 1025918; 1025919; 1025920; 1025921; 1025922; 1025923; 1025924; 1036535"
"35095","Radiant's Bastard Sword","Gladiator's Arm","false","offer","vendorWithoutPosition","Allagan Tomestones of Astronomy Exchange (Weapons)",""
"35096","Radiant's Baghnakhs","Pugilist's Arm","false","offer","vendorWithoutPosition","Allagan Tomestones of Astronomy Exchange (Weapons)",""
"35097","Radiant's Battleaxe","Marauder's Arm","false","offer","vendorWithoutPosition","Allagan Tomestones of Astronomy Exchange (Weapons)",""
"35098","Radiant's Partisan","Lancer's Arm","false","offer","vendorWithoutPosition","Allagan Tomestones of Astronomy Exchange (Weapons)",""
"35099","Radiant's Composite Bow","Archer's Arm","false","offer","vendorWithoutPosition","Allagan Tomestones of Astronomy Exchange (Weapons)",""
"35100","Radiant's Sword Breakers","Rogue's Arm","false","offer","vendorWithoutPosition","Allagan Tomestones of Astronomy Exchange (Weapons)",""
"35101","Radiant's Greatsword","Dark Knight's Arm","false","offer","vendorWithoutPosition","Allagan Tomestones of Astronomy Exchange (Weapons)",""
"35102","Radiant's Pistol","Machinist's Arm","false","offer","vendorWithoutPosition","Allagan Tomestones of Astronomy Exchange (Weapons)",""
"35103","Radiant's Cane","Two–handed Conjurer's Arm","false","offer","vendorWithoutPosition","Allagan Tomestones of Astronomy Exchange (Weapons)",""
"35104","Radiant's Scepter","Two–handed Thaumaturge's Arm","false","offer","vendorWithoutPosition","Allagan Tomestones of Astronomy Exchange (Weapons)",""
"35105","Radiant's Grimoire","Arcanist's Grimoire","false","offer","vendorWithoutPosition","Allagan Tomestones of Astronomy Exchange (Weapons)",""
"35106","Radiant's Codex","Scholar's Arm","false","offer","vendorWithoutPosition","Allagan Tomestones of Astronomy Exchange (Weapons)",""
"35107","Radiant's Torquetum","Astrologian's Arm","false","offer","vendorWithoutPosition","Allagan Tomestones of Astronomy Exchange (Weapons)",""
"35108","Radiant's Blade","Samurai's Arm","false","offer","vendorWithoutPosition","Allagan Tomestones of Astronomy Exchange (Weapons)",""
"35109","Radiant's Rapier","Red Mage's Arm","false","offer","vendorWithoutPosition","Allagan Tomestones of Astronomy Exchange (Weapons)",""
"35110","Radiant's Bayonet","Gunbreaker's Arm","false","offer","vendorWithoutPosition","Allagan Tomestones of Astronomy Exchange (Weapons)",""
"35111","Radiant's Chakrams","Dancer's Arm","false","offer","vendorWithoutPosition","Allagan Tomestones of Astronomy Exchange (Weapons)",""
"35112","Radiant's Milpreves","Sage's Arm","false","offer","vendorWithoutPosition","Allagan Tomestones of Astronomy Exchange (Weapons)",""
"35113","Radiant's War Scythe","Reaper's Arm","false","offer","vendorWithoutPosition","Allagan Tomestones of Astronomy Exchange (Weapons)",""
"35114","Radiant's Shield","Shield","false","offer","vendorWithoutPosition","Allagan Tomestones of Astronomy (DoW)",""
"35115","Radiant's Helm of Fending","Head","false","offer","vendorWithoutPosition","Allagan Tomestones of Astronomy (DoW)",""
"35116","Radiant's Scale Mail of Fending","Body","false","offer","vendorWithoutPosition","Allagan Tomestones of Astronomy (DoW)",""
"35117","Radiant's Gauntlets of Fending","Hands","false","offer","vendorWithoutPosition","Allagan Tomestones of Astronomy (DoW)",""
"35118","Radiant's Cuisses of Fending","Legs","false","offer","vendorWithoutPosition","Allagan Tomestones of Astronomy (DoW)",""
"35119","Radiant's Sabatons of Fending","Feet","false","offer","vendorWithoutPosition","Allagan Tomestones of Astronomy (DoW)",""
"35120","Radiant's Helm of Maiming","Head","false","offer","vendorWithoutPosition","Allagan Tomestones of Astronomy (DoW)",""
"35121","Radiant's Scale Mail of Maiming","Body","false","offer","vendorWithoutPosition","Allagan Tomestones of Astronomy (DoW)",""
"35122","Radiant's Gauntlets of Maiming","Hands","false","offer","vendorWithoutPosition","Allagan Tomestones of Astronomy (DoW)",""
"35123","Radiant's Cuisses of Maiming","Legs","false","offer","vendorWithoutPosition","Allagan Tomestones of Astronomy (DoW)",""
"35124","Radiant's Sabatons of Maiming","Feet","false","offer","vendorWithoutPosition","Allagan Tomestones of Astronomy (DoW)",""
"35125","Radiant's Mask of Striking","Head","false","offer","vendorWithoutPosition","Allagan Tomestones of Astronomy (DoW)",""
"35126","Radiant's Mail of Striking","Body","false","offer","vendorWithoutPosition","Allagan Tomestones of Astronomy (DoW)",""
"35127","Radiant's Wristgloves of Striking","Hands","false","offer","vendorWithoutPosition","Allagan Tomestones of Astronomy (DoW)",""
"35128","Radiant's Hose of Striking","Legs","false","offer","vendorWithoutPosition","Allagan Tomestones of Astronomy (DoW)",""
"35129","Radiant's Sabatons of Striking","Feet","false","offer","vendorWithoutPosition","Allagan Tomestones of Astronomy (DoW)",""
"35130","Radiant's Mask of Aiming","Head","false","offer","vendorWithoutPosition","Allagan Tomestones of Astronomy (DoW)",""
"35131","Radiant's Mail of Aiming","Body","false","offer","vendorWithoutPosition","Allagan Tomestones of Astronomy (DoW)",""
"35132","Radiant's Wristgloves of Aiming","Hands","false","offer","vendorWithoutPosition","Allagan Tomestones of Astronomy (DoW)",""
"35133","Radiant's Hose of Aiming","Legs","false","offer","vendorWithoutPosition","Allagan Tomestones of Astronomy (DoW)",""
"35134","Radiant's Sabatons of Aiming","Feet","false","offer","vendorWithoutPosition","Allagan Tomestones of Astronomy (DoW)",""
"35135","Radiant's Visor of Scouting","Head","false","offer","vendorWithoutPosition","Allagan Tomestones of Astronomy (DoW)",""
"35136","Radiant's Mail of Scouting","Body","false","offer","vendorWithoutPosition","Allagan Tomestones of Astronomy (DoW)",""
"35137","Radiant's Gloves of Scouting","Hands","false","offer","vendorWithoutPosition","Allagan Tomestones of Astronomy (DoW)",""
"35138","Radiant's Hose of Scouting","Legs","false","offer","vendorWithoutPosition","Allagan Tomestones of Astronomy (DoW)",""
"35139","Radiant's Greaves of Scouting","Feet","false","offer","vendorWithoutPosition","Allagan Tomestones of Astronomy (DoW)",""
"35140","Radiant's Visor of Healing","Head","false","offer","vendorWithoutPosition","Allagan Tomestones of Astronomy (DoM)",""
"35141","Radiant's Mail of Healing","Body","false","offer","vendorWithoutPosition","Allagan Tomestones of Astronomy (DoM)",""
"35142","Radiant's Gloves of Healing","Hands","false","offer","vendorWithoutPosition","Allagan Tomestones of Astronomy (DoM)",""
"35143","Radiant's Hose of Healing","Legs","false","offer","vendorWithoutPosition","Allagan Tomestones of Astronomy (DoM)",""
"35144","Radiant's Greaves of Healing","Feet","false","offer","vendorWithoutPosition","Allagan Tomestones of Astronomy (DoM)",""
"35145","Radiant's Visor of Casting","Head","false","offer","vendorWithoutPosition","Allagan Tomestones of Astronomy (DoM)",""
"35146","Radiant's Mail of Casting","Body","false","offer","vendorWithoutPosition","Allagan Tomestones of Astronomy (DoM)",""
"35147","Radiant's Gloves of Casting","Hands","false","offer","vendorWithoutPosition","Allagan Tomestones of Astronomy (DoM)",""
"35148","Radiant's Hose of Casting","Legs","false","offer","vendorWithoutPosition","Allagan Tomestones of Astronomy (DoM)",""
"35149","Radiant's Greaves of Casting","Feet","false","offer","vendorWithoutPosition","Allagan Tomestones of Astronomy (DoM)",""
"35150","Radiant's Earrings of Fending","Earrings","false","offer","vendorWithoutPosition","Allagan Tomestones of Astronomy (DoW)",""
"35151","Radiant's Earrings of Slaying","Earrings","false","offer","vendorWithoutPosition","Allagan Tomestones of Astronomy (DoW)",""
"35152","Radiant's Earrings of Aiming","Earrings","false","offer","vendorWithoutPosition","Allagan Tomestones of Astronomy (DoW)",""
"35153","Radiant's Earrings of Healing","Earrings","false","offer","vendorWithoutPosition","Allagan Tomestones of Astronomy (DoM)",""
"35154","Radiant's Earrings of Casting","Earrings","false","offer","vendorWithoutPosition","Allagan Tomestones of Astronomy (DoM)",""
"35155","Radiant's Choker of Fending","Necklace","false","offer","vendorWithoutPosition","Allagan Tomestones of Astronomy (DoW)",""
"35156","Radiant's Choker of Slaying","Necklace","false","offer","vendorWithoutPosition","Allagan Tomestones of Astronomy (DoW)",""
"35157","Radiant's Choker of Aiming","Necklace","false","offer","vendorWithoutPosition","Allagan Tomestones of Astronomy (DoW)",""
"35158","Radiant's Choker of Healing","Necklace","false","offer","vendorWithoutPosition","Allagan Tomestones of Astronomy (DoM)",""
"35159","Radiant's Choker of Casting","Necklace","false","offer","vendorWithoutPosition","Allagan Tomestones of Astronomy (DoM)",""
"35160","Radiant's Bracelet of Fending","Bracelets","false","offer","vendorWithoutPosition","Allagan Tomestones of Astronomy (DoW)",""
"35161","Radiant's Bracelet of Slaying","Bracelets","false","offer","vendorWithoutPosition","Allagan Tomestones of Astronomy (DoW)",""
"35162","Radiant's Bracelet of Aiming","Bracelets","false","offer","vendorWithoutPosition","Allagan Tomestones of Astronomy (DoW)",""
"35163","Radiant's Bracelet of Healing","Bracelets","false","offer","vendorWithoutPosition","Allagan Tomestones of Astronomy (DoM)",""
"35164","Radiant's Bracelet of Casting","Bracelets","false","offer","vendorWithoutPosition","Allagan Tomestones of Astronomy (DoM)",""
"35165","Radiant's Ring of Fending","Ring","false","offer","vendorWithoutPosition","Allagan Tomestones of Astronomy (DoW)",""
"35166","Radiant's Ring of Slaying","Ring","false","offer","vendorWithoutPosition","Allagan Tomestones of Astronomy (DoW)",""
"35167","Radiant's Ring of Aiming","Ring","false","offer","vendorWithoutPosition","Allagan Tomestones of Astronomy (DoW)",""
"35168","Radiant's Ring of Healing","Ring","false","offer","vendorWithoutPosition","Allagan Tomestones of Astronomy (DoM)",""
"35169","Radiant's Ring of Casting","Ring","false","offer","vendorWithoutPosition","Allagan Tomestones of Astronomy (DoM)",""
"35754","Death Scythe","Reaper's Arm","false","","No collected source","",""
"35851","Northsea Coat","Body","false","offer","repurchaseShop","Purchase Quest Rewards I","1006004; 1006005; 1006006; 1025913; 1025914; 1025915; 1025916; 1025917; 1025918; 1025919; 1025920; 1025921; 1025922; 1025923; 1025924"
"35852","Sophist's Robe","Body","false","offer","repurchaseShop","Purchase Quest Rewards I","1006004; 1006005; 1006006; 1025913; 1025914; 1025915; 1025916; 1025917; 1025918; 1025919; 1025920; 1025921; 1025922; 1025923; 1025924"
"35853","Heavensturn Domaru","Body","false","offer","repurchaseShop","Purchase Heavensturn Items","1017613; 1017614; 1017615; 1025913; 1025914; 1025915; 1025916; 1025917; 1025918; 1025919; 1025920; 1025921; 1025922; 1025923; 1025924"
"35854","Heavensturn Kote","Hands","false","offer","repurchaseShop","Purchase Heavensturn Items","1017613; 1017614; 1017615; 1025913; 1025914; 1025915; 1025916; 1025917; 1025918; 1025919; 1025920; 1025921; 1025922; 1025923; 1025924"
"35855","Heavensturn Haidate","Legs","false","offer","repurchaseShop","Purchase Heavensturn Items","1017613; 1017614; 1017615; 1025913; 1025914; 1025915; 1025916; 1025917; 1025918; 1025919; 1025920; 1025921; 1025922; 1025923; 1025924"
"35856","Heavensturn Sune-ate","Feet","false","offer","repurchaseShop","Purchase Heavensturn Items","1017613; 1017614; 1017615; 1025913; 1025914; 1025915; 1025916; 1025917; 1025918; 1025919; 1025920; 1025921; 1025922; 1025923; 1025924"
"35857","Little Lady's Crown","Head","false","offer","repurchaseShop","Purchase Little Ladies' Day Items","1017613; 1017614; 1017615; 1025913; 1025914; 1025915; 1025916; 1025917; 1025918; 1025919; 1025920; 1025921; 1025922; 1025923; 1025924"
"35863","Clown's Hat","Head","false","offer","repurchaseShop; seasonalShop","Purchase All Saints' Wake Items; Pumpkin Cookies","1017613; 1017614; 1017615; 1025913; 1025914; 1025915; 1025916; 1025917; 1025918; 1025919; 1025920; 1025921; 1025922; 1025923; 1025924; 1035274"
"35864","Clown's Top","Body","false","offer","repurchaseShop; seasonalShop","Purchase All Saints' Wake Items; Pumpkin Cookies","1017613; 1017614; 1017615; 1025913; 1025914; 1025915; 1025916; 1025917; 1025918; 1025919; 1025920; 1025921; 1025922; 1025923; 1025924; 1035274"
"35865","Clown's Shortgloves","Hands","false","offer","repurchaseShop; seasonalShop","Purchase All Saints' Wake Items; Pumpkin Cookies","1017613; 1017614; 1017615; 1025913; 1025914; 1025915; 1025916; 1025917; 1025918; 1025919; 1025920; 1025921; 1025922; 1025923; 1025924; 1035274"
"35866","Clown's Bottoms","Legs","false","offer","repurchaseShop; seasonalShop","Purchase All Saints' Wake Items; Pumpkin Cookies","1017613; 1017614; 1017615; 1025913; 1025914; 1025915; 1025916; 1025917; 1025918; 1025919; 1025920; 1025921; 1025922; 1025923; 1025924; 1035274"
"35867","Clown's Boots","Feet","false","offer","repurchaseShop; seasonalShop","Purchase All Saints' Wake Items; Pumpkin Cookies","1017613; 1017614; 1017615; 1025913; 1025914; 1025915; 1025916; 1025917; 1025918; 1025919; 1025920; 1025921; 1025922; 1025923; 1025924; 1035274"
"36015","Bookwyrm's Spectacles","Head","false","offer","repurchaseShop","Purchase Lv. 70 Gear (DoM) ","1006004; 1006005; 1006006; 1025913; 1025914; 1025915; 1025916; 1025917; 1025918; 1025919; 1025920; 1025921; 1025922; 1025923; 1025924"
"36016","Bookwyrm's Chasuble","Body","false","offer","repurchaseShop","Purchase Lv. 70 Gear (DoM) ","1006004; 1006005; 1006006; 1025913; 1025914; 1025915; 1025916; 1025917; 1025918; 1025919; 1025920; 1025921; 1025922; 1025923; 1025924"
"36017","Bookwyrm's Gloves","Hands","false","offer","repurchaseShop","Purchase Lv. 70 Gear (DoM) ","1006004; 1006005; 1006006; 1025913; 1025914; 1025915; 1025916; 1025917; 1025918; 1025919; 1025920; 1025921; 1025922; 1025923; 1025924"
"36018","Bookwyrm's Waistwrap","Legs","false","offer","repurchaseShop","Purchase Lv. 70 Gear (DoM) ","1006004; 1006005; 1006006; 1025913; 1025914; 1025915; 1025916; 1025917; 1025918; 1025919; 1025920; 1025921; 1025922; 1025923; 1025924"
"36019","Bookwyrm's Boots","Feet","false","offer","repurchaseShop","Purchase Lv. 70 Gear (DoM) ","1006004; 1006005; 1006006; 1025913; 1025914; 1025915; 1025916; 1025917; 1025918; 1025919; 1025920; 1025921; 1025922; 1025923; 1025924"
"36020","Muzhik Blinder","Head","false","offer","repurchaseShop","Purchase Lv. 70 Gear (DoW) I","1006004; 1006005; 1006006; 1025913; 1025914; 1025915; 1025916; 1025917; 1025918; 1025919; 1025920; 1025921; 1025922; 1025923; 1025924"
"36021","Muzhik Coat","Body","false","offer","repurchaseShop","Purchase Lv. 70 Gear (DoW) I","1006004; 1006005; 1006006; 1025913; 1025914; 1025915; 1025916; 1025917; 1025918; 1025919; 1025920; 1025921; 1025922; 1025923; 1025924"
"36022","Muzhik Field Dressing","Hands","false","offer","repurchaseShop","Purchase Lv. 70 Gear (DoW) I","1006004; 1006005; 1006006; 1025913; 1025914; 1025915; 1025916; 1025917; 1025918; 1025919; 1025920; 1025921; 1025922; 1025923; 1025924"
"36023","Muzhik Trousers","Legs","false","offer","repurchaseShop","Purchase Lv. 70 Gear (DoW) I","1006004; 1006005; 1006006; 1025913; 1025914; 1025915; 1025916; 1025917; 1025918; 1025919; 1025920; 1025921; 1025922; 1025923; 1025924"
"36024","Muzhik Boots","Feet","false","offer","repurchaseShop","Purchase Lv. 70 Gear (DoW) I","1006004; 1006005; 1006006; 1025913; 1025914; 1025915; 1025916; 1025917; 1025918; 1025919; 1025920; 1025921; 1025922; 1025923; 1025924"
"36029","Ornate Classical Hoplomachus's Lorica","Body","false","","No collected source","",""
"36030","Ornate Classical Eques's Chiton","Body","false","","No collected source","",""
"36031","Ornate Classical Secutor's Lorica","Body","false","","No collected source","",""
"36032","Ornate Classical Sagittarius's Chiton","Body","false","","No collected source","",""
"36033","Ornate Classical Dimachaerius's Lorica","Body","false","","No collected source","",""
"36034","Ornate Classical Medicus's Chiton","Body","false","","No collected source","",""
"36035","Ornate Classical Signifer's Chiton","Body","false","","No collected source","",""
"36121","Blitzring","Ring","false","offer","repurchaseShop","Speed Belt Exchange","1006004; 1006005; 1006006"
"36160","Sophist's Podea","Legs","false","offer","repurchaseShop","Purchase Quest Rewards I","1006004; 1006005; 1006006; 1025913; 1025914; 1025915; 1025916; 1025917; 1025918; 1025919; 1025920; 1025921; 1025922; 1025923; 1025924"
"36161","Sophist's Hupodema","Feet","false","offer","repurchaseShop","Purchase Quest Rewards I","1006004; 1006005; 1006006; 1025913; 1025914; 1025915; 1025916; 1025917; 1025918; 1025919; 1025920; 1025921; 1025922; 1025923; 1025924"
"36832","Summer Sunset Bandana","Head","false","offer","repurchaseShop","Purchase Moonfire Faire Items II","1017613; 1017614; 1017615; 1025913; 1025914; 1025915; 1025916; 1025917; 1025918; 1025919; 1025920; 1025921; 1025922; 1025923; 1025924"
"36833","Summer Sunset Beach Cover-up","Body","false","offer","repurchaseShop","Purchase Moonfire Faire Items II","1017613; 1017614; 1017615; 1025913; 1025914; 1025915; 1025916; 1025917; 1025918; 1025919; 1025920; 1025921; 1025922; 1025923; 1025924"
"36834","Summer Sunset Wrist Torques","Hands","false","offer","repurchaseShop","Purchase Moonfire Faire Items II","1017613; 1017614; 1017615; 1025913; 1025914; 1025915; 1025916; 1025917; 1025918; 1025919; 1025920; 1025921; 1025922; 1025923; 1025924"
"36835","Summer Sunset Bottoms","Legs","false","offer","repurchaseShop","Purchase Moonfire Faire Items II","1017613; 1017614; 1017615; 1025913; 1025914; 1025915; 1025916; 1025917; 1025918; 1025919; 1025920; 1025921; 1025922; 1025923; 1025924"
"36836","Summer Sunset Sandals","Feet","false","offer","repurchaseShop","Purchase Moonfire Faire Items II","1017613; 1017614; 1017615; 1025913; 1025914; 1025915; 1025916; 1025917; 1025918; 1025919; 1025920; 1025921; 1025922; 1025923; 1025924"
"37078","Wayfarer's Tabard","Body","false","offer","repurchaseShop","Purchase Quest Rewards II","1025913; 1025914; 1025915; 1025916; 1025917; 1025918; 1025919; 1025920; 1025921; 1025922; 1025923; 1025924; 1006004; 1006005; 1006006"
"37079","Wayfarer's Fingerless Gloves","Hands","false","offer","repurchaseShop","Purchase Quest Rewards II","1025913; 1025914; 1025915; 1025916; 1025917; 1025918; 1025919; 1025920; 1025921; 1025922; 1025923; 1025924; 1006004; 1006005; 1006006"
"37080","Wayfarer's Boots","Feet","false","offer","repurchaseShop","Purchase Quest Rewards II","1025913; 1025914; 1025915; 1025916; 1025917; 1025918; 1025919; 1025920; 1025921; 1025922; 1025923; 1025924; 1006004; 1006005; 1006006"
"37081","Wayfarer's Earcuff","Earrings","false","offer","repurchaseShop","Purchase Quest Rewards II","1025913; 1025914; 1025915; 1025916; 1025917; 1025918; 1025919; 1025920; 1025921; 1025922; 1025923; 1025924; 1006004; 1006005; 1006006"
"37082","Wayfarer's Necklace","Necklace","false","offer","repurchaseShop","Purchase Quest Rewards II","1025913; 1025914; 1025915; 1025916; 1025917; 1025918; 1025919; 1025920; 1025921; 1025922; 1025923; 1025924; 1006004; 1006005; 1006006"
"37442","Makai Vanguard's Monocle","Head","false","offer","repurchaseShop; vendorWithoutPosition","Repurchase Gunbreaker Gear; 1770537","1006004; 1006005; 1006006; 1025913; 1025914; 1025915; 1025916; 1025917; 1025918; 1025919; 1025920; 1025921; 1025922; 1025923; 1025924"
"37443","Makai Vanguard's Battlegarb","Body","false","offer","repurchaseShop; vendorWithoutPosition","Repurchase Gunbreaker Gear; 1770537","1006004; 1006005; 1006006; 1025913; 1025914; 1025915; 1025916; 1025917; 1025918; 1025919; 1025920; 1025921; 1025922; 1025923; 1025924"
"37444","Makai Vanguard's Fingerless Gloves","Hands","false","offer","repurchaseShop; vendorWithoutPosition","Repurchase Gunbreaker Gear; 1770537","1006004; 1006005; 1006006; 1025913; 1025914; 1025915; 1025916; 1025917; 1025918; 1025919; 1025920; 1025921; 1025922; 1025923; 1025924"
"37445","Makai Vanguard's Leggings","Legs","false","offer","repurchaseShop; vendorWithoutPosition","Repurchase Gunbreaker Gear; 1770537","1006004; 1006005; 1006006; 1025913; 1025914; 1025915; 1025916; 1025917; 1025918; 1025919; 1025920; 1025921; 1025922; 1025923; 1025924"
"37446","Makai Vanguard's Boots","Feet","false","offer","repurchaseShop; vendorWithoutPosition","Repurchase Gunbreaker Gear; 1770537","1006004; 1006005; 1006006; 1025913; 1025914; 1025915; 1025916; 1025917; 1025918; 1025919; 1025920; 1025921; 1025922; 1025923; 1025924"
"37447","Makai Vanbreaker's Ribbon","Head","false","offer","repurchaseShop; vendorWithoutPosition","Repurchase Gunbreaker Gear; 1770537","1006004; 1006005; 1006006; 1025913; 1025914; 1025915; 1025916; 1025917; 1025918; 1025919; 1025920; 1025921; 1025922; 1025923; 1025924"
"37448","Makai Vanbreaker's Battledress","Body","false","offer","repurchaseShop; vendorWithoutPosition","Repurchase Gunbreaker Gear; 1770537","1006004; 1006005; 1006006; 1025913; 1025914; 1025915; 1025916; 1025917; 1025918; 1025919; 1025920; 1025921; 1025922; 1025923; 1025924"
"37449","Makai Vanbreaker's Fingerless Gloves","Hands","false","offer","repurchaseShop; vendorWithoutPosition","Repurchase Gunbreaker Gear; 1770537","1006004; 1006005; 1006006; 1025913; 1025914; 1025915; 1025916; 1025917; 1025918; 1025919; 1025920; 1025921; 1025922; 1025923; 1025924"
"37450","Makai Vanbreaker's Quartertights","Legs","false","offer","repurchaseShop; vendorWithoutPosition","Repurchase Gunbreaker Gear; 1770537","1006004; 1006005; 1006006; 1025913; 1025914; 1025915; 1025916; 1025917; 1025918; 1025919; 1025920; 1025921; 1025922; 1025923; 1025924"
"37451","Makai Vanbreaker's Longboots","Feet","false","offer","repurchaseShop; vendorWithoutPosition","Repurchase Gunbreaker Gear; 1770537","1006004; 1006005; 1006006; 1025913; 1025914; 1025915; 1025916; 1025917; 1025918; 1025919; 1025920; 1025921; 1025922; 1025923; 1025924"
"37452","Makai Harbinger's Facemask","Head","false","offer","repurchaseShop; vendorWithoutPosition","Repurchase Reaper Gear; 1770537","1006004; 1006005; 1006006; 1025913; 1025914; 1025915; 1025916; 1025917; 1025918; 1025919; 1025920; 1025921; 1025922; 1025923; 1025924"
"37453","Makai Harbinger's Battlegarb","Body","false","offer","repurchaseShop; vendorWithoutPosition","Repurchase Reaper Gear; 1770537","1006004; 1006005; 1006006; 1025913; 1025914; 1025915; 1025916; 1025917; 1025918; 1025919; 1025920; 1025921; 1025922; 1025923; 1025924"
"37454","Makai Harbinger's Fingerless Gloves","Hands","false","offer","repurchaseShop; vendorWithoutPosition","Repurchase Reaper Gear; 1770537","1006004; 1006005; 1006006; 1025913; 1025914; 1025915; 1025916; 1025917; 1025918; 1025919; 1025920; 1025921; 1025922; 1025923; 1025924"
"37455","Makai Harbinger's Leggings","Legs","false","offer","repurchaseShop; vendorWithoutPosition","Repurchase Reaper Gear; 1770537","1006004; 1006005; 1006006; 1025913; 1025914; 1025915; 1025916; 1025917; 1025918; 1025919; 1025920; 1025921; 1025922; 1025923; 1025924"
"37456","Makai Harbinger's Boots","Feet","false","offer","repurchaseShop; vendorWithoutPosition","Repurchase Reaper Gear; 1770537","1006004; 1006005; 1006006; 1025913; 1025914; 1025915; 1025916; 1025917; 1025918; 1025919; 1025920; 1025921; 1025922; 1025923; 1025924"
"37457","Makai Harrower's Facemask","Head","false","offer","repurchaseShop; vendorWithoutPosition","Repurchase Reaper Gear; 1770537","1006004; 1006005; 1006006; 1025913; 1025914; 1025915; 1025916; 1025917; 1025918; 1025919; 1025920; 1025921; 1025922; 1025923; 1025924"
"37458","Makai Harrower's Jerkin","Body","false","offer","repurchaseShop; vendorWithoutPosition","Repurchase Reaper Gear; 1770537","1006004; 1006005; 1006006; 1025913; 1025914; 1025915; 1025916; 1025917; 1025918; 1025919; 1025920; 1025921; 1025922; 1025923; 1025924"
"37459","Makai Harrower's Fingerless Gloves","Hands","false","offer","repurchaseShop; vendorWithoutPosition","Repurchase Reaper Gear; 1770537","1006004; 1006005; 1006006; 1025913; 1025914; 1025915; 1025916; 1025917; 1025918; 1025919; 1025920; 1025921; 1025922; 1025923; 1025924"
"37460","Makai Harrower's Quartertights","Legs","false","offer","repurchaseShop; vendorWithoutPosition","Repurchase Reaper Gear; 1770537","1006004; 1006005; 1006006; 1025913; 1025914; 1025915; 1025916; 1025917; 1025918; 1025919; 1025920; 1025921; 1025922; 1025923; 1025924"
"37461","Makai Harrower's Longboots","Feet","false","offer","repurchaseShop; vendorWithoutPosition","Repurchase Reaper Gear; 1770537","1006004; 1006005; 1006006; 1025913; 1025914; 1025915; 1025916; 1025917; 1025918; 1025919; 1025920; 1025921; 1025922; 1025923; 1025924"
"37931","Lunar Envoy's Longsword","Gladiator's Arm","false","","No collected source","",""
"37932","Lunar Envoy's Sainti","Pugilist's Arm","false","","No collected source","",""
"37933","Lunar Envoy's Bardiche","Marauder's Arm","false","","No collected source","",""
"37934","Lunar Envoy's Bident","Lancer's Arm","false","","No collected source","",""
"37935","Lunar Envoy's Composite Bow","Archer's Arm","false","","No collected source","",""
"37936","Lunar Envoy's Stilettos","Rogue's Arm","false","","No collected source","",""
"37937","Lunar Envoy's Greatsword","Dark Knight's Arm","false","","No collected source","",""
"37938","Lunar Envoy's Handgonne","Machinist's Arm","false","","No collected source","",""
"37939","Lunar Envoy's Wand","Two–handed Conjurer's Arm","false","","No collected source","",""
"37940","Lunar Envoy's Staff","Two–handed Thaumaturge's Arm","false","","No collected source","",""
"37941","Lunar Envoy's Grimoire","Arcanist's Grimoire","false","","No collected source","",""
"37942","Lunar Envoy's Codex","Scholar's Arm","false","","No collected source","",""
"37943","Lunar Envoy's Astrometer","Astrologian's Arm","false","","No collected source","",""
"37944","Lunar Envoy's Blade","Samurai's Arm","false","","No collected source","",""
"37945","Lunar Envoy's Smallsword","Red Mage's Arm","false","","No collected source","",""
"37946","Lunar Envoy's Gunblade","Gunbreaker's Arm","false","","No collected source","",""
"37947","Lunar Envoy's Tathlums","Dancer's Arm","false","","No collected source","",""
"37948","Lunar Envoy's Wings","Sage's Arm","false","","No collected source","",""
"37949","Lunar Envoy's War Sickle","Reaper's Arm","false","","No collected source","",""
"37950","Lunar Envoy's Kite Shield","Shield","false","","No collected source","",""
"37951","Lunar Envoy's Face Guard of Fending","Head","false","","No collected source","",""
"37952","Lunar Envoy's Jacket of Fending","Body","false","","No collected source","",""
"37953","Lunar Envoy's Gloves of Fending","Hands","false","","No collected source","",""
"37954","Lunar Envoy's Trousers of Fending","Legs","false","","No collected source","",""
"37955","Lunar Envoy's Boots of Fending","Feet","false","","No collected source","",""
"37956","Lunar Envoy's Turban of Maiming","Head","false","","No collected source","",""
"37957","Lunar Envoy's Gambison of Maiming","Body","false","","No collected source","",""
"37958","Lunar Envoy's Fingerless Gloves of Maiming","Hands","false","","No collected source","",""
"37959","Lunar Envoy's Trousers of Maiming","Legs","false","","No collected source","",""
"37960","Lunar Envoy's Thighboots of Maiming","Feet","false","","No collected source","",""
"37961","Lunar Envoy's Face Guard of Striking","Head","false","","No collected source","",""
"37962","Lunar Envoy's Jacket of Striking","Body","false","","No collected source","",""
"37963","Lunar Envoy's Gloves of Striking","Hands","false","","No collected source","",""
"37964","Lunar Envoy's Trousers of Striking","Legs","false","","No collected source","",""
"37965","Lunar Envoy's Boots of Striking","Feet","false","","No collected source","",""
"37966","Lunar Envoy's Face Guard of Aiming","Head","false","","No collected source","",""
"37967","Lunar Envoy's Gambison of Aiming","Body","false","","No collected source","",""
"37968","Lunar Envoy's Fingerless Gloves of Aiming","Hands","false","","No collected source","",""
"37969","Lunar Envoy's Trousers of Aiming","Legs","false","","No collected source","",""
"37970","Lunar Envoy's Thighboots of Aiming","Feet","false","","No collected source","",""
"37971","Lunar Envoy's Turban of Scouting","Head","false","","No collected source","",""
"37972","Lunar Envoy's Gambison of Scouting","Body","false","","No collected source","",""
"37973","Lunar Envoy's Gloves of Scouting","Hands","false","","No collected source","",""
"37974","Lunar Envoy's Trousers of Scouting","Legs","false","","No collected source","",""
"37975","Lunar Envoy's Boots of Scouting","Feet","false","","No collected source","",""
"37976","Lunar Envoy's Hairpin of Healing","Head","false","","No collected source","",""
"37977","Lunar Envoy's Justaucorps of Healing","Body","false","","No collected source","",""
"37978","Lunar Envoy's Gloves of Healing","Hands","false","","No collected source","",""
"37979","Lunar Envoy's Longkilt of Healing","Legs","false","","No collected source","",""
"37980","Lunar Envoy's Boots of Healing","Feet","false","","No collected source","",""
"37981","Lunar Envoy's Hairpin of Casting","Head","false","","No collected source","",""
"37982","Lunar Envoy's Justaucorps of Casting","Body","false","","No collected source","",""
"37983","Lunar Envoy's Gloves of Casting","Hands","false","","No collected source","",""
"37984","Lunar Envoy's Longkilt of Casting","Legs","false","","No collected source","",""
"37985","Lunar Envoy's Boots of Casting","Feet","false","","No collected source","",""
"37986","Lunar Envoy's Earring of Fending","Earrings","false","","No collected source","",""
"37987","Lunar Envoy's Earring of Slaying","Earrings","false","","No collected source","",""
"37988","Lunar Envoy's Earring of Aiming","Earrings","false","","No collected source","",""
"37989","Lunar Envoy's Earring of Healing","Earrings","false","","No collected source","",""
"37990","Lunar Envoy's Earring of Casting","Earrings","false","","No collected source","",""
"37991","Lunar Envoy's Necklace of Fending","Necklace","false","","No collected source","",""
"37992","Lunar Envoy's Necklace of Slaying","Necklace","false","","No collected source","",""
"37993","Lunar Envoy's Necklace of Aiming","Necklace","false","","No collected source","",""
"37994","Lunar Envoy's Necklace of Healing","Necklace","false","","No collected source","",""
"37995","Lunar Envoy's Necklace of Casting","Necklace","false","","No collected source","",""
"37996","Lunar Envoy's Bracelets of Fending","Bracelets","false","","No collected source","",""
"37997","Lunar Envoy's Bracelets of Slaying","Bracelets","false","","No collected source","",""
"37998","Lunar Envoy's Bracelets of Aiming","Bracelets","false","","No collected source","",""
"37999","Lunar Envoy's Bracelets of Healing","Bracelets","false","","No collected source","",""
"38000","Lunar Envoy's Bracelets of Casting","Bracelets","false","","No collected source","",""
"38001","Lunar Envoy's Ring of Fending","Ring","false","","No collected source","",""
"38002","Lunar Envoy's Ring of Slaying","Ring","false","","No collected source","",""
"38003","Lunar Envoy's Ring of Aiming","Ring","false","","No collected source","",""
"38004","Lunar Envoy's Ring of Healing","Ring","false","","No collected source","",""
"38005","Lunar Envoy's Ring of Casting","Ring","false","","No collected source","",""
"38212","Isle Farmhand's Work Shirt","Body","false","offer","repurchaseShop","Purchase Quest Rewards II","1025913; 1025914; 1025915; 1025916; 1025917; 1025918; 1025919; 1025920; 1025921; 1025922; 1025923; 1025924; 1006004; 1006005; 1006006"
"38213","Isle Farmhand's Cotton Gloves","Hands","false","offer","repurchaseShop","Purchase Quest Rewards II","1025913; 1025914; 1025915; 1025916; 1025917; 1025918; 1025919; 1025920; 1025921; 1025922; 1025923; 1025924; 1006004; 1006005; 1006006"
"38214","Isle Farmhand's Widebottoms","Legs","false","offer","repurchaseShop","Purchase Quest Rewards II","1025913; 1025914; 1025915; 1025916; 1025917; 1025918; 1025919; 1025920; 1025921; 1025922; 1025923; 1025924; 1006004; 1006005; 1006006"
"38215","Isle Farmhand's Boots","Feet","false","offer","repurchaseShop","Purchase Quest Rewards II","1025913; 1025914; 1025915; 1025916; 1025917; 1025918; 1025919; 1025920; 1025921; 1025922; 1025923; 1025924; 1006004; 1006005; 1006006"
"38216","Isle Farmhand's Cutoffs","Legs","false","offer","repurchaseShop","Purchase Quest Rewards II","1025913; 1025914; 1025915; 1025916; 1025917; 1025918; 1025919; 1025920; 1025921; 1025922; 1025923; 1025924; 1006004; 1006005; 1006006"
"38233","Tonberry Head","Head","false","offer","repurchaseShop; seasonalShop","Purchase Hatching-tide Items; 1770644","1017613; 1017614; 1017615; 1025913; 1025914; 1025915; 1025916; 1025917; 1025918; 1025919; 1025920; 1025921; 1025922; 1025923; 1025924; 1045000"
"38234","Tonberry Body","Body","false","offer","repurchaseShop; seasonalShop","Purchase Hatching-tide Items; 1770644","1017613; 1017614; 1017615; 1025913; 1025914; 1025915; 1025916; 1025917; 1025918; 1025919; 1025920; 1025921; 1025922; 1025923; 1025924; 1045000"
"38235","Tonberry Hands","Hands","false","offer","repurchaseShop; seasonalShop","Purchase Hatching-tide Items; 1770644","1017613; 1017614; 1017615; 1025913; 1025914; 1025915; 1025916; 1025917; 1025918; 1025919; 1025920; 1025921; 1025922; 1025923; 1025924; 1045000"
"38236","Tonberry Culottes","Legs","false","offer","repurchaseShop; seasonalShop","Purchase Hatching-tide Items; 1770644","1017613; 1017614; 1017615; 1025913; 1025914; 1025915; 1025916; 1025917; 1025918; 1025919; 1025920; 1025921; 1025922; 1025923; 1025924; 1045000"
"38237","Tonberry Boots","Feet","false","offer","repurchaseShop; seasonalShop","Purchase Hatching-tide Items; 1770644","1017613; 1017614; 1017615; 1025913; 1025914; 1025915; 1025916; 1025917; 1025918; 1025919; 1025920; 1025921; 1025922; 1025923; 1025924; 1045000"
"38421","Ornate Rinascita Cuirass of Fending","Body","false","","No collected source","",""
"38422","Ornate Rinascita Cuirass of Maiming","Body","false","","No collected source","",""
"38423","Ornate Rinascita Jacket of Striking","Body","false","","No collected source","",""
"38424","Ornate Rinascita Jacket of Aiming","Body","false","","No collected source","",""
"38425","Ornate Rinascita Jacket of Scouting","Body","false","","No collected source","",""
"38426","Ornate Rinascita Coat of Healing","Body","false","","No collected source","",""
"38427","Ornate Rinascita Coat of Casting","Body","false","","No collected source","",""
"39245","Phoenix Riser Helmet","Head","false","offer","repurchaseShop","Purchase Moonfire Faire Items II","1017613; 1017614; 1017615; 1025913; 1025914; 1025915; 1025916; 1025917; 1025918; 1025919; 1025920; 1025921; 1025922; 1025923; 1025924"
"39246","Phoenix Riser Suit","Body","false","offer","repurchaseShop","Purchase Moonfire Faire Items II","1017613; 1017614; 1017615; 1025913; 1025914; 1025915; 1025916; 1025917; 1025918; 1025919; 1025920; 1025921; 1025922; 1025923; 1025924"
"39247","Isle Shepherd's Headdress","Head","false","offer","repurchaseShop","Purchase Quest Rewards II","1025913; 1025914; 1025915; 1025916; 1025917; 1025918; 1025919; 1025920; 1025921; 1025922; 1025923; 1025924; 1006004; 1006005; 1006006"
"39248","Isle Shepherd's Tunic","Body","false","offer","repurchaseShop","Purchase Quest Rewards II","1025913; 1025914; 1025915; 1025916; 1025917; 1025918; 1025919; 1025920; 1025921; 1025922; 1025923; 1025924; 1006004; 1006005; 1006006"
"39249","Isle Shepherd's Wristdress","Hands","false","offer","repurchaseShop","Purchase Quest Rewards II","1025913; 1025914; 1025915; 1025916; 1025917; 1025918; 1025919; 1025920; 1025921; 1025922; 1025923; 1025924; 1006004; 1006005; 1006006"
"39250","Isle Shepherd's Bottoms","Legs","false","offer","repurchaseShop","Purchase Quest Rewards II","1025913; 1025914; 1025915; 1025916; 1025917; 1025918; 1025919; 1025920; 1025921; 1025922; 1025923; 1025924; 1006004; 1006005; 1006006"
"39251","Isle Shepherd's Sandals","Feet","false","offer","repurchaseShop","Purchase Quest Rewards II","1025913; 1025914; 1025915; 1025916; 1025917; 1025918; 1025919; 1025920; 1025921; 1025922; 1025923; 1025924; 1006004; 1006005; 1006006"
"39327","Loporrit Earrings","Earrings","false","","No collected source","",""
"39328","Porxie Earrings","Earrings","false","","No collected source","",""
"39509","Yakaku Kamidome","Head","false","offer","repurchaseShop","Purchase Quest Rewards II","1025913; 1025914; 1025915; 1025916; 1025917; 1025918; 1025919; 1025920; 1025921; 1025922; 1025923; 1025924; 1006004; 1006005; 1006006"
"39510","Yakaku Dogi","Body","false","offer","repurchaseShop","Purchase Quest Rewards II","1025913; 1025914; 1025915; 1025916; 1025917; 1025918; 1025919; 1025920; 1025921; 1025922; 1025923; 1025924; 1006004; 1006005; 1006006"
"39511","Yakaku Koshita","Legs","false","offer","repurchaseShop","Purchase Quest Rewards II","1025913; 1025914; 1025915; 1025916; 1025917; 1025918; 1025919; 1025920; 1025921; 1025922; 1025923; 1025924; 1006004; 1006005; 1006006"
"39512","Yakaku Geta","Feet","false","offer","repurchaseShop","Purchase Quest Rewards II","1025913; 1025914; 1025915; 1025916; 1025917; 1025918; 1025919; 1025920; 1025921; 1025922; 1025923; 1025924; 1006004; 1006005; 1006006"
"39513","Yakaku Fundoshi","Legs","false","offer","repurchaseShop","Purchase Quest Rewards II","1025913; 1025914; 1025915; 1025916; 1025917; 1025918; 1025919; 1025920; 1025921; 1025922; 1025923; 1025924; 1006004; 1006005; 1006006"
"39629","Leafman Head","Head","false","offer","repurchaseShop","Purchase Quest Rewards II","1025913; 1025914; 1025915; 1025916; 1025917; 1025918; 1025919; 1025920; 1025921; 1025922; 1025923; 1025924; 1006004; 1006005; 1006006"
"40015","Polaris Point","Gladiator's Arm","false","","No collected source","",""
"40016","Dragon's Beard Fists","Pugilist's Arm","false","","No collected source","",""
"40017","Wrathgrinder","Marauder's Arm","false","","No collected source","",""
"40018","Night's Wolf","Lancer's Arm","false","","No collected source","",""
"40019","Bluebird's Nest","Archer's Arm","false","","No collected source","",""
"40020","Shinobi Knives","Rogue's Arm","false","","No collected source","",""
"40021","Blood Rapture","Dark Knight's Arm","false","","No collected source","",""
"40022","Vitória do Povo","Machinist's Arm","false","","No collected source","",""
"40023","Bunny's Crescent","Two–handed Conjurer's Arm","false","","No collected source","",""
"40024","Ignis Malus","Two–handed Thaumaturge's Arm","false","","No collected source","",""
"40025","Encounter in Lilies","Arcanist's Grimoire","false","","No collected source","",""
"40026","Faerie Fancy","Scholar's Arm","false","","No collected source","",""
"40027","Star Gazer","Astrologian's Arm","false","","No collected source","",""
"40028","Higan Shigan","Samurai's Arm","false","","No collected source","",""
"40029","Lamplight Crook","Red Mage's Arm","false","","No collected source","",""
"40030","Cerberus Fang","Gunbreaker's Arm","false","","No collected source","",""
"40031","Twin Moons","Dancer's Arm","false","","No collected source","",""
"40032","Isnae Phis","Sage's Arm","false","","No collected source","",""
"40033","Avatar's Scythe","Reaper's Arm","false","","No collected source","",""
"40034","Vessel","Shield","false","","No collected source","",""
"40035","Credendum Circlet of Fending","Head","false","","No collected source","",""
"40036","Credendum Cuirass of Fending","Body","false","","No collected source","",""
"40037","Credendum Gauntlets of Fending","Hands","false","","No collected source","",""
"40038","Credendum Breeches of Fending","Legs","false","","No collected source","",""
"40039","Credendum Sollerets of Fending","Feet","false","","No collected source","",""
"40040","Credendum Circlet of Maiming","Head","false","","No collected source","",""
"40041","Credendum Cuirass of Maiming","Body","false","","No collected source","",""
"40042","Credendum Gauntlets of Maiming","Hands","false","","No collected source","",""
"40043","Credendum Breeches of Maiming","Legs","false","","No collected source","",""
"40044","Credendum Sollerets of Maiming","Feet","false","","No collected source","",""
"40045","Credendum Blinder of Striking","Head","false","","No collected source","",""
"40046","Credendum Corselet of Striking","Body","false","","No collected source","",""
"40047","Credendum Armguards of Striking","Hands","false","","No collected source","",""
"40048","Credendum Trousers of Striking","Legs","false","","No collected source","",""
"40049","Credendum Longboots of Striking","Feet","false","","No collected source","",""
"40050","Credendum Hat of Aiming","Head","false","","No collected source","",""
"40051","Credendum Mail of Aiming","Body","false","","No collected source","",""
"40052","Credendum Halfgloves of Aiming","Hands","false","","No collected source","",""
"40053","Credendum Hose of Aiming","Legs","false","","No collected source","",""
"40054","Credendum Shoes of Aiming","Feet","false","","No collected source","",""
"40055","Credendum Blinder of Scouting","Head","false","","No collected source","",""
"40056","Credendum Corselet of Scouting","Body","false","","No collected source","",""
"40057","Credendum Armguards of Scouting","Hands","false","","No collected source","",""
"40058","Credendum Trousers of Scouting","Legs","false","","No collected source","",""
"40059","Credendum Longboots of Scouting","Feet","false","","No collected source","",""
"40060","Credendum Circlet of Healing","Head","false","","No collected source","",""
"40061","Credendum Surcoat of Healing","Body","false","","No collected source","",""
"40062","Credendum Gauntlets of Healing","Hands","false","","No collected source","",""
"40063","Credendum Hose of Healing","Legs","false","","No collected source","",""
"40064","Credendum Sollerets of Healing","Feet","false","","No collected source","",""
"40065","Credendum Circlet of Casting","Head","false","","No collected source","",""
"40066","Credendum Surcoat of Casting","Body","false","","No collected source","",""
"40067","Credendum Gauntlets of Casting","Hands","false","","No collected source","",""
"40068","Credendum Hose of Casting","Legs","false","","No collected source","",""
"40069","Credendum Sollerets of Casting","Feet","false","","No collected source","",""
"40070","Credendum Earrings of Fending","Earrings","false","","No collected source","",""
"40071","Credendum Earrings of Slaying","Earrings","false","","No collected source","",""
"40072","Credendum Earrings of Aiming","Earrings","false","","No collected source","",""
"40073","Credendum Earrings of Healing","Earrings","false","","No collected source","",""
"40074","Credendum Earrings of Casting","Earrings","false","","No collected source","",""
"40075","Credendum Necklace of Fending","Necklace","false","","No collected source","",""
"40076","Credendum Necklace of Slaying","Necklace","false","","No collected source","",""
"40077","Credendum Necklace of Aiming","Necklace","false","","No collected source","",""
"40078","Credendum Necklace of Healing","Necklace","false","","No collected source","",""
"40079","Credendum Necklace of Casting","Necklace","false","","No collected source","",""
"40080","Credendum Bracelets of Fending","Bracelets","false","","No collected source","",""
"40081","Credendum Bracelets of Slaying","Bracelets","false","","No collected source","",""
"40082","Credendum Bracelets of Aiming","Bracelets","false","","No collected source","",""
"40083","Credendum Bracelets of Healing","Bracelets","false","","No collected source","",""
"40084","Credendum Bracelets of Casting","Bracelets","false","","No collected source","",""
"40085","Credendum Ring of Fending","Ring","false","","No collected source","",""
"40086","Credendum Ring of Slaying","Ring","false","","No collected source","",""
"40087","Credendum Ring of Aiming","Ring","false","","No collected source","",""
"40088","Credendum Ring of Healing","Ring","false","","No collected source","",""
"40089","Credendum Ring of Casting","Ring","false","","No collected source","",""
"40345","Blue-eyes","Blue Mage's Arm","false","offer","repurchaseShop","Purchase Blue Mage Arms & Gear","1006004; 1006005; 1006006; 1025913; 1025914; 1025915; 1025916; 1025917; 1025918; 1025919; 1025920; 1025921; 1025922; 1025923; 1025924"
"40346","Phantasmal Hat","Head","false","offer","repurchaseShop","Purchase Blue Mage Arms & Gear","1006004; 1006005; 1006006; 1025913; 1025914; 1025915; 1025916; 1025917; 1025918; 1025919; 1025920; 1025921; 1025922; 1025923; 1025924"
"40347","Phantasmal Robe","Body","false","offer","repurchaseShop","Purchase Blue Mage Arms & Gear","1006004; 1006005; 1006006; 1025913; 1025914; 1025915; 1025916; 1025917; 1025918; 1025919; 1025920; 1025921; 1025922; 1025923; 1025924"
"40348","Phantasmal Gloves","Hands","false","offer","repurchaseShop","Purchase Blue Mage Arms & Gear","1006004; 1006005; 1006006; 1025913; 1025914; 1025915; 1025916; 1025917; 1025918; 1025919; 1025920; 1025921; 1025922; 1025923; 1025924"
"40349","Phantasmal Slacks","Legs","false","offer","repurchaseShop","Purchase Blue Mage Arms & Gear","1006004; 1006005; 1006006; 1025913; 1025914; 1025915; 1025916; 1025917; 1025918; 1025919; 1025920; 1025921; 1025922; 1025923; 1025924"
"40350","Phantasmal Shoes","Feet","false","offer","repurchaseShop","Purchase Blue Mage Arms & Gear","1006004; 1006005; 1006006; 1025913; 1025914; 1025915; 1025916; 1025917; 1025918; 1025919; 1025920; 1025921; 1025922; 1025923; 1025924"
"40416","Unorthodox Saint's Cap","Head","false","offer","repurchaseShop","Purchase Starlight Celebration Items","1017613; 1017614; 1017615; 1025913; 1025914; 1025915; 1025916; 1025917; 1025918; 1025919; 1025920; 1025921; 1025922; 1025923; 1025924"
"40417","Unorthodox Saint's Halfrobe","Body","false","offer","repurchaseShop","Purchase Starlight Celebration Items","1017613; 1017614; 1017615; 1025913; 1025914; 1025915; 1025916; 1025917; 1025918; 1025919; 1025920; 1025921; 1025922; 1025923; 1025924"
"40418","Unorthodox Saint's Gloves","Hands","false","offer","repurchaseShop","Purchase Starlight Celebration Items","1017613; 1017614; 1017615; 1025913; 1025914; 1025915; 1025916; 1025917; 1025918; 1025919; 1025920; 1025921; 1025922; 1025923; 1025924"
"40419","Unorthodox Saint's Bottoms","Legs","false","offer","repurchaseShop","Purchase Starlight Celebration Items","1017613; 1017614; 1017615; 1025913; 1025914; 1025915; 1025916; 1025917; 1025918; 1025919; 1025920; 1025921; 1025922; 1025923; 1025924"
"40420","Unorthodox Saint's Longboots","Feet","false","offer","repurchaseShop","Purchase Starlight Celebration Items","1017613; 1017614; 1017615; 1025913; 1025914; 1025915; 1025916; 1025917; 1025918; 1025919; 1025920; 1025921; 1025922; 1025923; 1025924"
"40426","Baronial Hat","Head","false","offer","repurchaseShop","Purchase Quest Rewards II","1025913; 1025914; 1025915; 1025916; 1025917; 1025918; 1025919; 1025920; 1025921; 1025922; 1025923; 1025924; 1006004; 1006005; 1006006"
"40427","Baronial Jacket","Body","false","offer","repurchaseShop","Purchase Quest Rewards II","1025913; 1025914; 1025915; 1025916; 1025917; 1025918; 1025919; 1025920; 1025921; 1025922; 1025923; 1025924; 1006004; 1006005; 1006006"
"40428","Baronial Wristwraps","Hands","false","offer","repurchaseShop","Purchase Quest Rewards II","1025913; 1025914; 1025915; 1025916; 1025917; 1025918; 1025919; 1025920; 1025921; 1025922; 1025923; 1025924; 1006004; 1006005; 1006006"
"40429","Baronial Culottes","Legs","false","offer","repurchaseShop","Purchase Quest Rewards II","1025913; 1025914; 1025915; 1025916; 1025917; 1025918; 1025919; 1025920; 1025921; 1025922; 1025923; 1025924; 1006004; 1006005; 1006006"
"40430","Baronial Longboots","Feet","false","offer","repurchaseShop","Purchase Quest Rewards II","1025913; 1025914; 1025915; 1025916; 1025917; 1025918; 1025919; 1025920; 1025921; 1025922; 1025923; 1025924; 1006004; 1006005; 1006006"
"40452","Far Eastern Performer's Mask","Head","false","","No collected source","",""
"40453","Far Eastern Performer's Halfrobe","Body","false","","No collected source","",""
"40454","Far Eastern Performer's Trousers","Legs","false","","No collected source","",""
"40455","Far Eastern Performer's Shoes","Feet","false","","No collected source","",""
"40456","Augmented Hellhound War Pick","Gladiator's Arm","false","offer","vendorWithoutPosition","コメンデーションクリスタルの取引",""
"40457","Augmented Hellhound Knuckles","Pugilist's Arm","false","offer","vendorWithoutPosition","コメンデーションクリスタルの取引",""
"40458","Augmented Hellhound Battleaxe","Marauder's Arm","false","offer","vendorWithoutPosition","コメンデーションクリスタルの取引",""
"40459","Augmented Hellhound Spear","Lancer's Arm","false","offer","vendorWithoutPosition","コメンデーションクリスタルの取引",""
"40460","Augmented Hellhound Longbow","Archer's Arm","false","offer","vendorWithoutPosition","コメンデーションクリスタルの取引",""
"40461","Augmented Hellhound Sword Breakers","Rogue's Arm","false","offer","vendorWithoutPosition","コメンデーションクリスタルの取引",""
"40462","Augmented Hellhound Faussar","Dark Knight's Arm","false","offer","vendorWithoutPosition","コメンデーションクリスタルの取引",""
"40463","Augmented Hellhound Handgonne","Machinist's Arm","false","offer","vendorWithoutPosition","コメンデーションクリスタルの取引",""
"40464","Augmented Hellhound Cane","Two–handed Conjurer's Arm","false","offer","vendorWithoutPosition","コメンデーションクリスタルの取引",""
"40465","Augmented Hellhound Staff","Two–handed Thaumaturge's Arm","false","offer","vendorWithoutPosition","コメンデーションクリスタルの取引",""
"40466","Augmented Hellhound Grimoire","Arcanist's Grimoire","false","offer","vendorWithoutPosition","コメンデーションクリスタルの取引",""
"40467","Augmented Hellhound Codex","Scholar's Arm","false","offer","vendorWithoutPosition","コメンデーションクリスタルの取引",""
"40468","Augmented Hellhound Planisphere","Astrologian's Arm","false","offer","vendorWithoutPosition","コメンデーションクリスタルの取引",""
"40469","Augmented Hellhound Katana","Samurai's Arm","false","offer","vendorWithoutPosition","コメンデーションクリスタルの取引",""
"40470","Augmented Hellhound Tuck","Red Mage's Arm","false","offer","vendorWithoutPosition","コメンデーションクリスタルの取引",""
"40471","Augmented Hellhound Gunblade","Gunbreaker's Arm","false","offer","vendorWithoutPosition","コメンデーションクリスタルの取引",""
"40472","Augmented Hellhound Chakrams","Dancer's Arm","false","offer","vendorWithoutPosition","コメンデーションクリスタルの取引",""
"40473","Augmented Hellhound Pendulums","Sage's Arm","false","offer","vendorWithoutPosition","コメンデーションクリスタルの取引",""
"40474","Augmented Hellhound Scythe","Reaper's Arm","false","offer","vendorWithoutPosition","コメンデーションクリスタルの取引",""
"40475","Augmented Hellhound Kite Shield","Shield","false","offer","vendorWithoutPosition","コメンデーションクリスタルの取引",""
"40613","Ornate Diadochos Jacket of Fending","Body","false","","No collected source","",""
"40614","Ornate Diadochos Jacket of Maiming","Body","false","","No collected source","",""
"40615","Ornate Diadochos Jacket of Striking","Body","false","","No collected source","",""
"40616","Ornate Diadochos Jacket of Aiming","Body","false","","No collected source","",""
"40617","Ornate Diadochos Jacket of Scouting","Body","false","","No collected source","",""
"40618","Ornate Diadochos Coat of Healing","Body","false","","No collected source","",""
"40619","Ornate Diadochos Coat of Casting","Body","false","","No collected source","",""
"41081","Azeyma's Earrings","Earrings","false","","No collected source","",""
"41455","Soul of the Pictomancer","Soul Crystal","false","","No collected source","",""
"41456","Soul of the Viper","Soul Crystal","false","","No collected source","",""
"41503","Donut Earring","Earrings","false","","No collected source","",""
"41504","Cookie Earring","Earrings","false","","No collected source","",""
"41505","Buuz Earring","Earrings","false","","No collected source","",""
"41506","Coffee Cup Earring","Earrings","false","","No collected source","",""
"41560","Gentlebean Knit Cap","Head","false","offer","repurchaseShop","1770724","1046441"
"41561","Gentlebean Parka","Body","false","offer","repurchaseShop","1770724","1046441"
"41562","Gentlebean Bottoms","Legs","false","offer","repurchaseShop","1770724","1046441"
"41563","Gentlebean Shoes","Feet","false","offer","repurchaseShop","1770724","1046441"
"41564","Matte Winner's Crown","Head","false","offer","repurchaseShop","1770724","1046441"
"41565","Imp Head","Head","false","offer","repurchaseShop","Purchase Other Seasonal Event Items","1017613; 1017614; 1017615; 1025913; 1025914; 1025915; 1025916; 1025917; 1025918; 1025919; 1025920; 1025921; 1025922; 1025923; 1025924"
"41566","Imp Suit","Body","false","offer","repurchaseShop","Purchase Other Seasonal Event Items","1017613; 1017614; 1017615; 1025913; 1025914; 1025915; 1025916; 1025917; 1025918; 1025919; 1025920; 1025921; 1025922; 1025923; 1025924"
"41581","Recreationisle Shirt","Body","false","offer","repurchaseShop","Purchase Quest Rewards II","1025913; 1025914; 1025915; 1025916; 1025917; 1025918; 1025919; 1025920; 1025921; 1025922; 1025923; 1025924; 1006004; 1006005; 1006006"
"41582","Recreationisle Dive Watch","Hands","false","offer","repurchaseShop","Purchase Quest Rewards II","1025913; 1025914; 1025915; 1025916; 1025917; 1025918; 1025919; 1025920; 1025921; 1025922; 1025923; 1025924; 1006004; 1006005; 1006006"
"41583","Recreationisle Halfslops","Legs","false","offer","repurchaseShop","Purchase Quest Rewards II","1025913; 1025914; 1025915; 1025916; 1025917; 1025918; 1025919; 1025920; 1025921; 1025922; 1025923; 1025924; 1006004; 1006005; 1006006"
"41584","Recreationisle Shoes","Feet","false","offer","repurchaseShop","Purchase Quest Rewards II","1025913; 1025914; 1025915; 1025916; 1025917; 1025918; 1025919; 1025920; 1025921; 1025922; 1025923; 1025924; 1006004; 1006005; 1006006"
"41596","Gleaner's Coat","Body","false","offer","repurchaseShop","Purchase Quest Rewards II","1025913; 1025914; 1025915; 1025916; 1025917; 1025918; 1025919; 1025920; 1025921; 1025922; 1025923; 1025924; 1006004; 1006005; 1006006"
"41597","Gleaner's Work Gloves","Hands","false","offer","repurchaseShop","Purchase Quest Rewards II","1025913; 1025914; 1025915; 1025916; 1025917; 1025918; 1025919; 1025920; 1025921; 1025922; 1025923; 1025924; 1006004; 1006005; 1006006"
"41598","Gleaner's Breeches","Legs","false","offer","repurchaseShop","Purchase Quest Rewards II","1025913; 1025914; 1025915; 1025916; 1025917; 1025918; 1025919; 1025920; 1025921; 1025922; 1025923; 1025924; 1006004; 1006005; 1006006"
"41599","Gleaner's Longboots","Feet","false","offer","repurchaseShop","Purchase Quest Rewards II","1025913; 1025914; 1025915; 1025916; 1025917; 1025918; 1025919; 1025920; 1025921; 1025922; 1025923; 1025924; 1006004; 1006005; 1006006"
"41678","Chocobo Brush","Pictomancer's Arm","false","","No collected source","",""
"41796","Glossy Winner's Crown","Head","false","offer","repurchaseShop","1770724","1046441"
"41808","Weathered Twinfangs","Viper's Arm","false","offer","repurchaseShop","Purchase Lv. 80 Arms & Gear","1006004; 1006005; 1006006; 1025913; 1025914; 1025915; 1025916; 1025917; 1025918; 1025919; 1025920; 1025921; 1025922; 1025923; 1025924"
"41809","Weathered Round Brush","Pictomancer's Arm","false","offer","repurchaseShop","Purchase Lv. 80 Arms & Gear","1006004; 1006005; 1006006; 1025913; 1025914; 1025915; 1025916; 1025917; 1025918; 1025919; 1025920; 1025921; 1025922; 1025923; 1025924"
"43178","Weathered Snakebite Headband","Head","false","offer","repurchaseShop","Purchase Lv. 80 Arms & Gear","1006004; 1006005; 1006006; 1025913; 1025914; 1025915; 1025916; 1025917; 1025918; 1025919; 1025920; 1025921; 1025922; 1025923; 1025924"
"43179","Weathered Snakebite Gilet","Body","false","offer","repurchaseShop","Purchase Lv. 80 Arms & Gear","1006004; 1006005; 1006006; 1025913; 1025914; 1025915; 1025916; 1025917; 1025918; 1025919; 1025920; 1025921; 1025922; 1025923; 1025924"
"43180","Weathered Snakebite Halfgloves","Hands","false","offer","repurchaseShop","Purchase Lv. 80 Arms & Gear","1006004; 1006005; 1006006; 1025913; 1025914; 1025915; 1025916; 1025917; 1025918; 1025919; 1025920; 1025921; 1025922; 1025923; 1025924"
"43181","Weathered Snakebite Gaskins","Legs","false","offer","repurchaseShop","Purchase Lv. 80 Arms & Gear","1006004; 1006005; 1006006; 1025913; 1025914; 1025915; 1025916; 1025917; 1025918; 1025919; 1025920; 1025921; 1025922; 1025923; 1025924"
"43182","Weathered Snakebite Boots","Feet","false","offer","repurchaseShop","Purchase Lv. 80 Arms & Gear","1006004; 1006005; 1006006; 1025913; 1025914; 1025915; 1025916; 1025917; 1025918; 1025919; 1025920; 1025921; 1025922; 1025923; 1025924"
"43183","Weathered Painter's Beret","Head","false","offer","repurchaseShop","Purchase Lv. 80 Arms & Gear","1006004; 1006005; 1006006; 1025913; 1025914; 1025915; 1025916; 1025917; 1025918; 1025919; 1025920; 1025921; 1025922; 1025923; 1025924"
"43184","Weathered Painter's Tabard","Body","false","offer","repurchaseShop","Purchase Lv. 80 Arms & Gear","1006004; 1006005; 1006006; 1025913; 1025914; 1025915; 1025916; 1025917; 1025918; 1025919; 1025920; 1025921; 1025922; 1025923; 1025924"
"43185","Weathered Painter's Halfgloves","Hands","false","offer","repurchaseShop","Purchase Lv. 80 Arms & Gear","1006004; 1006005; 1006006; 1025913; 1025914; 1025915; 1025916; 1025917; 1025918; 1025919; 1025920; 1025921; 1025922; 1025923; 1025924"
"43186","Weathered Painter's Slops","Legs","false","offer","repurchaseShop","Purchase Lv. 80 Arms & Gear","1006004; 1006005; 1006006; 1025913; 1025914; 1025915; 1025916; 1025917; 1025918; 1025919; 1025920; 1025921; 1025922; 1025923; 1025924"
"43187","Weathered Painter's Pattens","Feet","false","offer","repurchaseShop","Purchase Lv. 80 Arms & Gear","1006004; 1006005; 1006006; 1025913; 1025914; 1025915; 1025916; 1025917; 1025918; 1025919; 1025920; 1025921; 1025922; 1025923; 1025924"
"43469","Mica Head","Head","false","offer","tokenWithoutDuty","Sublime Curiosities","1049080"
"43470","Mica Suit","Body","false","offer","tokenWithoutDuty","Sublime Curiosities","1049080"
"43471","Night of Devilry Horns","Head","false","offer","repurchaseShop","Purchase All Saints' Wake Items","1017613; 1017614; 1017615; 1025913; 1025914; 1025915; 1025916; 1025917; 1025918; 1025919; 1025920; 1025921; 1025922; 1025923; 1025924"
"43472","Night of Devilry Shirt","Body","false","offer","repurchaseShop","Purchase All Saints' Wake Items","1017613; 1017614; 1017615; 1025913; 1025914; 1025915; 1025916; 1025917; 1025918; 1025919; 1025920; 1025921; 1025922; 1025923; 1025924"
"43473","Night of Devilry Fingerless Gloves","Hands","false","offer","repurchaseShop","Purchase All Saints' Wake Items","1017613; 1017614; 1017615; 1025913; 1025914; 1025915; 1025916; 1025917; 1025918; 1025919; 1025920; 1025921; 1025922; 1025923; 1025924"
"43474","Night of Devilry Trousers","Legs","false","offer","repurchaseShop","Purchase All Saints' Wake Items","1017613; 1017614; 1017615; 1025913; 1025914; 1025915; 1025916; 1025917; 1025918; 1025919; 1025920; 1025921; 1025922; 1025923; 1025924"
"43475","Night of Devilry Boots","Feet","false","offer","repurchaseShop","Purchase All Saints' Wake Items","1017613; 1017614; 1017615; 1025913; 1025914; 1025915; 1025916; 1025917; 1025918; 1025919; 1025920; 1025921; 1025922; 1025923; 1025924"
"43639","Augmented Hellhound Twinfangs","Viper's Arm","false","offer","vendorWithoutPosition","コメンデーションクリスタルの取引",""
"43660","Augmented Hellhound Round Brush","Pictomancer's Arm","false","offer","vendorWithoutPosition","コメンデーションクリスタルの取引",""
"43946","Ornate Archeo Kingdom Cuirass of Fending","Body","false","","No collected source","",""
"43947","Ornate Archeo Kingdom Cuirass of Maiming","Body","false","","No collected source","",""
"43948","Ornate Archeo Kingdom Jacket of Striking","Body","false","","No collected source","",""
"43949","Ornate Archeo Kingdom Jacket of Aiming","Body","false","","No collected source","",""
"43950","Ornate Archeo Kingdom Jacket of Scouting","Body","false","","No collected source","",""
"43951","Ornate Archeo Kingdom Coat of Healing","Body","false","","No collected source","",""
"43952","Ornate Archeo Kingdom Coat of Casting","Body","false","","No collected source","",""
"44410","Neophyte's Ring","Ring","false","","No collected source","",""
"44645","Seneschal Prince's Headset","Head","false","offer","repurchaseShop","Purchase Little Ladies' Day Items","1017613; 1017614; 1017615; 1025913; 1025914; 1025915; 1025916; 1025917; 1025918; 1025919; 1025920; 1025921; 1025922; 1025923; 1025924"
"44646","Seneschal Prince's Jacket","Body","false","offer","repurchaseShop","Purchase Little Ladies' Day Items","1017613; 1017614; 1017615; 1025913; 1025914; 1025915; 1025916; 1025917; 1025918; 1025919; 1025920; 1025921; 1025922; 1025923; 1025924"
"44647","Seneschal Prince's Gloves","Hands","false","offer","repurchaseShop","Purchase Little Ladies' Day Items","1017613; 1017614; 1017615; 1025913; 1025914; 1025915; 1025916; 1025917; 1025918; 1025919; 1025920; 1025921; 1025922; 1025923; 1025924"
"44648","Seneschal Prince's Trousers","Legs","false","offer","repurchaseShop","Purchase Little Ladies' Day Items","1017613; 1017614; 1017615; 1025913; 1025914; 1025915; 1025916; 1025917; 1025918; 1025919; 1025920; 1025921; 1025922; 1025923; 1025924"
"44649","Seneschal Prince's Longboots","Feet","false","offer","repurchaseShop","Purchase Little Ladies' Day Items","1017613; 1017614; 1017615; 1025913; 1025914; 1025915; 1025916; 1025917; 1025918; 1025919; 1025920; 1025921; 1025922; 1025923; 1025924"
"44668","Belt-leather Beret","Head","false","","No collected source","",""
"44669","Belt-leather Harness Top","Body","false","","No collected source","",""
"44670","Belt-leather Fingerstalls","Hands","false","","No collected source","",""
"44671","Belt-leather Trousers","Legs","false","","No collected source","",""
"44672","Belt-leather Boots","Feet","false","","No collected source","",""
"44673","Open-back Belt-leather Harness Top","Body","false","","No collected source","",""
"44674","Cropped Belt-leather Slops","Legs","false","","No collected source","",""
"44675","Belt-leather Loafers","Feet","false","","No collected source","",""
"46346","Underkeep Gauntlets of Fending","Hands","false","","No collected source","",""
"46347","Underkeep Trousers of Fending","Legs","false","","No collected source","",""
"46348","Underkeep Sabatons of Fending","Feet","false","","No collected source","",""
"46349","Underkeep Helm of Maiming","Head","false","","No collected source","",""
"46351","Underkeep Gloves of Maiming","Hands","false","","No collected source","",""
"46352","Underkeep Pantaloons of Maiming","Legs","false","","No collected source","",""
"46353","Underkeep Sabatons of Maiming","Feet","false","","No collected source","",""
"46354","Underkeep Headgear of Striking","Head","false","","No collected source","",""
"46355","Underkeep Coat of Striking","Body","false","","No collected source","",""
"46356","Underkeep Gloves of Striking","Hands","false","","No collected source","",""
"46357","Underkeep Breeches of Striking","Legs","false","","No collected source","",""
"46358","Underkeep Thighboots of Striking","Feet","false","","No collected source","",""
"46359","Underkeep Helm of Aiming","Head","false","","No collected source","",""
"46360","Underkeep Jacket of Aiming","Body","false","","No collected source","",""
"46361","Underkeep Gloves of Aiming","Hands","false","","No collected source","",""
"46362","Underkeep Breeches of Aiming","Legs","false","","No collected source","",""
"46363","Underkeep Thighboots of Aiming","Feet","false","","No collected source","",""
"46364","Underkeep Headgear of Scouting","Head","false","","No collected source","",""
"46365","Underkeep Jacket of Scouting","Body","false","","No collected source","",""
"46366","Underkeep Gloves of Scouting","Hands","false","","No collected source","",""
"46368","Underkeep Sabatons of Scouting","Feet","false","","No collected source","",""
"46369","Underkeep Helm of Healing","Head","false","","No collected source","",""
"46370","Underkeep Coat of Healing","Body","false","","No collected source","",""
"46371","Underkeep Gloves of Healing","Hands","false","","No collected source","",""
"46372","Underkeep Pantaloons of Healing","Legs","false","","No collected source","",""
"46373","Underkeep Sabatons of Healing","Feet","false","","No collected source","",""
"46374","Underkeep Helm of Casting","Head","false","","No collected source","",""
"46375","Underkeep Coat of Casting","Body","false","","No collected source","",""
"46376","Underkeep Gloves of Casting","Hands","false","","No collected source","",""
"46377","Underkeep Pantaloons of Casting","Legs","false","","No collected source","",""
"46378","Underkeep Sabatons of Casting","Feet","false","","No collected source","",""
"46379","Underkeep Earrings of Fending","Earrings","false","","No collected source","",""
"46380","Underkeep Earrings of Slaying","Earrings","false","","No collected source","",""
"46381","Underkeep Earrings of Aiming","Earrings","false","","No collected source","",""
"46382","Underkeep Earrings of Healing","Earrings","false","","No collected source","",""
"46383","Underkeep Earrings of Casting","Earrings","false","","No collected source","",""
"46384","Underkeep Neckband of Fending","Necklace","false","","No collected source","",""
"46385","Underkeep Neckband of Slaying","Necklace","false","","No collected source","",""
"46386","Underkeep Neckband of Aiming","Necklace","false","","No collected source","",""
"46387","Underkeep Neckband of Healing","Necklace","false","","No collected source","",""
"46388","Underkeep Neckband of Casting","Necklace","false","","No collected source","",""
"46389","Underkeep Wristband of Fending","Bracelets","false","","No collected source","",""
"46390","Underkeep Wristband of Slaying","Bracelets","false","","No collected source","",""
"46391","Underkeep Wristband of Aiming","Bracelets","false","","No collected source","",""
"46392","Underkeep Wristband of Healing","Bracelets","false","","No collected source","",""
"46393","Underkeep Wristband of Casting","Bracelets","false","","No collected source","",""
"46394","Underkeep Ring of Fending","Ring","false","","No collected source","",""
"46395","Underkeep Ring of Slaying","Ring","false","","No collected source","",""
"46396","Underkeep Ring of Aiming","Ring","false","","No collected source","",""
"46397","Underkeep Ring of Healing","Ring","false","","No collected source","",""
"46398","Underkeep Ring of Casting","Ring","false","","No collected source","",""
"46837","The Faces We Wear - Mythril-edged Eyepatch (Right)","Miscellany","true","","No collected source","",""
"46840","The Faces We Wear - Scaevan Headgear","Miscellany","true","","No collected source","",""
"46845","The Faces We Wear - Professorial Glasses","Miscellany","true","","No collected source","",""
"47028","Sword of the First Light","Gladiator's Arm","false","offer","vendorWithoutPosition","1770970","1054944"
"47029","Sainti of the First Light","Pugilist's Arm","false","offer","vendorWithoutPosition","1770970","1054944"
"47030","Battleaxe of the First Light","Marauder's Arm","false","offer","vendorWithoutPosition","1770970","1054944"
"47031","Spear of the First Light","Lancer's Arm","false","offer","vendorWithoutPosition","1770970","1054944"
"47032","Longbow of the First Light","Archer's Arm","false","offer","vendorWithoutPosition","1770970","1054944"
"47033","Wand of the First Light","Two–handed Conjurer's Arm","false","offer","vendorWithoutPosition","1770970","1054944"
"47034","Rod of the First Light","Two–handed Thaumaturge's Arm","false","offer","vendorWithoutPosition","1770970","1054944"
"47035","The Book of First Light","Arcanist's Grimoire","false","offer","vendorWithoutPosition","1770970","1054944"
"47036","Word of the Radiant","Scholar's Arm","false","offer","vendorWithoutPosition","1770970","1054944"
"47037","Daggers of the First Light","Rogue's Arm","false","offer","vendorWithoutPosition","1770970","1054944"
"47038","Greatsword of the First Light","Dark Knight's Arm","false","offer","vendorWithoutPosition","1770970","1054944"
"47039","Musketoon of the First Light","Machinist's Arm","false","offer","vendorWithoutPosition","1770970","1054944"
"47040","Torquetum of the First Light","Astrologian's Arm","false","offer","vendorWithoutPosition","1770970","1054944"
"47041","Blade of the First Light","Samurai's Arm","false","offer","vendorWithoutPosition","1770970","1054944"
"47042","Rapier of the First Light","Red Mage's Arm","false","offer","vendorWithoutPosition","1770970","1054944"
"47043","Manatrigger of the First Light","Gunbreaker's Arm","false","offer","vendorWithoutPosition","1770970","1054944"
"47044","Tathlums of the First Light","Dancer's Arm","false","offer","vendorWithoutPosition","1770970","1054944"
"47045","War Scythe of the First Light","Reaper's Arm","false","offer","vendorWithoutPosition","1770970","1054944"
"47046","Pendulums of the First Light","Sage's Arm","false","offer","vendorWithoutPosition","1770970","1054944"
"47047","Twinfangs of the First Light","Viper's Arm","false","offer","vendorWithoutPosition","1770970","1054944"
"47048","Paintbrush of the First Light","Pictomancer's Arm","false","offer","vendorWithoutPosition","1770970","1054944"
"47049","Shield of the First Light","Shield","false","offer","vendorWithoutPosition","1770970","1054944"
"47050","Sacramental Sword","Gladiator's Arm","false","offer","vendorWithoutPosition","1770970","1054944"
"47051","Sacramental Sainti","Pugilist's Arm","false","offer","vendorWithoutPosition","1770970","1054944"
"47052","Sacramental Battleaxe","Marauder's Arm","false","offer","vendorWithoutPosition","1770970","1054944"
"47053","Sacramental Spear","Lancer's Arm","false","offer","vendorWithoutPosition","1770970","1054944"
"47054","Sacramental Longbow","Archer's Arm","false","offer","vendorWithoutPosition","1770970","1054944"
"47055","Sacramental Wand","Two–handed Conjurer's Arm","false","offer","vendorWithoutPosition","1770970","1054944"
"47056","Sacramental Rod","Two–handed Thaumaturge's Arm","false","offer","vendorWithoutPosition","1770970","1054944"
"47057","The Book of Sacramental Light","Arcanist's Grimoire","false","offer","vendorWithoutPosition","1770970","1054944"
"47058","Word of the Blest","Scholar's Arm","false","offer","vendorWithoutPosition","1770970","1054944"
"47059","Sacramental Daggers","Rogue's Arm","false","offer","vendorWithoutPosition","1770970","1054944"
"47060","Sacramental Greatsword","Dark Knight's Arm","false","offer","vendorWithoutPosition","1770970","1054944"
"47061","Sacramental Musketoon","Machinist's Arm","false","offer","vendorWithoutPosition","1770970","1054944"
"47062","Sacramental Torquetum","Astrologian's Arm","false","offer","vendorWithoutPosition","1770970","1054944"
"47063","Sacramental Blade","Samurai's Arm","false","offer","vendorWithoutPosition","1770970","1054944"
"47064","Sacramental Rapier","Red Mage's Arm","false","offer","vendorWithoutPosition","1770970","1054944"
"47065","Sacramental Manatrigger","Gunbreaker's Arm","false","offer","vendorWithoutPosition","1770970","1054944"
"47066","Sacramental Tathlums","Dancer's Arm","false","offer","vendorWithoutPosition","1770970","1054944"
"47067","Sacramental War Scythe","Reaper's Arm","false","offer","vendorWithoutPosition","1770970","1054944"
"47068","Sacramental Pendulums","Sage's Arm","false","offer","vendorWithoutPosition","1770970","1054944"
"47069","Sacramental Twinfangs","Viper's Arm","false","offer","vendorWithoutPosition","1770970","1054944"
"47070","Sacramental Paintbrush","Pictomancer's Arm","false","offer","vendorWithoutPosition","1770970","1054944"
"47071","Sacramental Shield","Shield","false","offer","vendorWithoutPosition","1770970","1054944"
"47072","Veldian Sword","Gladiator's Arm","false","","No collected source","",""
"47073","Veldian Knuckles","Pugilist's Arm","false","","No collected source","",""
"47074","Veldian Axe","Marauder's Arm","false","","No collected source","",""
"47075","Veldian Spear","Lancer's Arm","false","","No collected source","",""
"47076","Veldian Bow","Archer's Arm","false","","No collected source","",""
"47077","Veldian Cane","Two–handed Conjurer's Arm","false","","No collected source","",""
"47078","Veldian Rod","Two–handed Thaumaturge's Arm","false","","No collected source","",""
"47079","Veldian Index","Arcanist's Grimoire","false","","No collected source","",""
"47080","Veldian Codex","Scholar's Arm","false","","No collected source","",""
"47081","Veldian Knives","Rogue's Arm","false","","No collected source","",""
"47082","Veldian Guillotine","Dark Knight's Arm","false","","No collected source","",""
"47083","Veldian Culverin","Machinist's Arm","false","","No collected source","",""
"47084","Veldian Star Globe","Astrologian's Arm","false","","No collected source","",""
"47085","Veldian Blade","Samurai's Arm","false","","No collected source","",""
"47086","Veldian Rapier","Red Mage's Arm","false","","No collected source","",""
"47087","Veldian Bayonet","Gunbreaker's Arm","false","","No collected source","",""
"47088","Veldian Tathlums","Dancer's Arm","false","","No collected source","",""
"47089","Veldian Scythe","Reaper's Arm","false","","No collected source","",""
"47090","Veldian Wings","Sage's Arm","false","","No collected source","",""
"47091","Veldian Twinfangs","Viper's Arm","false","","No collected source","",""
"47092","Veldian Round Brush","Pictomancer's Arm","false","","No collected source","",""
"47093","Veldian Shield","Shield","false","","No collected source","",""
"47108","Mistic Memory Sallet of Fending","Head","false","","No collected source","",""
"47110","Mistic Memory Vambraces of Fending","Hands","false","","No collected source","",""
"47111","Mistic Memory Gaskins of Fending","Legs","false","","No collected source","",""
"47112","Mistic Memory Greaves of Fending","Feet","false","","No collected source","",""
"47113","Mistic Memory Sallet of Maiming","Head","false","","No collected source","",""
"47115","Mistic Memory Vambraces of Maiming","Hands","false","","No collected source","",""
"47116","Mistic Memory Gaskins of Maiming","Legs","false","","No collected source","",""
"47117","Mistic Memory Greaves of Maiming","Feet","false","","No collected source","",""
"47118","Mistic Memory Eyepatch of Striking","Head","false","","No collected source","",""
"47120","Mistic Memory Bracers of Striking","Hands","false","","No collected source","",""
"47121","Mistic Memory Brais of Striking","Legs","false","","No collected source","",""
"47122","Mistic Memory Boots of Striking","Feet","false","","No collected source","",""
"47123","Mistic Memory Hat of Aiming","Head","false","","No collected source","",""
"47124","Mistic Memory Top of Aiming","Body","false","","No collected source","",""
"47125","Mistic Memory Gloves of Aiming","Hands","false","","No collected source","",""
"47126","Mistic Memory Sarouel of Aiming","Legs","false","","No collected source","",""
"47127","Mistic Memory Boots of Aiming","Feet","false","","No collected source","",""
"47128","Mistic Memory Eyepatch of Scouting","Head","false","","No collected source","",""
"47130","Mistic Memory Bracers of Scouting","Hands","false","","No collected source","",""
"47131","Mistic Memory Brais of Scouting","Legs","false","","No collected source","",""
"47133","Mistic Memory Head Wrap of Healing","Head","false","","No collected source","",""
"47134","Mistic Memory Coat of Healing","Body","false","","No collected source","",""
"47135","Mistic Memory Armlets of Healing","Hands","false","","No collected source","",""
"47136","Mistic Memory Bottoms of Healing","Legs","false","","No collected source","",""
"47137","Mistic Memory Boots of Healing","Feet","false","","No collected source","",""
"47138","Mistic Memory Head Wrap of Casting","Head","false","","No collected source","",""
"47139","Mistic Memory Coat of Casting","Body","false","","No collected source","",""
"47140","Mistic Memory Armlets of Casting","Hands","false","","No collected source","",""
"47141","Mistic Memory Bottoms of Casting","Legs","false","","No collected source","",""
"47142","Mistic Memory Boots of Casting","Feet","false","","No collected source","",""
"47143","Mistic Memory Earrings of Fending","Earrings","false","","No collected source","",""
"47144","Mistic Memory Earrings of Slaying","Earrings","false","","No collected source","",""
"47145","Mistic Memory Earrings of Aiming","Earrings","false","","No collected source","",""
"47146","Mistic Memory Earrings of Healing","Earrings","false","","No collected source","",""
"47147","Mistic Memory Earrings of Casting","Earrings","false","","No collected source","",""
"47148","Mistic Memory Choker of Fending","Necklace","false","","No collected source","",""
"47149","Mistic Memory Choker of Slaying","Necklace","false","","No collected source","",""
"47150","Mistic Memory Choker of Aiming","Necklace","false","","No collected source","",""
"47151","Mistic Memory Choker of Healing","Necklace","false","","No collected source","",""
"47152","Mistic Memory Choker of Casting","Necklace","false","","No collected source","",""
"47153","Mistic Memory Bracelet of Fending","Bracelets","false","","No collected source","",""
"47154","Mistic Memory Bracelet of Slaying","Bracelets","false","","No collected source","",""
"47155","Mistic Memory Bracelet of Aiming","Bracelets","false","","No collected source","",""
"47156","Mistic Memory Bracelet of Healing","Bracelets","false","","No collected source","",""
"47157","Mistic Memory Bracelet of Casting","Bracelets","false","","No collected source","",""
"47158","Mistic Memory Ring of Fending","Ring","false","","No collected source","",""
"47159","Mistic Memory Ring of Slaying","Ring","false","","No collected source","",""
"47160","Mistic Memory Ring of Aiming","Ring","false","","No collected source","",""
"47161","Mistic Memory Ring of Healing","Ring","false","","No collected source","",""
"47162","Mistic Memory Ring of Casting","Ring","false","","No collected source","",""
"47207","Fuath Plumed Hat","Head","false","offer","vendorWithoutPosition","1770968","1054944"
"47208","Fuath Swallowtail","Body","false","offer","vendorWithoutPosition","1770968","1054944"
"47209","Fuath Dress Gloves","Hands","false","offer","vendorWithoutPosition","1770968","1054944"
"47210","Fuath Pantaloons","Legs","false","offer","vendorWithoutPosition","1770968","1054944"
"47211","Fuath Dress Shoes","Feet","false","offer","vendorWithoutPosition","1770968","1054944"
"47263","Cozy Valentione Beret","Head","false","offer","seasonalShop","1770966","1054056"
"47264","Cozy Valentione Cardigan","Body","false","offer","seasonalShop","1770966","1054056"
"47265","Cozy Valentione Slacks","Legs","false","offer","seasonalShop","1770966","1054056"
"47266","Cozy Valentione Shoes","Feet","false","offer","seasonalShop","1770966","1054056"
"47267","Comfy Valentione Beret","Head","false","offer","seasonalShop","1770966","1054056"
"47268","Comfy Valentione Cardigan","Body","false","offer","seasonalShop","1770966","1054056"
"47269","Comfy Valentione Skirt","Legs","false","offer","seasonalShop","1770966","1054056"
"47270","Alternative Cap","Head","false","","No collected source","",""
"47271","Alternative Shirt","Body","false","","No collected source","",""
"47272","Alternative Leather Bracelets","Hands","false","","No collected source","",""
"47273","Alternative Trousers","Legs","false","","No collected source","",""
"47274","Alternative Spiked Shoes","Feet","false","","No collected source","",""
"47275","Galatea Crown","Head","false","","No collected source","",""
"47276","Galatea Bustier","Body","false","","No collected source","",""
"47277","Galatea Tights","Legs","false","","No collected source","",""
"47278","Galatea Heels","Feet","false","","No collected source","",""
"47284","Star Pilot Helm","Head","false","","No collected source","",""
"47285","Star Pilot Suit","Body","false","","No collected source","",""
"47286","Star Pilot Gloves","Hands","false","","No collected source","",""
"47287","Star Pilot Boots","Feet","false","","No collected source","",""
"47297","Earrings of the First Light","Earrings","false","offer","vendorWithoutPosition","1770969","1054944"
"47298","Necklace of the First Light","Necklace","false","offer","vendorWithoutPosition","1770969","1054944"
"47299","Bangles of the First Light","Bracelets","false","offer","vendorWithoutPosition","1770969","1054944"
"47300","Ring of the First Light","Ring","false","offer","vendorWithoutPosition","1770969","1054944"
"47301","Ramza's Coat","Body","false","","No collected source","",""
"47302","Ramza's Gloves","Hands","false","","No collected source","",""
"47303","Ramza's Thighboots","Feet","false","","No collected source","",""
"47304","Ovelia's Dress","Body","false","","No collected source","",""
"47305","Ovelia's Drawers","Legs","false","","No collected source","",""
"47306","Ovelia's Boots","Feet","false","","No collected source","",""
"47307","Gaffgarion's Burgeonet","Head","false","","No collected source","",""
"47308","Gaffgarion's Mail","Body","false","","No collected source","",""
"47309","Gaffgarion's Vambraces","Hands","false","","No collected source","",""
"47310","Gaffgarion's Gaskins","Legs","false","","No collected source","",""
"47311","Gaffgarion's Boots","Feet","false","","No collected source","",""
"47470","Beast Herder's Hand Axe","Beastmaster's Arm","false","offer","repurchaseShop","Purchase Beastmaster Arms & Gear","1006004; 1006005; 1006006; 1025913; 1025914; 1025915; 1025916; 1025917; 1025918; 1025919; 1025920; 1025921; 1025922; 1025923; 1025924"
"47472","Beast Herder's Hoplon","Shield","false","offer","repurchaseShop","Purchase Beastmaster Arms & Gear","1006004; 1006005; 1006006; 1025913; 1025914; 1025915; 1025916; 1025917; 1025918; 1025919; 1025920; 1025921; 1025922; 1025923; 1025924"
"47474","Soul of the Beastmaster","Soul Crystal","false","","No collected source","",""
"47906","The Warden's Wreath","Head","false","","No collected source","",""
"47908","The Warden's Vambraces","Hands","false","","No collected source","",""
"47910","The Warden's Thighboots","Feet","false","","No collected source","",""
"47911","Crystarium Rebel's Top","Body","false","","No collected source","",""
"47912","Crystarium Rebel's Wrist Torque","Hands","false","","No collected source","",""
"47913","Crystarium Rebel's Halftights","Legs","false","","No collected source","",""
"47914","Crystarium Rebel's Thighboots","Feet","false","","No collected source","",""
"47924","Maritime Mirrored Sunglasses","Head","false","offer","repurchaseShop","Purchase Moonfire Faire Items II","1017613; 1017614; 1017615; 1025913; 1025914; 1025915; 1025916; 1025917; 1025918; 1025919; 1025920; 1025921; 1025922; 1025923; 1025924"
"47925","Maritime Top","Body","false","offer","repurchaseShop","Purchase Moonfire Faire Items II","1017613; 1017614; 1017615; 1025913; 1025914; 1025915; 1025916; 1025917; 1025918; 1025919; 1025920; 1025921; 1025922; 1025923; 1025924"
"47926","Maritime Shorts","Legs","false","offer","repurchaseShop","Purchase Moonfire Faire Items II","1017613; 1017614; 1017615; 1025913; 1025914; 1025915; 1025916; 1025917; 1025918; 1025919; 1025920; 1025921; 1025922; 1025923; 1025924"
"47927","Maritime Sandals","Feet","false","offer","repurchaseShop","Purchase Moonfire Faire Items II","1017613; 1017614; 1017615; 1025913; 1025914; 1025915; 1025916; 1025917; 1025918; 1025919; 1025920; 1025921; 1025922; 1025923; 1025924"
"47933","Cosmosuit Helm","Head","false","","No collected source","",""
"47934","Cosmosuit Top","Body","false","","No collected source","",""
"47935","Cosmosuit Gloves","Hands","false","","No collected source","",""
"47936","Cosmosuit Bottoms","Legs","false","","No collected source","",""
"47939","Botanist's Earrings","Earrings","false","","No collected source","",""
"47940","Fisher's Earrings","Earrings","false","","No collected source","",""
"48149","The Faces We Wear - Tinted Goggles","Miscellany","true","","No collected source","",""
"48154","The Faces We Wear - Tinted Sunglasses","Miscellany","true","","No collected source","",""
"48727","The Warden's Earring","Earrings","false","","No collected source","",""
"48998","Mica Neotunic","Body","false","offer","tokenWithoutDuty","Sublime Curiosities","1049080"
"49003","Oversized Mica Neotunic","Body","false","offer","tokenWithoutDuty","Sublime Curiosities","1049080"
"49008","Form-fitting Mica Neotunic","Body","false","offer","tokenWithoutDuty","Sublime Curiosities","1049080"
"49372","Mistwake Visor of Fending","Head","false","","No collected source","",""
"49373","Mistwake Chestpiece of Fending","Body","false","","No collected source","",""
"49374","Mistwake Gloves of Fending","Hands","false","","No collected source","",""
"49375","Mistwake Hose of Fending","Legs","false","","No collected source","",""
"49376","Mistwake Greaves of Fending","Feet","false","","No collected source","",""
"49377","Mistwake Visor of Maiming","Head","false","","No collected source","",""
"49379","Mistwake Gloves of Maiming","Hands","false","","No collected source","",""
"49380","Mistwake Hose of Maiming","Legs","false","","No collected source","",""
"49381","Mistwake Greaves of Maiming","Feet","false","","No collected source","",""
"49382","Mistwake Hood of Striking","Head","false","","No collected source","",""
"49383","Mistwake Cloak of Striking","Body","false","","No collected source","",""
"49384","Mistwake Gloves of Striking","Hands","false","","No collected source","",""
"49385","Mistwake Bottoms of Striking","Legs","false","","No collected source","",""
"49386","Mistwake Boots of Striking","Feet","false","","No collected source","",""
"49388","Mistwake Jacket of Aiming","Body","false","","No collected source","",""
"49389","Mistwake Gloves of Aiming","Hands","false","","No collected source","",""
"49390","Mistwake Kecks of Aiming","Legs","false","","No collected source","",""
"49391","Mistwake Boots of Aiming","Feet","false","","No collected source","",""
"49392","Mistwake Hood of Scouting","Head","false","","No collected source","",""
"49393","Mistwake Cloak of Scouting","Body","false","","No collected source","",""
"49394","Mistwake Gloves of Scouting","Hands","false","","No collected source","",""
"49395","Mistwake Bottoms of Scouting","Legs","false","","No collected source","",""
"49396","Mistwake Boots of Scouting","Feet","false","","No collected source","",""
"49397","Mistwake Hood of Healing","Head","false","","No collected source","",""
"49398","Mistwake Halfrobe of Healing","Body","false","","No collected source","",""
"49399","Mistwake Wristwraps of Healing","Hands","false","","No collected source","",""
"49400","Mistwake Hose of Healing","Legs","false","","No collected source","",""
"49401","Mistwake Boots of Healing","Feet","false","","No collected source","",""
"49403","Mistwake Halfrobe of Casting","Body","false","","No collected source","",""
"49404","Mistwake Wristwraps of Casting","Hands","false","","No collected source","",""
"49405","Mistwake Hose of Casting","Legs","false","","No collected source","",""
"49406","Mistwake Boots of Casting","Feet","false","","No collected source","",""
"49407","Mistwake Earring of Fending","Earrings","false","","No collected source","",""
"49408","Mistwake Earring of Slaying","Earrings","false","","No collected source","",""
"49409","Mistwake Earring of Aiming","Earrings","false","","No collected source","",""
"49410","Mistwake Earring of Healing","Earrings","false","","No collected source","",""
"49411","Mistwake Earring of Casting","Earrings","false","","No collected source","",""
"49412","Mistwake Choker of Fending","Necklace","false","","No collected source","",""
"49413","Mistwake Choker of Slaying","Necklace","false","","No collected source","",""
"49414","Mistwake Choker of Aiming","Necklace","false","","No collected source","",""
"49415","Mistwake Choker of Healing","Necklace","false","","No collected source","",""
"49416","Mistwake Choker of Casting","Necklace","false","","No collected source","",""
"49417","Mistwake Amulet of Fending","Bracelets","false","","No collected source","",""
"49418","Mistwake Amulet of Slaying","Bracelets","false","","No collected source","",""
"49419","Mistwake Amulet of Aiming","Bracelets","false","","No collected source","",""
"49420","Mistwake Amulet of Healing","Bracelets","false","","No collected source","",""
"49421","Mistwake Amulet of Casting","Bracelets","false","","No collected source","",""
"49422","Mistwake Ring of Fending","Ring","false","","No collected source","",""
"49423","Mistwake Ring of Slaying","Ring","false","","No collected source","",""
"49424","Mistwake Ring of Aiming","Ring","false","","No collected source","",""
"49425","Mistwake Ring of Healing","Ring","false","","No collected source","",""
"49426","Mistwake Ring of Casting","Ring","false","","No collected source","",""
"49826","Occult Earrings of Blood","Earrings","false","","No collected source","",""
"49827","Occult Necklace of Blood","Necklace","false","","No collected source","",""
"49828","Occult Bracelet of Blood","Bracelets","false","","No collected source","",""
"49829","Occult Ring of Blood","Ring","false","","No collected source","",""
"49830","Occult Ring of Deep Blood","Ring","false","","No collected source","",""
"49831","Occult Earrings of Magic","Earrings","false","","No collected source","",""
"49832","Occult Necklace of Magic","Necklace","false","","No collected source","",""
"49833","Occult Bracelet of Magic","Bracelets","false","","No collected source","",""
"49834","Occult Ring of Magic","Ring","false","","No collected source","",""
"49835","Occult Ring of Deep Magic","Ring","false","","No collected source","",""
"50257","Realm-roamer's Jacket","Body","false","","No collected source","",""
"50258","Realm-roamer's Gauntlets","Hands","false","","No collected source","",""
"50259","Realm-roamer's Slops","Legs","false","","No collected source","",""
"50260","Realm-roamer's Greaves","Feet","false","","No collected source","",""
"50261","Realm-roamer's Earrings","Earrings","false","","No collected source","",""
"50263","En Fortune-teller's Wrist Torque","Hands","false","","No collected source","",""
"50264","En Fortune-teller's Skirt","Legs","false","","No collected source","",""
"50265","En Fortune-teller's Boots","Feet","false","","No collected source","",""
"50266","En Fortune-teller's Earrings","Earrings","false","","No collected source","",""
"50267","Vibran Princess's Tiara","Head","false","","No collected source","",""
"50268","Vibran Princess's Dress","Body","false","","No collected source","",""
"50269","Vibran Princess's Dress Gloves","Hands","false","","No collected source","",""
"50270","Vibran Princess's Bottoms","Legs","false","","No collected source","",""
"50271","Vibran Princess's Bootlets","Feet","false","","No collected source","",""
"50272","Eastern Technomask","Head","false","","No collected source","",""
"50273","Eastern Technojacket","Body","false","","No collected source","",""
"50274","Eastern Technogloves","Hands","false","","No collected source","",""
"50275","Eastern Technogaskins","Legs","false","","No collected source","",""
"50276","Eastern Technoshoes","Feet","false","","No collected source","",""
"50277","Humble Overalls","Body","false","","No collected source","",""
"50278","Humble Gloves","Hands","false","","No collected source","",""
"50279","Humble Boots","Feet","false","","No collected source","",""
"50280","Battlefield Rose's Eyeguard","Head","false","","No collected source","",""
"50281","Battlefield Rose's Coat","Body","false","","No collected source","",""
"50282","Battlefield Rose's Manicae","Hands","false","","No collected source","",""
"50283","Battlefield Rose's Tights","Legs","false","","No collected source","",""
"50284","Battlefield Rose's Sollerets","Feet","false","","No collected source","",""
"50285","Painted Eggy Eyeglasses","Head","false","offer","seasonalShop","1770996","1056070"
"50286","Party Eggy Eyeglasses","Head","false","offer","repurchaseShop","Purchase Hatching-tide Items","1017613; 1017614; 1017615; 1025913; 1025914; 1025915; 1025916; 1025917; 1025918; 1025919; 1025920; 1025921; 1025922; 1025923; 1025924"
"50287","Slim Frame Eggy Eyeglasses","Head","false","offer","seasonalShop","1770996","1056070"
"50288","Spriggan Eyeglasses","Head","false","offer","seasonalShop","1770996","1056070"
"50289","Chicken Eyeglasses","Head","false","offer","seasonalShop","1770996","1056070"
"50290","Blooming Eyeglasses","Head","false","offer","seasonalShop","1770996","1056070"
"50301","Powersuit Helm","Head","false","","No collected source","",""
"50302","Powersuit","Body","false","","No collected source","",""
"50308","The Faces We Wear - Painted Eggy Eyeglasses","Miscellany","true","offer","seasonalShop","1770996","1056070"
"50309","The Faces We Wear - Party Eggy Eyeglasses","Miscellany","true","","No collected source","",""
"50310","The Faces We Wear - Slim Frame Eggy Eyeglasses","Miscellany","true","offer","seasonalShop","1770996","1056070"
"50311","The Faces We Wear - Spriggan Eyeglasses","Miscellany","true","offer","seasonalShop","1770996","1056070"
"50312","The Faces We Wear - Chicken Eyeglasses","Miscellany","true","offer","seasonalShop","1770996","1056070"
"50313","The Faces We Wear - Blooming Eyeglasses","Miscellany","true","offer","seasonalShop","1770996","1056070"
"50451","Aunt Tii's Neotunic","Body","false","","No collected source","",""
"50452","Oversized Aunt Tii's Neotunic","Body","false","","No collected source","",""
"50453","Form-fitting Aunt Tii's Neotunic","Body","false","","No collected source","",""
"50455","The Faces We Wear - Holospecs","Miscellany","true","","No collected source","",""
"50456","The Faces We Wear - Blindfold Eyepatch (Left)","Miscellany","true","","No collected source","",""
"50457","The Faces We Wear - Blindfold Eyepatch (Right)","Miscellany","true","","No collected source","",""
"50458","The Faces We Wear - Holovisor","Miscellany","true","","No collected source","",""
"50727","Beast Herder's Circlet","Head","false","offer","repurchaseShop","Purchase Beastmaster Arms & Gear","1006004; 1006005; 1006006; 1025913; 1025914; 1025915; 1025916; 1025917; 1025918; 1025919; 1025920; 1025921; 1025922; 1025923; 1025924"
"50728","Beast Herder's Coat","Body","false","offer","repurchaseShop","Purchase Beastmaster Arms & Gear","1006004; 1006005; 1006006; 1025913; 1025914; 1025915; 1025916; 1025917; 1025918; 1025919; 1025920; 1025921; 1025922; 1025923; 1025924"
"50729","Beast Herder's Gloves","Hands","false","offer","repurchaseShop","Purchase Beastmaster Arms & Gear","1006004; 1006005; 1006006; 1025913; 1025914; 1025915; 1025916; 1025917; 1025918; 1025919; 1025920; 1025921; 1025922; 1025923; 1025924"
"50730","Beast Herder's Bottoms","Legs","false","offer","repurchaseShop","Purchase Beastmaster Arms & Gear","1006004; 1006005; 1006006; 1025913; 1025914; 1025915; 1025916; 1025917; 1025918; 1025919; 1025920; 1025921; 1025922; 1025923; 1025924"
"50731","Beast Herder's Boots","Feet","false","offer","repurchaseShop","Purchase Beastmaster Arms & Gear","1006004; 1006005; 1006006; 1025913; 1025914; 1025915; 1025916; 1025917; 1025918; 1025919; 1025920; 1025921; 1025922; 1025923; 1025924"
"50732","Beast Tender's Hand Axe","Beastmaster's Arm","false","offer","repurchaseShop","Purchase Beastmaster Arms & Gear","1006004; 1006005; 1006006; 1025913; 1025914; 1025915; 1025916; 1025917; 1025918; 1025919; 1025920; 1025921; 1025922; 1025923; 1025924"
"50733","Beast Tender's Hoplon","Shield","false","offer","repurchaseShop","Purchase Beastmaster Arms & Gear","1006004; 1006005; 1006006; 1025913; 1025914; 1025915; 1025916; 1025917; 1025918; 1025919; 1025920; 1025921; 1025922; 1025923; 1025924"
"50734","Beast Handler's Tabar","Beastmaster's Arm","false","offer","repurchaseShop","Purchase Beastmaster Arms & Gear","1006004; 1006005; 1006006; 1025913; 1025914; 1025915; 1025916; 1025917; 1025918; 1025919; 1025920; 1025921; 1025922; 1025923; 1025924"
"50735","Beast Handler's Pelta","Shield","false","offer","repurchaseShop","Purchase Beastmaster Arms & Gear","1006004; 1006005; 1006006; 1025913; 1025914; 1025915; 1025916; 1025917; 1025918; 1025919; 1025920; 1025921; 1025922; 1025923; 1025924"
"50736","Beast Whisperer's Hand Axe","Beastmaster's Arm","false","offer","repurchaseShop","Purchase Beastmaster Arms & Gear","1006004; 1006005; 1006006; 1025913; 1025914; 1025915; 1025916; 1025917; 1025918; 1025919; 1025920; 1025921; 1025922; 1025923; 1025924"
"50737","Beast Whisperer's Round Shield","Shield","false","offer","repurchaseShop","Purchase Beastmaster Arms & Gear","1006004; 1006005; 1006006; 1025913; 1025914; 1025915; 1025916; 1025917; 1025918; 1025919; 1025920; 1025921; 1025922; 1025923; 1025924"
"50738","Beast Tamer's Tabar","Beastmaster's Arm","false","offer","repurchaseShop","Purchase Beastmaster Arms & Gear","1006004; 1006005; 1006006; 1025913; 1025914; 1025915; 1025916; 1025917; 1025918; 1025919; 1025920; 1025921; 1025922; 1025923; 1025924"
"50739","Beast Tamer's Hoplon","Shield","false","offer","repurchaseShop","Purchase Beastmaster Arms & Gear","1006004; 1006005; 1006006; 1025913; 1025914; 1025915; 1025916; 1025917; 1025918; 1025919; 1025920; 1025921; 1025922; 1025923; 1025924"
"50740","Beastwarden's Hand Axe","Beastmaster's Arm","false","offer","repurchaseShop","Purchase Beastmaster Arms & Gear","1006004; 1006005; 1006006; 1025913; 1025914; 1025915; 1025916; 1025917; 1025918; 1025919; 1025920; 1025921; 1025922; 1025923; 1025924"
"50741","Beastwarden's Buckler","Shield","false","offer","repurchaseShop","Purchase Beastmaster Arms & Gear","1006004; 1006005; 1006006; 1025913; 1025914; 1025915; 1025916; 1025917; 1025918; 1025919; 1025920; 1025921; 1025922; 1025923; 1025924"
"50742","Beastmaster's Hand Axe","Beastmaster's Arm","false","offer","repurchaseShop","Purchase Beastmaster Arms & Gear","1006004; 1006005; 1006006; 1025913; 1025914; 1025915; 1025916; 1025917; 1025918; 1025919; 1025920; 1025921; 1025922; 1025923; 1025924"
"50743","Beastmaster's Hoplon","Shield","false","offer","repurchaseShop","Purchase Beastmaster Arms & Gear","1006004; 1006005; 1006006; 1025913; 1025914; 1025915; 1025916; 1025917; 1025918; 1025919; 1025920; 1025921; 1025922; 1025923; 1025924"
"50744","Beastmaster's Horns","Head","false","offer","repurchaseShop","Purchase Beastmaster Arms & Gear","1006004; 1006005; 1006006; 1025913; 1025914; 1025915; 1025916; 1025917; 1025918; 1025919; 1025920; 1025921; 1025922; 1025923; 1025924"
"50745","Beastmaster's Furs","Body","false","offer","repurchaseShop","Purchase Beastmaster Arms & Gear","1006004; 1006005; 1006006; 1025913; 1025914; 1025915; 1025916; 1025917; 1025918; 1025919; 1025920; 1025921; 1025922; 1025923; 1025924"
"50746","Beastmaster's Armguards","Hands","false","offer","repurchaseShop","Purchase Beastmaster Arms & Gear","1006004; 1006005; 1006006; 1025913; 1025914; 1025915; 1025916; 1025917; 1025918; 1025919; 1025920; 1025921; 1025922; 1025923; 1025924"
"50747","Beastmaster's Slops","Legs","false","offer","repurchaseShop","Purchase Beastmaster Arms & Gear","1006004; 1006005; 1006006; 1025913; 1025914; 1025915; 1025916; 1025917; 1025918; 1025919; 1025920; 1025921; 1025922; 1025923; 1025924"
"50748","Beastmaster's Boots","Feet","false","offer","repurchaseShop","Purchase Beastmaster Arms & Gear","1006004; 1006005; 1006006; 1025913; 1025914; 1025915; 1025916; 1025917; 1025918; 1025919; 1025920; 1025921; 1025922; 1025923; 1025924"
"50749","Beastmaster's Hand Axe +1","Beastmaster's Arm","false","offer","vendorWithoutPosition","Bright Remnants of Resilience","1059408"
"50750","Beastmaster's Hoplon +1","Shield","false","offer","vendorWithoutPosition","Bright Remnants of Resilience","1059408"
"50751","Beastmaster's Horns +1","Head","false","offer","vendorWithoutPosition","Bright Remnants of Resilience","1059408"
"50752","Beastmaster's Furs +1","Body","false","offer","vendorWithoutPosition","Bright Remnants of Resilience","1059408"
"50753","Beastmaster's Armguards +1","Hands","false","offer","vendorWithoutPosition","Bright Remnants of Resilience","1059408"
"50754","Beastmaster's Slops +1","Legs","false","offer","vendorWithoutPosition","Bright Remnants of Resilience","1059408"
"50755","Beastmaster's Boots +1","Feet","false","offer","vendorWithoutPosition","Bright Remnants of Resilience","1059408"
"50756","Beastmaster's Hand Axe +2","Beastmaster's Arm","false","offer","vendorWithoutPosition","Bright Remnants of Resilience","1059408"
"50757","Beastmaster's Hoplon +2","Shield","false","offer","vendorWithoutPosition","Bright Remnants of Resilience","1059408"
"50758","Beastmaster's Horns +2","Head","false","offer","vendorWithoutPosition","Bright Remnants of Resilience","1059408"
"50759","Beastmaster's Furs +2","Body","false","offer","vendorWithoutPosition","Bright Remnants of Resilience","1059408"
"50760","Beastmaster's Armguards +2","Hands","false","offer","vendorWithoutPosition","Bright Remnants of Resilience","1059408"
"50761","Beastmaster's Slops +2","Legs","false","offer","vendorWithoutPosition","Bright Remnants of Resilience","1059408"
"50762","Beastmaster's Boots +2","Feet","false","offer","vendorWithoutPosition","Bright Remnants of Resilience","1059408"
"50763","Beastmaster's Hand Axe +3","Beastmaster's Arm","false","offer","vendorWithoutPosition","Bright Remnants of Resilience","1059408"
"50764","Beastmaster's Hoplon +3","Shield","false","offer","vendorWithoutPosition","Bright Remnants of Resilience","1059408"
"50765","Beastmaster's Horns +3","Head","false","offer","vendorWithoutPosition","Bright Remnants of Resilience","1059408"
"50766","Beastmaster's Furs +3","Body","false","offer","vendorWithoutPosition","Bright Remnants of Resilience","1059408"
"50767","Beastmaster's Armguards +3","Hands","false","offer","vendorWithoutPosition","Bright Remnants of Resilience","1059408"
"50768","Beastmaster's Slops +3","Legs","false","offer","vendorWithoutPosition","Bright Remnants of Resilience","1059408"
"50769","Beastmaster's Boots +3","Feet","false","offer","vendorWithoutPosition","Bright Remnants of Resilience","1059408"
"50770","Beastmaster's Hand Axe +4","Beastmaster's Arm","false","offer","vendorWithoutPosition","Bright Remnants of Resilience","1059408"
"50771","Beastmaster's Hoplon +4","Shield","false","offer","vendorWithoutPosition","Bright Remnants of Resilience","1059408"
"50772","Beastmaster's Horns +4","Head","false","offer","vendorWithoutPosition","Bright Remnants of Resilience","1059408"
"50773","Beastmaster's Furs +4","Body","false","offer","vendorWithoutPosition","Bright Remnants of Resilience","1059408"
"50774","Beastmaster's Armguards +4","Hands","false","offer","vendorWithoutPosition","Bright Remnants of Resilience","1059408"
"50775","Beastmaster's Slops +4","Legs","false","offer","vendorWithoutPosition","Bright Remnants of Resilience","1059408"
"50776","Beastmaster's Boots +4","Feet","false","offer","vendorWithoutPosition","Bright Remnants of Resilience","1059408"
"50777","Guttler","Beastmaster's Arm","false","offer","vendorWithoutPosition","Bright Remnants of Resilience","1059408"
"50778","Kornago Hoplon","Shield","false","offer","vendorWithoutPosition","Bright Remnants of Resilience","1059408"
"50811","Alpha Wolf Crown","Head","false","offer","vendorWithoutPosition","コメンデーションクリスタルの取引",""
"50812","Alpha Wolf Coat","Body","false","offer","vendorWithoutPosition","コメンデーションクリスタルの取引",""
"50813","Alpha Wolf Gauntlets","Hands","false","offer","vendorWithoutPosition","コメンデーションクリスタルの取引",""
"50814","Alpha Wolf Breeches","Legs","false","offer","vendorWithoutPosition","コメンデーションクリスタルの取引",""
"50815","Alpha Wolf Boots","Feet","false","offer","vendorWithoutPosition","コメンデーションクリスタルの取引",""
"50816","Alpha Wolf Earrings","Earrings","false","offer","vendorWithoutPosition","コメンデーションクリスタルの取引",""
"50817","Alpha Wolf Choker","Necklace","false","offer","vendorWithoutPosition","コメンデーションクリスタルの取引",""
"50818","Alpha Wolf Bracelets","Bracelets","false","offer","vendorWithoutPosition","コメンデーションクリスタルの取引",""
"50819","Alpha Wolf Ring","Ring","false","offer","vendorWithoutPosition","コメンデーションクリスタルの取引",""
"50820","Eagleclaw Crown","Head","false","offer","vendorWithoutPosition","コメンデーションクリスタルの取引",""
"50821","Eagleclaw Coat","Body","false","offer","vendorWithoutPosition","コメンデーションクリスタルの取引",""
"50848","Oversized Ulala Neotunic","Body","false","offer","seasonalShop","1770995","1056477"
"50849","Oversized Masha Neotunic","Body","false","offer","seasonalShop","1770995","1056477"
"50850","Oversized Narumi Neotunic","Body","false","offer","seasonalShop","1770995","1056477"
"50851","Oversized Picot Neotunic","Body","false","offer","seasonalShop","1770995","1056477"
"50853","Vana'dielian Coronet of Fending","Head","false","","No collected source","",""
"50854","Vana'dielian Surcoat of Fending","Body","false","","No collected source","",""
"50855","Vana'dielian Gauntlets of Fending","Hands","false","","No collected source","",""
"50856","Vana'dielian Breeches of Fending","Legs","false","","No collected source","",""
"50857","Vana'dielian Sollerets of Fending","Feet","false","","No collected source","",""
"50858","Vana'dielian Coronet of Maiming","Head","false","","No collected source","",""
"50859","Vana'dielian Surcoat of Maiming","Body","false","","No collected source","",""
"50860","Vana'dielian Gauntlets of Maiming","Hands","false","","No collected source","",""
"50861","Vana'dielian Breeches of Maiming","Legs","false","","No collected source","",""
"50862","Vana'dielian Sollerets of Maiming","Feet","false","","No collected source","",""
"50863","Vana'dielian Crown of Striking","Head","false","","No collected source","",""
"50864","Vana'dielian Cyclas of Striking","Body","false","","No collected source","",""
"50865","Vana'dielian Gloves of Striking","Hands","false","","No collected source","",""
"50866","Vana'dielian Halfslops of Striking","Legs","false","","No collected source","",""
"50867","Vana'dielian Gaiters of Striking","Feet","false","","No collected source","",""
"50868","Vana'dielian Bonnet of Aiming","Head","false","","No collected source","",""
"50869","Vana'dielian Vest of Aiming","Body","false","","No collected source","",""
"50870","Vana'dielian Armlets of Aiming","Hands","false","","No collected source","",""
"50871","Vana'dielian Culottes of Aiming","Legs","false","","No collected source","",""
"50872","Vana'dielian Poulaines of Aiming","Feet","false","","No collected source","",""
"50873","Vana'dielian Bonnet of Scouting","Head","false","","No collected source","",""
"50874","Vana'dielian Vest of Scouting","Body","false","","No collected source","",""
"50875","Vana'dielian Armlets of Scouting","Hands","false","","No collected source","",""
"50876","Vana'dielian Culottes of Scouting","Legs","false","","No collected source","",""
"50877","Vana'dielian Poulaines of Scouting","Feet","false","","No collected source","",""
"50878","Vana'dielian Chapeau of Healing","Head","false","","No collected source","",""
"50879","Vana'dielian Tabard of Healing","Body","false","","No collected source","",""
"50880","Vana'dielian Gloves of Healing","Hands","false","","No collected source","",""
"50881","Vana'dielian Tights of Healing","Legs","false","","No collected source","",""
"50882","Vana'dielian Shoes of Healing","Feet","false","","No collected source","",""
"50883","Vana'dielian Chapeau of Casting","Head","false","","No collected source","",""
"50884","Vana'dielian Tabard of Casting","Body","false","","No collected source","",""
"50885","Vana'dielian Gloves of Casting","Hands","false","","No collected source","",""
"50886","Vana'dielian Tights of Casting","Legs","false","","No collected source","",""
"50887","Vana'dielian Shoes of Casting","Feet","false","","No collected source","",""
"50915","Praemagitek Visor of Fending","Head","false","","No collected source","",""
"50916","Praemagitek Cuirass of Fending","Body","false","","No collected source","",""
"50917","Praemagitek Gauntlets of Fending","Hands","false","","No collected source","",""
"50918","Praemagitek Brais of Fending","Legs","false","","No collected source","",""
"50919","Praemagitek Sabatons of Fending","Feet","false","","No collected source","",""
"50920","Praemagitek Visor of Maiming","Head","false","","No collected source","",""
"50921","Praemagitek Cuirass of Maiming","Body","false","","No collected source","",""
"50922","Praemagitek Gauntlets of Maiming","Hands","false","","No collected source","",""
"50923","Praemagitek Brais of Maiming","Legs","false","","No collected source","",""
"50924","Praemagitek Sabatons of Maiming","Feet","false","","No collected source","",""
"50925","Praemagitek Hood of Striking","Head","false","","No collected source","",""
"50926","Praemagitek Top of Striking","Body","false","","No collected source","",""
"50927","Praemagitek Halfgloves of Striking","Hands","false","","No collected source","",""
"50928","Praemagitek Kecks of Striking","Legs","false","","No collected source","",""
"50929","Praemagitek Boots of Striking","Feet","false","","No collected source","",""
"50930","Praemagitek Hood of Aiming","Head","false","","No collected source","",""
"50931","Praemagitek Top of Aiming","Body","false","","No collected source","",""
"50932","Praemagitek Gloves of Aiming","Hands","false","","No collected source","",""
"50933","Praemagitek Kecks of Aiming","Legs","false","","No collected source","",""
"50934","Praemagitek Boots of Aiming","Feet","false","","No collected source","",""
"50935","Praemagitek Hood of Scouting","Head","false","","No collected source","",""
"50936","Praemagitek Top of Scouting","Body","false","","No collected source","",""
"50937","Praemagitek Halfgloves of Scouting","Hands","false","","No collected source","",""
"50938","Praemagitek Kecks of Scouting","Legs","false","","No collected source","",""
"50939","Praemagitek Boots of Scouting","Feet","false","","No collected source","",""
"50940","Praemagitek Hat of Healing","Head","false","","No collected source","",""
"50941","Praemagitek Coat of Healing","Body","false","","No collected source","",""
"50942","Praemagitek Claws of Healing","Hands","false","","No collected source","",""
"50943","Praemagitek Skirt of Healing","Legs","false","","No collected source","",""
"50944","Praemagitek Shoes of Healing","Feet","false","","No collected source","",""
"50945","Praemagitek Hat of Casting","Head","false","","No collected source","",""
"50946","Praemagitek Coat of Casting","Body","false","","No collected source","",""
"50947","Praemagitek Claws of Casting","Hands","false","","No collected source","",""
"50948","Praemagitek Skirt of Casting","Legs","false","","No collected source","",""
"50949","Praemagitek Shoes of Casting","Feet","false","","No collected source","",""
"50950","Praemagitek Earrings of Fending","Earrings","false","","No collected source","",""
"50951","Praemagitek Earrings of Slaying","Earrings","false","","No collected source","",""
"50952","Praemagitek Earrings of Aiming","Earrings","false","","No collected source","",""
"50953","Praemagitek Earrings of Healing","Earrings","false","","No collected source","",""
"50954","Praemagitek Earrings of Casting","Earrings","false","","No collected source","",""
"50955","Praemagitek Necklace of Fending","Necklace","false","","No collected source","",""
"50956","Praemagitek Necklace of Slaying","Necklace","false","","No collected source","",""
"50957","Praemagitek Necklace of Aiming","Necklace","false","","No collected source","",""
"50958","Praemagitek Necklace of Healing","Necklace","false","","No collected source","",""
"50959","Praemagitek Necklace of Casting","Necklace","false","","No collected source","",""
"50960","Praemagitek Bracelet of Fending","Bracelets","false","","No collected source","",""
"50961","Praemagitek Bracelet of Slaying","Bracelets","false","","No collected source","",""
"50962","Praemagitek Bracelet of Aiming","Bracelets","false","","No collected source","",""
"50963","Praemagitek Bracelet of Healing","Bracelets","false","","No collected source","",""
"50964","Praemagitek Bracelet of Casting","Bracelets","false","","No collected source","",""
"50965","Praemagitek Ring of Fending","Ring","false","","No collected source","",""
"50966","Praemagitek Ring of Slaying","Ring","false","","No collected source","",""
"50967","Praemagitek Ring of Aiming","Ring","false","","No collected source","",""
"50968","Praemagitek Ring of Healing","Ring","false","","No collected source","",""
"50969","Praemagitek Ring of Casting","Ring","false","","No collected source","",""
"51736","Beastliege's Hand Axe","Beastmaster's Arm","false","offer","vendorWithoutPosition","Achievement Rewards","1059408"
"51737","Beastliege's Hoplon","Shield","false","offer","vendorWithoutPosition","Achievement Rewards","1059408"
"51739","Guttler Unleashed","Beastmaster's Arm","false","offer","vendorWithoutPosition","Achievement Rewards","1059408"
"51740","Augmented Kornago Hoplon","Shield","false","offer","vendorWithoutPosition","Achievement Rewards","1059408"
"51745","Beastmaster's Earrings","Earrings","false","offer","vendorWithoutPosition","Achievement Rewards","1059408"
"51748","The Faces We Wear - Teardrop Glasses","Miscellany","true","offer","vendorWithoutPosition","Faded Remnants of Resilience","1059408"
"51756","Hypersaw v1.1","Carpenter's Primary Tool","false","","No collected source","",""
"51757","Cross-pein Hyperhammer v1.1","Blacksmith's Primary Tool","false","","No collected source","",""
"51758","Raising Hyperhammer v1.1","Armorer's Primary Tool","false","","No collected source","",""
"51759","Hypermallet v1.1","Goldsmith's Primary Tool","false","","No collected source","",""
"51760","Round Hyperknife v1.1","Leatherworker's Primary Tool","false","","No collected source","",""
"51761","Hyperneedle v1.1","Weaver's Primary Tool","false","","No collected source","",""
"51762","Hyperalembic v1.1","Alchemist's Primary Tool","false","","No collected source","",""
"51763","Hyperfrypan v1.1","Culinarian's Primary Tool","false","","No collected source","",""
"51764","Hyperpickaxe v1.1","Miner's Primary Tool","false","","No collected source","",""
"51765","Hyperhatchet v1.1","Botanist's Primary Tool","false","","No collected source","",""
"51766","Fishing Hyperrod v1.1","Fisher's Primary Tool","false","","No collected source","",""
"51767","Hypersaw v1.2","Carpenter's Primary Tool","false","","No collected source","",""
"51768","Cross-pein Hyperhammer v1.2","Blacksmith's Primary Tool","false","","No collected source","",""
"51769","Raising Hyperhammer v1.2","Armorer's Primary Tool","false","","No collected source","",""
"51770","Hypermallet v1.2","Goldsmith's Primary Tool","false","","No collected source","",""
"51771","Round Hyperknife v1.2","Leatherworker's Primary Tool","false","","No collected source","",""
"51772","Hyperneedle v1.2","Weaver's Primary Tool","false","","No collected source","",""
"51773","Hyperalembic v1.2","Alchemist's Primary Tool","false","","No collected source","",""
"51774","Hyperfrypan v1.2","Culinarian's Primary Tool","false","","No collected source","",""
"51775","Hyperpickaxe v1.2","Miner's Primary Tool","false","","No collected source","",""
"51776","Hyperhatchet v1.2","Botanist's Primary Tool","false","","No collected source","",""
"51777","Fishing Hyperrod v1.2","Fisher's Primary Tool","false","","No collected source","",""
"51952","Tule Tunic","Body","false","offer","vendorWithoutPosition","Enlightenment Silver Obol Exchange (Other); Arcane Amulet Exchange","1059485"
"51953","Tule Halfgloves","Hands","false","offer","vendorWithoutPosition","Enlightenment Silver Obol Exchange (Other); Arcane Amulet Exchange","1059485"
"51954","Tule Trousers","Legs","false","offer","vendorWithoutPosition","Enlightenment Silver Obol Exchange (Other); Arcane Amulet Exchange","1059485"
"51955","Tule Longboots","Feet","false","offer","vendorWithoutPosition","Enlightenment Silver Obol Exchange (Other); Arcane Amulet Exchange","1059485"
"51957","Torna Tunic","Body","false","offer","vendorWithoutPosition","Enlightenment Gold Obol Exchange; Arcane Amulet Exchange","1059485"
"51958","Torna Wristlets","Hands","false","offer","vendorWithoutPosition","Enlightenment Gold Obol Exchange; Arcane Amulet Exchange","1059485"
"51960","Torna Boots","Feet","false","offer","vendorWithoutPosition","Enlightenment Gold Obol Exchange; Arcane Amulet Exchange","1059485"
"51961","Carwen Bandana","Head","false","offer","vendorWithoutPosition","Enlightenment Gold Obol Exchange; Arcane Amulet Exchange","1059485"
"51962","Carwen Tunic","Body","false","offer","vendorWithoutPosition","Enlightenment Gold Obol Exchange; Arcane Amulet Exchange","1059485"
"51963","Carwen Armlets","Hands","false","offer","vendorWithoutPosition","Enlightenment Gold Obol Exchange; Arcane Amulet Exchange","1059485"
"51964","Carwen Tights","Legs","false","offer","vendorWithoutPosition","Enlightenment Gold Obol Exchange; Arcane Amulet Exchange","1059485"
"51965","Carwen Boots","Feet","false","offer","vendorWithoutPosition","Enlightenment Gold Obol Exchange; Arcane Amulet Exchange","1059485"
"52299","Palazzo Diamond Sword","Gladiator's Arm","false","offer","tokenWithoutDuty","Totem Gear (Kefka)","1049080"
"52300","Palazzo Diamond Knuckles","Pugilist's Arm","false","offer","tokenWithoutDuty","Totem Gear (Kefka)","1049080"
"52301","Palazzo Diamond Axe","Marauder's Arm","false","offer","tokenWithoutDuty","Totem Gear (Kefka)","1049080"
"52302","Palazzo Diamond Halberd","Lancer's Arm","false","offer","tokenWithoutDuty","Totem Gear (Kefka)","1049080"
"52303","Palazzo Diamond Bow","Archer's Arm","false","offer","tokenWithoutDuty","Totem Gear (Kefka)","1049080"
"52304","Palazzo Diamond Cane","Two–handed Conjurer's Arm","false","offer","tokenWithoutDuty","Totem Gear (Kefka)","1049080"
"52305","Palazzo Diamond Rod","Two–handed Thaumaturge's Arm","false","offer","tokenWithoutDuty","Totem Gear (Kefka)","1049080"
"52306","Palazzo Diamond Grimoire","Arcanist's Grimoire","false","offer","tokenWithoutDuty","Totem Gear (Kefka)","1049080"
"52307","Palazzo Diamond Codex","Scholar's Arm","false","offer","tokenWithoutDuty","Totem Gear (Kefka)","1049080"
"52308","Palazzo Diamond Daggers","Rogue's Arm","false","offer","tokenWithoutDuty","Totem Gear (Kefka)","1049080"
"52309","Palazzo Diamond Greatsword","Dark Knight's Arm","false","offer","tokenWithoutDuty","Totem Gear (Kefka)","1049080"
"52310","Palazzo Diamond Musketoon","Machinist's Arm","false","offer","tokenWithoutDuty","Totem Gear (Kefka)","1049080"
"52311","Palazzo Diamond Sextant","Astrologian's Arm","false","offer","tokenWithoutDuty","Totem Gear (Kefka)","1049080"
"52312","Palazzo Diamond Katana","Samurai's Arm","false","offer","tokenWithoutDuty","Totem Gear (Kefka)","1049080"
"52313","Palazzo Diamond Tuck","Red Mage's Arm","false","offer","tokenWithoutDuty","Totem Gear (Kefka)","1049080"
"52314","Palazzo Diamond Bayonet","Gunbreaker's Arm","false","offer","tokenWithoutDuty","Totem Gear (Kefka)","1049080"
"52315","Palazzo Diamond Chakrams","Dancer's Arm","false","offer","tokenWithoutDuty","Totem Gear (Kefka)","1049080"
"52316","Palazzo Diamond War Scythe","Reaper's Arm","false","offer","tokenWithoutDuty","Totem Gear (Kefka)","1049080"
"52317","Palazzo Diamond Wings","Sage's Arm","false","offer","tokenWithoutDuty","Totem Gear (Kefka)","1049080"
"52318","Palazzo Diamond Saberfangs","Viper's Arm","false","offer","tokenWithoutDuty","Totem Gear (Kefka)","1049080"
"52319","Palazzo Diamond Fan Brush","Pictomancer's Arm","false","offer","tokenWithoutDuty","Totem Gear (Kefka)","1049080"
"52320","Palazzo Diamond Shield","Shield","false","offer","tokenWithoutDuty","Totem Gear (Kefka)","1049080"
"52323","Avalanche Brawler's Top","Body","false","offer","seasonalShop","1771021","1058753"
"52324","Avalanche Brawler's Halfgloves","Hands","false","offer","seasonalShop","1771021","1058753"
"52325","Avalanche Brawler's Bottoms","Legs","false","offer","seasonalShop","1771021","1058753"
"52326","Avalanche Brawler's Boots","Feet","false","offer","seasonalShop","1771021","1058753"
"52327","Avalanche Brawler's Earring","Earrings","false","offer","seasonalShop","1771021","1058753"
"52328","Avalanche Leader's Sunglasses","Head","false","offer","seasonalShop","1771021","1058753"
"52329","Avalanche Leader's Vest","Body","false","offer","seasonalShop","1771021","1058753"
"52330","Avalanche Leader's Halfgloves","Hands","false","offer","seasonalShop","1771021","1058753"
"52331","Avalanche Leader's Cargo Trousers","Legs","false","offer","seasonalShop","1771021","1058753"
"52332","Avalanche Leader's Boots","Feet","false","offer","seasonalShop","1771021","1058753"
"52387","Shadowhound Helm","Head","false","offer","vendorWithoutPosition","コメンデーションクリスタルの取引",""
"52388","Shadowhound Armor","Body","false","offer","vendorWithoutPosition","コメンデーションクリスタルの取引",""
"52389","Shadowhound Gauntlets","Hands","false","offer","vendorWithoutPosition","コメンデーションクリスタルの取引",""
"52390","Shadowhound Cuisses","Legs","false","offer","vendorWithoutPosition","コメンデーションクリスタルの取引",""
"52391","Shadowhound Sabatons","Feet","false","offer","vendorWithoutPosition","コメンデーションクリスタルの取引",""
"52392","Black Shuck Helm","Head","false","offer","vendorWithoutPosition","コメンデーションクリスタルの取引",""
"52393","Black Shuck Armor","Body","false","offer","vendorWithoutPosition","コメンデーションクリスタルの取引",""
"52394","Black Shuck Gauntlets","Hands","false","offer","vendorWithoutPosition","コメンデーションクリスタルの取引",""
"52395","Black Shuck Cuisses","Legs","false","offer","vendorWithoutPosition","コメンデーションクリスタルの取引",""
"52396","Black Shuck Sabatons","Feet","false","offer","vendorWithoutPosition","コメンデーションクリスタルの取引",""
"52397","Rule-breaker's Visor","Head","false","","No collected source","",""
"52398","Rule-breaker's Vest","Body","false","","No collected source","",""
"52399","Rule-breaker's Gloves","Hands","false","","No collected source","",""
"52400","Rule-breaker's Bottoms","Legs","false","","No collected source","",""
"52401","Rule-breaker's Boots","Feet","false","","No collected source","",""
"52402","Grisly Bear Head","Head","false","","No collected source","",""
"52403","Grisly Bear Suit","Body","false","","No collected source","",""
"52409","Yozakura's Joi","Body","false","","No collected source","",""
"52410","Yozakura's Gloves","Hands","false","","No collected source","",""
"52411","Yozakura's Kyakui","Legs","false","","No collected source","",""
"52412","Yozakura's Zori","Feet","false","","No collected source","",""
"52413","Alternative Leather Ribbon","Head","false","","No collected source","",""
"52414","Alternative Ruffled Dress","Body","false","","No collected source","",""
"52415","Alternative False Nails","Hands","false","","No collected source","",""
"52416","Alternative Bloomers","Legs","false","","No collected source","",""
"52417","Alternative Boots","Feet","false","","No collected source","",""
"52424","Cosmic Operator's Cap","Head","false","","No collected source","",""
"52425","Cosmic Operator's Coveralls","Body","false","","No collected source","",""
"52426","Cosmic Operator's Gloves","Hands","false","","No collected source","",""
"52427","Cosmic Operator's Boots","Feet","false","","No collected source","",""
"52428","Successor's Hood","Head","false","offer","repurchaseShop","Purchase Quest Rewards II","1025913; 1025914; 1025915; 1025916; 1025917; 1025918; 1025919; 1025920; 1025921; 1025922; 1025923; 1025924; 1006004; 1006005; 1006006"
"52429","Successor's Tunic","Body","false","offer","repurchaseShop","Purchase Quest Rewards II","1025913; 1025914; 1025915; 1025916; 1025917; 1025918; 1025919; 1025920; 1025921; 1025922; 1025923; 1025924; 1006004; 1006005; 1006006"
"52430","Successor's Fingerless Gloves","Hands","false","offer","repurchaseShop","Purchase Quest Rewards II","1025913; 1025914; 1025915; 1025916; 1025917; 1025918; 1025919; 1025920; 1025921; 1025922; 1025923; 1025924; 1006004; 1006005; 1006006"
"52431","Successor's Breeches","Legs","false","offer","repurchaseShop","Purchase Quest Rewards II","1025913; 1025914; 1025915; 1025916; 1025917; 1025918; 1025919; 1025920; 1025921; 1025922; 1025923; 1025924; 1006004; 1006005; 1006006"
"52432","Successor's Highboots","Feet","false","offer","repurchaseShop","Purchase Quest Rewards II","1025913; 1025914; 1025915; 1025916; 1025917; 1025918; 1025919; 1025920; 1025921; 1025922; 1025923; 1025924; 1006004; 1006005; 1006006"
"52433","Graffiti Neotunic","Body","false","","No collected source","",""
"52434","Oversized Graffiti Neotunic","Body","false","","No collected source","",""
"52435","Form-fitting Graffiti Neotunic","Body","false","","No collected source","",""
"52436","Festival Neotunic","Body","false","","No collected source","",""
"52437","Oversized Festival Neotunic","Body","false","","No collected source","",""
"52438","Form-fitting Festival Neotunic","Body","false","","No collected source","",""
"52439","Halone's Earring","Earrings","false","","No collected source","",""
"52441","The Faces We Wear - Simple Oval Spectacles","Miscellany","true","offer","vendorWithoutPosition","Arcane Amulet Exchange","1059485"
"52442","The Faces We Wear - Sash Blinder (Left)","Miscellany","true","","No collected source","",""
"52443","The Faces We Wear - Sash Blinder (Right)","Miscellany","true","","No collected source","",""
"52444","The Faces We Wear - Studded Eyepatch (Left)","Miscellany","true","","No collected source","",""
"52445","The Faces We Wear - Studded Eyepatch (Right)","Miscellany","true","","No collected source","",""
"52446","The Faces We Wear - Antique Monocle","Miscellany","true","offer","vendorWithoutPosition","Faded Remnants of Resilience","1059408"
"52447","The Faces We Wear - Thick-rimmed Goggles","Miscellany","true","","No collected source","",""
"52448","The Faces We Wear - Half-rim Spectacles","Miscellany","true","","No collected source","",""
"52449","The Faces We Wear - Wrap-around Sunglasses","Miscellany","true","","No collected source","",""
"52582","Phantom Philleter","Culinarian's Secondary Tool","false","offer","repurchaseShop","Purchase Quest Rewards II","1025913; 1025914; 1025915; 1025916; 1025917; 1025918; 1025919; 1025920; 1025921; 1025922; 1025923; 1025924; 1006004; 1006005; 1006006"
"52634","Tradewinds Tunic","Body","false","offer","repurchaseShop","Purchase Quest Rewards II","1025913; 1025914; 1025915; 1025916; 1025917; 1025918; 1025919; 1025920; 1025921; 1025922; 1025923; 1025924; 1006004; 1006005; 1006006"
"52635","Tradewinds Wristgloves","Hands","false","offer","repurchaseShop","Purchase Quest Rewards II","1025913; 1025914; 1025915; 1025916; 1025917; 1025918; 1025919; 1025920; 1025921; 1025922; 1025923; 1025924; 1006004; 1006005; 1006006"
"52636","Tradewinds Gaskins","Legs","false","offer","repurchaseShop","Purchase Quest Rewards II","1025913; 1025914; 1025915; 1025916; 1025917; 1025918; 1025919; 1025920; 1025921; 1025922; 1025923; 1025924; 1006004; 1006005; 1006006"
"52637","Tradewinds Shoes","Feet","false","offer","repurchaseShop","Purchase Quest Rewards II","1025913; 1025914; 1025915; 1025916; 1025917; 1025918; 1025919; 1025920; 1025921; 1025922; 1025923; 1025924; 1006004; 1006005; 1006006"
"52647","Avalanche Leader's Earring","Earrings","false","offer","seasonalShop","1771021","1058753"
"52656","Zero's Luminary Mail","Body","false","","No collected source","",""
"52657","Zero's Luminary Gauntlets","Hands","false","","No collected source","",""
"52658","Zero's Luminary Breeches","Legs","false","","No collected source","",""
"52659","Zero's Luminary Sollerets ","Feet","false","","No collected source","",""
